locus_tag	ftype	length_bp	gene	EC_number	COG	product
BEAMACEP_00001	CDS	117				hypothetical protein
BEAMACEP_00002	CDS	93				hypothetical protein
BEAMACEP_00003	CDS	93				hypothetical protein
BEAMACEP_00004	CDS	135				hypothetical protein
BEAMACEP_00005	CDS	93				hypothetical protein
BEAMACEP_00006	CDS	93				hypothetical protein
BEAMACEP_00007	CDS	117				hypothetical protein
BEAMACEP_00008	CDS	132				hypothetical protein
BEAMACEP_00009	CDS	138				hypothetical protein
BEAMACEP_00010	CDS	144				hypothetical protein
BEAMACEP_00011	CDS	93				hypothetical protein
BEAMACEP_00012	CDS	93				hypothetical protein
BEAMACEP_00013	CDS	93				hypothetical protein
BEAMACEP_00014	CDS	93				hypothetical protein
BEAMACEP_00015	CDS	105				hypothetical protein
BEAMACEP_00016	CDS	96				hypothetical protein
BEAMACEP_00017	CDS	96				hypothetical protein
BEAMACEP_00018	CDS	138				hypothetical protein
BEAMACEP_00019	CDS	132				hypothetical protein
BEAMACEP_00020	CDS	117				hypothetical protein
BEAMACEP_00021	CDS	102				hypothetical protein
BEAMACEP_00022	CDS	132				hypothetical protein
BEAMACEP_00023	CDS	117				hypothetical protein
BEAMACEP_00024	CDS	150				hypothetical protein
BEAMACEP_00025	CDS	117				hypothetical protein
BEAMACEP_00026	CDS	129				hypothetical protein
BEAMACEP_00027	CDS	93				hypothetical protein
BEAMACEP_00028	CDS	120				hypothetical protein
BEAMACEP_00029	CDS	129				hypothetical protein
BEAMACEP_00030	CDS	129				hypothetical protein
BEAMACEP_00031	CDS	93				hypothetical protein
BEAMACEP_00032	CDS	96				hypothetical protein
BEAMACEP_00033	CDS	96				hypothetical protein
BEAMACEP_00034	CDS	117				hypothetical protein
BEAMACEP_00035	CDS	117				hypothetical protein
BEAMACEP_00036	CDS	96				hypothetical protein
BEAMACEP_00037	CDS	138				hypothetical protein
BEAMACEP_00038	CDS	132				hypothetical protein
BEAMACEP_00039	CDS	105				hypothetical protein
BEAMACEP_00040	CDS	195				hypothetical protein
BEAMACEP_00041	CDS	93				hypothetical protein
BEAMACEP_00042	CDS	138				hypothetical protein
BEAMACEP_00043	CDS	129				hypothetical protein
BEAMACEP_00044	CDS	93				hypothetical protein
BEAMACEP_00045	CDS	96				hypothetical protein
BEAMACEP_00046	CDS	93				hypothetical protein
BEAMACEP_00047	CDS	93				hypothetical protein
BEAMACEP_00048	CDS	117				hypothetical protein
BEAMACEP_00049	CDS	132				hypothetical protein
BEAMACEP_00050	CDS	147				hypothetical protein
BEAMACEP_00051	CDS	147				hypothetical protein
BEAMACEP_00052	CDS	120				hypothetical protein
BEAMACEP_00053	CDS	93				hypothetical protein
BEAMACEP_00054	CDS	93				hypothetical protein
BEAMACEP_00055	CDS	138				hypothetical protein
BEAMACEP_00056	CDS	96				hypothetical protein
BEAMACEP_00057	CDS	93				hypothetical protein
BEAMACEP_00058	CDS	138				hypothetical protein
BEAMACEP_00059	CDS	180				hypothetical protein
BEAMACEP_00060	CDS	96				hypothetical protein
BEAMACEP_00061	CDS	225				hypothetical protein
BEAMACEP_00062	CDS	93				hypothetical protein
BEAMACEP_00063	CDS	93				hypothetical protein
BEAMACEP_00064	CDS	96				hypothetical protein
BEAMACEP_00065	CDS	93				hypothetical protein
BEAMACEP_00066	CDS	147				hypothetical protein
BEAMACEP_00067	CDS	96				hypothetical protein
BEAMACEP_00068	CDS	90				hypothetical protein
BEAMACEP_00069	CDS	135				hypothetical protein
BEAMACEP_00070	CDS	222				hypothetical protein
BEAMACEP_00071	CDS	129				hypothetical protein
BEAMACEP_00072	CDS	216				hypothetical protein
BEAMACEP_00073	CDS	93				hypothetical protein
BEAMACEP_00074	CDS	135				hypothetical protein
BEAMACEP_00075	CDS	93				hypothetical protein
BEAMACEP_00076	CDS	96				hypothetical protein
BEAMACEP_00077	CDS	129				hypothetical protein
BEAMACEP_00078	CDS	93				hypothetical protein
BEAMACEP_00079	CDS	126				hypothetical protein
BEAMACEP_00080	CDS	93				hypothetical protein
BEAMACEP_00081	CDS	93				hypothetical protein
BEAMACEP_00082	CDS	93				hypothetical protein
BEAMACEP_00083	CDS	93				hypothetical protein
BEAMACEP_00084	CDS	96				hypothetical protein
BEAMACEP_00085	CDS	102				hypothetical protein
BEAMACEP_00086	CDS	135				hypothetical protein
BEAMACEP_00087	CDS	129				hypothetical protein
BEAMACEP_00088	CDS	225				hypothetical protein
BEAMACEP_00089	CDS	114				hypothetical protein
BEAMACEP_00090	CDS	219				hypothetical protein
BEAMACEP_00091	CDS	93				hypothetical protein
BEAMACEP_00092	CDS	225				hypothetical protein
BEAMACEP_00093	CDS	138				hypothetical protein
BEAMACEP_00094	CDS	96				hypothetical protein
BEAMACEP_00095	CDS	138				hypothetical protein
BEAMACEP_00096	CDS	93				hypothetical protein
BEAMACEP_00097	CDS	120				hypothetical protein
BEAMACEP_00098	CDS	129				hypothetical protein
BEAMACEP_00099	CDS	138				hypothetical protein
BEAMACEP_00100	CDS	120				hypothetical protein
BEAMACEP_00101	CDS	93				hypothetical protein
BEAMACEP_00102	CDS	159				hypothetical protein
BEAMACEP_00103	CDS	114				hypothetical protein
BEAMACEP_00104	CDS	174				hypothetical protein
BEAMACEP_00105	CDS	129				hypothetical protein
BEAMACEP_00106	CDS	114				hypothetical protein
BEAMACEP_00107	CDS	234				hypothetical protein
BEAMACEP_00108	CDS	129				hypothetical protein
BEAMACEP_00109	CDS	114				hypothetical protein
BEAMACEP_00110	CDS	132				hypothetical protein
BEAMACEP_00111	CDS	156				hypothetical protein
BEAMACEP_00112	CDS	126				hypothetical protein
BEAMACEP_00113	CDS	102				hypothetical protein
BEAMACEP_00114	CDS	120				hypothetical protein
BEAMACEP_00115	CDS	93				hypothetical protein
BEAMACEP_00116	CDS	93				hypothetical protein
BEAMACEP_00117	CDS	96				hypothetical protein
BEAMACEP_00118	CDS	126				hypothetical protein
BEAMACEP_00119	CDS	138				hypothetical protein
BEAMACEP_00120	CDS	93				hypothetical protein
BEAMACEP_00121	CDS	93				hypothetical protein
BEAMACEP_00122	CDS	117				hypothetical protein
BEAMACEP_00123	CDS	117				hypothetical protein
BEAMACEP_00124	CDS	117				hypothetical protein
BEAMACEP_00125	CDS	96				hypothetical protein
BEAMACEP_00126	CDS	129				hypothetical protein
BEAMACEP_00127	CDS	171				hypothetical protein
BEAMACEP_00128	CDS	117				hypothetical protein
BEAMACEP_00129	CDS	93				hypothetical protein
BEAMACEP_00130	CDS	93				hypothetical protein
BEAMACEP_00131	CDS	225				hypothetical protein
BEAMACEP_00132	CDS	138				hypothetical protein
BEAMACEP_00133	CDS	93				hypothetical protein
BEAMACEP_00134	CDS	117				hypothetical protein
BEAMACEP_00135	CDS	114				hypothetical protein
BEAMACEP_00136	CDS	138				hypothetical protein
BEAMACEP_00137	CDS	96				hypothetical protein
BEAMACEP_00138	CDS	132				hypothetical protein
BEAMACEP_00139	CDS	93				hypothetical protein
BEAMACEP_00140	CDS	120				hypothetical protein
BEAMACEP_00141	CDS	138				hypothetical protein
BEAMACEP_00142	CDS	117				hypothetical protein
BEAMACEP_00143	CDS	129				hypothetical protein
BEAMACEP_00144	CDS	117				hypothetical protein
BEAMACEP_00145	CDS	186				hypothetical protein
BEAMACEP_00146	CDS	120				hypothetical protein
BEAMACEP_00147	CDS	99				hypothetical protein
BEAMACEP_00148	CDS	123				hypothetical protein
BEAMACEP_00149	CDS	225				hypothetical protein
BEAMACEP_00150	CDS	96				hypothetical protein
BEAMACEP_00151	CDS	93				hypothetical protein
BEAMACEP_00152	CDS	93				hypothetical protein
BEAMACEP_00153	CDS	99				hypothetical protein
BEAMACEP_00154	CDS	123				hypothetical protein
BEAMACEP_00155	CDS	93				hypothetical protein
BEAMACEP_00156	CDS	150				hypothetical protein
BEAMACEP_00157	CDS	129				hypothetical protein
BEAMACEP_00158	CDS	93				hypothetical protein
BEAMACEP_00159	CDS	102				hypothetical protein
BEAMACEP_00160	CDS	96				hypothetical protein
BEAMACEP_00161	CDS	114				hypothetical protein
BEAMACEP_00162	CDS	93				hypothetical protein
BEAMACEP_00163	CDS	129				hypothetical protein
BEAMACEP_00164	CDS	96				hypothetical protein
BEAMACEP_00165	CDS	123				hypothetical protein
BEAMACEP_00166	CDS	105				hypothetical protein
BEAMACEP_00167	CDS	234				hypothetical protein
BEAMACEP_00168	CDS	138				hypothetical protein
BEAMACEP_00169	CDS	93				hypothetical protein
BEAMACEP_00170	CDS	117				hypothetical protein
BEAMACEP_00171	CDS	114				hypothetical protein
BEAMACEP_00172	CDS	138				hypothetical protein
BEAMACEP_00173	CDS	102				hypothetical protein
BEAMACEP_00174	CDS	105				hypothetical protein
BEAMACEP_00175	CDS	93				hypothetical protein
BEAMACEP_00176	CDS	93				hypothetical protein
BEAMACEP_00177	CDS	102				hypothetical protein
BEAMACEP_00178	CDS	192				hypothetical protein
BEAMACEP_00179	CDS	120				hypothetical protein
BEAMACEP_00180	CDS	90				hypothetical protein
BEAMACEP_00181	CDS	93				hypothetical protein
BEAMACEP_00182	CDS	129				hypothetical protein
BEAMACEP_00183	CDS	129				hypothetical protein
BEAMACEP_00184	CDS	93				hypothetical protein
BEAMACEP_00185	CDS	147				hypothetical protein
BEAMACEP_00186	CDS	93				hypothetical protein
BEAMACEP_00187	CDS	129				hypothetical protein
BEAMACEP_00188	CDS	93				hypothetical protein
BEAMACEP_00189	CDS	123				hypothetical protein
BEAMACEP_00190	CDS	111				hypothetical protein
BEAMACEP_00191	CDS	102				hypothetical protein
BEAMACEP_00192	CDS	129				hypothetical protein
BEAMACEP_00193	CDS	93				hypothetical protein
BEAMACEP_00194	CDS	105				hypothetical protein
BEAMACEP_00195	CDS	147				hypothetical protein
BEAMACEP_00196	CDS	120				hypothetical protein
BEAMACEP_00197	CDS	99				hypothetical protein
BEAMACEP_00198	CDS	111				hypothetical protein
BEAMACEP_00199	CDS	138				hypothetical protein
BEAMACEP_00200	CDS	129				hypothetical protein
BEAMACEP_00201	CDS	96				hypothetical protein
BEAMACEP_00202	CDS	96				hypothetical protein
BEAMACEP_00203	CDS	102				hypothetical protein
BEAMACEP_00204	CDS	117				hypothetical protein
BEAMACEP_00205	CDS	93				hypothetical protein
BEAMACEP_00206	CDS	93				hypothetical protein
BEAMACEP_00207	CDS	114				hypothetical protein
BEAMACEP_00208	CDS	147				hypothetical protein
BEAMACEP_00209	CDS	135				hypothetical protein
BEAMACEP_00210	CDS	117				hypothetical protein
BEAMACEP_00211	CDS	114				hypothetical protein
BEAMACEP_00212	CDS	93				hypothetical protein
BEAMACEP_00213	CDS	108				hypothetical protein
BEAMACEP_00214	CDS	117				hypothetical protein
BEAMACEP_00215	CDS	114				hypothetical protein
BEAMACEP_00216	CDS	138				hypothetical protein
BEAMACEP_00217	CDS	129				hypothetical protein
BEAMACEP_00218	CDS	96				hypothetical protein
BEAMACEP_00219	CDS	93				hypothetical protein
BEAMACEP_00220	CDS	117				hypothetical protein
BEAMACEP_00221	CDS	147				hypothetical protein
BEAMACEP_00222	CDS	93				hypothetical protein
BEAMACEP_00223	CDS	138				hypothetical protein
BEAMACEP_00224	CDS	135				hypothetical protein
BEAMACEP_00225	CDS	93				hypothetical protein
BEAMACEP_00226	CDS	105				hypothetical protein
BEAMACEP_00227	CDS	93				hypothetical protein
BEAMACEP_00228	CDS	147				hypothetical protein
BEAMACEP_00229	CDS	96				hypothetical protein
BEAMACEP_00230	CDS	126				hypothetical protein
BEAMACEP_00231	CDS	93				hypothetical protein
BEAMACEP_00232	CDS	96				hypothetical protein
BEAMACEP_00233	CDS	138				hypothetical protein
BEAMACEP_00234	CDS	120				hypothetical protein
BEAMACEP_00235	CDS	129				hypothetical protein
BEAMACEP_00236	CDS	126				hypothetical protein
BEAMACEP_00237	CDS	93				hypothetical protein
BEAMACEP_00238	CDS	114				hypothetical protein
BEAMACEP_00239	CDS	147				hypothetical protein
BEAMACEP_00240	CDS	93				hypothetical protein
BEAMACEP_00241	CDS	93				hypothetical protein
BEAMACEP_00242	CDS	129				hypothetical protein
BEAMACEP_00243	CDS	93				hypothetical protein
BEAMACEP_00244	CDS	93				hypothetical protein
BEAMACEP_00245	CDS	93				hypothetical protein
BEAMACEP_00246	CDS	132				hypothetical protein
BEAMACEP_00247	CDS	93				hypothetical protein
BEAMACEP_00248	CDS	129				hypothetical protein
BEAMACEP_00249	CDS	96				hypothetical protein
BEAMACEP_00250	CDS	120				hypothetical protein
BEAMACEP_00251	CDS	147				hypothetical protein
BEAMACEP_00252	CDS	93				hypothetical protein
BEAMACEP_00253	CDS	123				hypothetical protein
BEAMACEP_00254	CDS	96				hypothetical protein
BEAMACEP_00255	CDS	96				hypothetical protein
BEAMACEP_00256	CDS	105				hypothetical protein
BEAMACEP_00257	CDS	117				hypothetical protein
BEAMACEP_00258	CDS	93				hypothetical protein
BEAMACEP_00259	CDS	105				hypothetical protein
BEAMACEP_00260	CDS	162				hypothetical protein
BEAMACEP_00261	CDS	93				hypothetical protein
BEAMACEP_00262	CDS	90				hypothetical protein
BEAMACEP_00263	CDS	123				hypothetical protein
BEAMACEP_00264	CDS	117				hypothetical protein
BEAMACEP_00265	CDS	93				hypothetical protein
BEAMACEP_00266	CDS	141				hypothetical protein
BEAMACEP_00267	CDS	138				hypothetical protein
BEAMACEP_00268	CDS	93				hypothetical protein
BEAMACEP_00269	CDS	96				hypothetical protein
BEAMACEP_00270	CDS	132				hypothetical protein
BEAMACEP_00271	CDS	93				hypothetical protein
BEAMACEP_00272	CDS	93				hypothetical protein
BEAMACEP_00273	CDS	135				hypothetical protein
BEAMACEP_00274	CDS	93				hypothetical protein
BEAMACEP_00275	CDS	138				hypothetical protein
BEAMACEP_00276	CDS	201				hypothetical protein
BEAMACEP_00277	CDS	156				hypothetical protein
BEAMACEP_00278	CDS	93				hypothetical protein
BEAMACEP_00279	CDS	102				hypothetical protein
BEAMACEP_00280	CDS	96				hypothetical protein
BEAMACEP_00281	CDS	102				hypothetical protein
BEAMACEP_00282	CDS	129				hypothetical protein
BEAMACEP_00283	CDS	93				hypothetical protein
BEAMACEP_00284	CDS	96				hypothetical protein
BEAMACEP_00285	CDS	93				hypothetical protein
BEAMACEP_00286	CDS	129				hypothetical protein
BEAMACEP_00287	CDS	93				hypothetical protein
BEAMACEP_00288	CDS	114				hypothetical protein
BEAMACEP_00289	CDS	120				hypothetical protein
BEAMACEP_00290	CDS	117				hypothetical protein
BEAMACEP_00291	CDS	123				hypothetical protein
BEAMACEP_00292	CDS	99				hypothetical protein
BEAMACEP_00293	CDS	138				hypothetical protein
BEAMACEP_00294	CDS	138				hypothetical protein
BEAMACEP_00295	CDS	186				hypothetical protein
BEAMACEP_00296	CDS	102				hypothetical protein
BEAMACEP_00297	CDS	234				hypothetical protein
BEAMACEP_00298	CDS	120				hypothetical protein
BEAMACEP_00299	CDS	93				hypothetical protein
BEAMACEP_00300	CDS	234				hypothetical protein
BEAMACEP_00301	CDS	93				hypothetical protein
BEAMACEP_00302	CDS	156				hypothetical protein
BEAMACEP_00303	CDS	129				hypothetical protein
BEAMACEP_00304	CDS	93				hypothetical protein
BEAMACEP_00305	CDS	93				hypothetical protein
BEAMACEP_00306	CDS	117				hypothetical protein
BEAMACEP_00307	CDS	96				hypothetical protein
BEAMACEP_00308	CDS	105				hypothetical protein
BEAMACEP_00309	CDS	96				hypothetical protein
BEAMACEP_00310	CDS	129				hypothetical protein
BEAMACEP_00311	CDS	132				hypothetical protein
BEAMACEP_00312	CDS	138				hypothetical protein
BEAMACEP_00313	CDS	117				hypothetical protein
BEAMACEP_00314	CDS	102				hypothetical protein
BEAMACEP_00315	CDS	96				hypothetical protein
BEAMACEP_00316	CDS	201				hypothetical protein
BEAMACEP_00317	CDS	93				hypothetical protein
BEAMACEP_00318	CDS	93				hypothetical protein
BEAMACEP_00319	CDS	114				hypothetical protein
BEAMACEP_00320	CDS	135				hypothetical protein
BEAMACEP_00321	CDS	120				hypothetical protein
BEAMACEP_00322	CDS	96				hypothetical protein
BEAMACEP_00323	CDS	129				hypothetical protein
BEAMACEP_00324	CDS	96				hypothetical protein
BEAMACEP_00325	CDS	93				hypothetical protein
BEAMACEP_00326	CDS	105				hypothetical protein
BEAMACEP_00327	CDS	93				hypothetical protein
BEAMACEP_00328	CDS	129				hypothetical protein
BEAMACEP_00329	CDS	129				hypothetical protein
BEAMACEP_00330	CDS	105				hypothetical protein
BEAMACEP_00331	CDS	93				hypothetical protein
BEAMACEP_00332	CDS	147				hypothetical protein
BEAMACEP_00333	CDS	93				hypothetical protein
BEAMACEP_00334	CDS	105				hypothetical protein
BEAMACEP_00335	CDS	120				hypothetical protein
BEAMACEP_00336	CDS	138				hypothetical protein
BEAMACEP_00337	CDS	129				hypothetical protein
BEAMACEP_00338	CDS	210				hypothetical protein
BEAMACEP_00339	CDS	177				hypothetical protein
BEAMACEP_00340	CDS	129				hypothetical protein
BEAMACEP_00341	CDS	93				hypothetical protein
BEAMACEP_00342	CDS	117				hypothetical protein
BEAMACEP_00343	CDS	93				hypothetical protein
BEAMACEP_00344	CDS	105				hypothetical protein
BEAMACEP_00345	CDS	114				hypothetical protein
BEAMACEP_00346	CDS	192				hypothetical protein
BEAMACEP_00347	CDS	117				hypothetical protein
BEAMACEP_00348	CDS	129				hypothetical protein
BEAMACEP_00349	CDS	93				hypothetical protein
BEAMACEP_00350	CDS	171				hypothetical protein
BEAMACEP_00351	CDS	93				hypothetical protein
BEAMACEP_00352	CDS	93				hypothetical protein
BEAMACEP_00353	CDS	126				hypothetical protein
BEAMACEP_00354	CDS	93				hypothetical protein
BEAMACEP_00355	CDS	93				hypothetical protein
BEAMACEP_00356	CDS	201				hypothetical protein
BEAMACEP_00357	CDS	129				hypothetical protein
BEAMACEP_00358	CDS	135				hypothetical protein
BEAMACEP_00359	CDS	129				hypothetical protein
BEAMACEP_00360	CDS	120				hypothetical protein
BEAMACEP_00361	CDS	93				hypothetical protein
BEAMACEP_00362	CDS	105				hypothetical protein
BEAMACEP_00363	CDS	93				hypothetical protein
BEAMACEP_00364	CDS	222				hypothetical protein
BEAMACEP_00365	CDS	147				hypothetical protein
BEAMACEP_00366	CDS	93				hypothetical protein
BEAMACEP_00367	CDS	138				hypothetical protein
BEAMACEP_00368	CDS	93				hypothetical protein
BEAMACEP_00369	CDS	171				hypothetical protein
BEAMACEP_00370	CDS	93				hypothetical protein
BEAMACEP_00371	CDS	141				hypothetical protein
BEAMACEP_00372	CDS	210				hypothetical protein
BEAMACEP_00373	CDS	120				hypothetical protein
BEAMACEP_00374	CDS	138				hypothetical protein
BEAMACEP_00375	CDS	93				hypothetical protein
BEAMACEP_00376	CDS	129				hypothetical protein
BEAMACEP_00377	CDS	93				hypothetical protein
BEAMACEP_00378	CDS	138				hypothetical protein
BEAMACEP_00379	CDS	96				hypothetical protein
BEAMACEP_00380	CDS	201				hypothetical protein
BEAMACEP_00381	CDS	102				hypothetical protein
BEAMACEP_00382	CDS	96				hypothetical protein
BEAMACEP_00383	CDS	138				hypothetical protein
BEAMACEP_00384	CDS	93				hypothetical protein
BEAMACEP_00385	CDS	129				hypothetical protein
BEAMACEP_00386	CDS	147				hypothetical protein
BEAMACEP_00387	CDS	93				hypothetical protein
BEAMACEP_00388	CDS	147				hypothetical protein
BEAMACEP_00389	CDS	138				hypothetical protein
BEAMACEP_00390	CDS	225				hypothetical protein
BEAMACEP_00391	CDS	147				hypothetical protein
BEAMACEP_00392	CDS	180				hypothetical protein
BEAMACEP_00393	CDS	108				hypothetical protein
BEAMACEP_00394	CDS	138				hypothetical protein
BEAMACEP_00395	CDS	123				hypothetical protein
BEAMACEP_00396	CDS	234				hypothetical protein
BEAMACEP_00397	CDS	93				hypothetical protein
BEAMACEP_00398	CDS	93				hypothetical protein
BEAMACEP_00399	CDS	93				hypothetical protein
BEAMACEP_00400	CDS	102				hypothetical protein
BEAMACEP_00401	CDS	138				hypothetical protein
BEAMACEP_00402	CDS	93				hypothetical protein
BEAMACEP_00403	CDS	96				hypothetical protein
BEAMACEP_00404	CDS	201				hypothetical protein
BEAMACEP_00405	CDS	99				hypothetical protein
BEAMACEP_00406	CDS	129				hypothetical protein
BEAMACEP_00407	CDS	93				hypothetical protein
BEAMACEP_00408	CDS	156				hypothetical protein
BEAMACEP_00409	CDS	117				hypothetical protein
BEAMACEP_00410	CDS	225				hypothetical protein
BEAMACEP_00411	CDS	90				hypothetical protein
BEAMACEP_00412	CDS	234				hypothetical protein
BEAMACEP_00413	CDS	102				hypothetical protein
BEAMACEP_00414	CDS	93				hypothetical protein
BEAMACEP_00415	CDS	138				hypothetical protein
BEAMACEP_00416	CDS	99				hypothetical protein
BEAMACEP_00417	CDS	129				hypothetical protein
BEAMACEP_00418	CDS	99				hypothetical protein
BEAMACEP_00419	CDS	132				hypothetical protein
BEAMACEP_00420	CDS	93				hypothetical protein
BEAMACEP_00421	CDS	117				hypothetical protein
BEAMACEP_00422	CDS	138				hypothetical protein
BEAMACEP_00423	CDS	129				hypothetical protein
BEAMACEP_00424	CDS	120				hypothetical protein
BEAMACEP_00425	CDS	129				hypothetical protein
BEAMACEP_00426	CDS	129				hypothetical protein
BEAMACEP_00427	CDS	240				hypothetical protein
BEAMACEP_00428	CDS	114				hypothetical protein
BEAMACEP_00429	CDS	138				hypothetical protein
BEAMACEP_00430	CDS	180				hypothetical protein
BEAMACEP_00431	CDS	90				hypothetical protein
BEAMACEP_00432	CDS	135				hypothetical protein
BEAMACEP_00433	CDS	138				hypothetical protein
BEAMACEP_00434	CDS	150				hypothetical protein
BEAMACEP_00435	CDS	225				hypothetical protein
BEAMACEP_00436	CDS	93				hypothetical protein
BEAMACEP_00437	CDS	123				hypothetical protein
BEAMACEP_00438	CDS	147				hypothetical protein
BEAMACEP_00439	CDS	138				hypothetical protein
BEAMACEP_00440	CDS	114				hypothetical protein
BEAMACEP_00441	CDS	96				hypothetical protein
BEAMACEP_00442	CDS	126				hypothetical protein
BEAMACEP_00443	CDS	129				hypothetical protein
BEAMACEP_00444	CDS	93				hypothetical protein
BEAMACEP_00445	CDS	147				hypothetical protein
BEAMACEP_00446	CDS	120				hypothetical protein
BEAMACEP_00447	CDS	120				hypothetical protein
BEAMACEP_00448	CDS	120				hypothetical protein
BEAMACEP_00449	CDS	120				hypothetical protein
BEAMACEP_00450	CDS	96				hypothetical protein
BEAMACEP_00451	CDS	138				hypothetical protein
BEAMACEP_00452	CDS	117				hypothetical protein
BEAMACEP_00453	CDS	138				hypothetical protein
BEAMACEP_00454	CDS	114				hypothetical protein
BEAMACEP_00455	CDS	93				hypothetical protein
BEAMACEP_00456	CDS	138				hypothetical protein
BEAMACEP_00457	CDS	93				hypothetical protein
BEAMACEP_00458	CDS	129				hypothetical protein
BEAMACEP_00459	CDS	93				hypothetical protein
BEAMACEP_00460	CDS	93				hypothetical protein
BEAMACEP_00461	CDS	93				hypothetical protein
BEAMACEP_00462	CDS	135				hypothetical protein
BEAMACEP_00463	CDS	96				hypothetical protein
BEAMACEP_00464	CDS	171				hypothetical protein
BEAMACEP_00465	CDS	129				hypothetical protein
BEAMACEP_00466	CDS	93				hypothetical protein
BEAMACEP_00467	CDS	117				hypothetical protein
BEAMACEP_00468	CDS	210				hypothetical protein
BEAMACEP_00469	CDS	126				hypothetical protein
BEAMACEP_00470	CDS	129				hypothetical protein
BEAMACEP_00471	CDS	135				hypothetical protein
BEAMACEP_00472	CDS	129				hypothetical protein
BEAMACEP_00473	CDS	132				hypothetical protein
BEAMACEP_00474	CDS	114				hypothetical protein
BEAMACEP_00475	CDS	138				hypothetical protein
BEAMACEP_00476	CDS	93				hypothetical protein
BEAMACEP_00477	CDS	207				hypothetical protein
BEAMACEP_00478	CDS	138				hypothetical protein
BEAMACEP_00479	CDS	129				hypothetical protein
BEAMACEP_00480	CDS	105				hypothetical protein
BEAMACEP_00481	CDS	93				hypothetical protein
BEAMACEP_00482	CDS	120				hypothetical protein
BEAMACEP_00483	CDS	93				hypothetical protein
BEAMACEP_00484	CDS	93				hypothetical protein
BEAMACEP_00485	CDS	147				hypothetical protein
BEAMACEP_00486	CDS	93				hypothetical protein
BEAMACEP_00487	CDS	93				hypothetical protein
BEAMACEP_00488	CDS	93				hypothetical protein
BEAMACEP_00489	CDS	93				hypothetical protein
BEAMACEP_00490	CDS	102				hypothetical protein
BEAMACEP_00491	CDS	93				hypothetical protein
BEAMACEP_00492	CDS	93				hypothetical protein
BEAMACEP_00493	CDS	138				hypothetical protein
BEAMACEP_00494	CDS	141				hypothetical protein
BEAMACEP_00495	CDS	138				hypothetical protein
BEAMACEP_00496	CDS	135				hypothetical protein
BEAMACEP_00497	CDS	96				hypothetical protein
BEAMACEP_00498	CDS	93				hypothetical protein
BEAMACEP_00499	CDS	93				hypothetical protein
BEAMACEP_00500	CDS	138				hypothetical protein
BEAMACEP_00501	CDS	147				hypothetical protein
BEAMACEP_00502	CDS	138				hypothetical protein
BEAMACEP_00503	CDS	93				hypothetical protein
BEAMACEP_00504	CDS	96				hypothetical protein
BEAMACEP_00505	CDS	117				hypothetical protein
BEAMACEP_00506	CDS	93				hypothetical protein
BEAMACEP_00507	CDS	132				hypothetical protein
BEAMACEP_00508	CDS	90				hypothetical protein
BEAMACEP_00509	CDS	234				hypothetical protein
BEAMACEP_00510	CDS	129				hypothetical protein
BEAMACEP_00511	CDS	90				hypothetical protein
BEAMACEP_00512	CDS	90				hypothetical protein
BEAMACEP_00513	CDS	129				hypothetical protein
BEAMACEP_00514	CDS	93				hypothetical protein
BEAMACEP_00515	CDS	93				hypothetical protein
BEAMACEP_00516	CDS	129				hypothetical protein
BEAMACEP_00517	CDS	93				hypothetical protein
BEAMACEP_00518	CDS	129				hypothetical protein
BEAMACEP_00519	CDS	129				hypothetical protein
BEAMACEP_00520	CDS	93				hypothetical protein
BEAMACEP_00521	CDS	126				hypothetical protein
BEAMACEP_00522	CDS	93				hypothetical protein
BEAMACEP_00523	CDS	96				hypothetical protein
BEAMACEP_00524	CDS	210				hypothetical protein
BEAMACEP_00525	CDS	120				hypothetical protein
BEAMACEP_00526	CDS	93				hypothetical protein
BEAMACEP_00527	CDS	120				hypothetical protein
BEAMACEP_00528	CDS	93				hypothetical protein
BEAMACEP_00529	CDS	147				hypothetical protein
BEAMACEP_00530	CDS	93				hypothetical protein
BEAMACEP_00531	CDS	138				hypothetical protein
BEAMACEP_00532	CDS	132				hypothetical protein
BEAMACEP_00533	CDS	132				hypothetical protein
BEAMACEP_00534	CDS	96				hypothetical protein
BEAMACEP_00535	CDS	138				hypothetical protein
BEAMACEP_00536	CDS	147				hypothetical protein
BEAMACEP_00537	CDS	162				hypothetical protein
BEAMACEP_00538	CDS	201				hypothetical protein
BEAMACEP_00539	CDS	93				hypothetical protein
BEAMACEP_00540	CDS	96				hypothetical protein
BEAMACEP_00541	CDS	93				hypothetical protein
BEAMACEP_00542	CDS	117				hypothetical protein
BEAMACEP_00543	CDS	93				hypothetical protein
BEAMACEP_00544	CDS	114				hypothetical protein
BEAMACEP_00545	CDS	138				hypothetical protein
BEAMACEP_00546	CDS	147				hypothetical protein
BEAMACEP_00547	CDS	96				hypothetical protein
BEAMACEP_00548	CDS	108				hypothetical protein
BEAMACEP_00549	CDS	96				hypothetical protein
BEAMACEP_00550	CDS	105				hypothetical protein
BEAMACEP_00551	CDS	93				hypothetical protein
BEAMACEP_00552	CDS	93				hypothetical protein
BEAMACEP_00553	CDS	201				hypothetical protein
BEAMACEP_00554	CDS	114				hypothetical protein
BEAMACEP_00555	CDS	93				hypothetical protein
BEAMACEP_00556	CDS	117				hypothetical protein
BEAMACEP_00557	CDS	180				hypothetical protein
BEAMACEP_00558	CDS	144				hypothetical protein
BEAMACEP_00559	CDS	120				hypothetical protein
BEAMACEP_00560	CDS	129				hypothetical protein
BEAMACEP_00561	CDS	93				hypothetical protein
BEAMACEP_00562	CDS	192				hypothetical protein
BEAMACEP_00563	CDS	129				hypothetical protein
BEAMACEP_00564	CDS	99				hypothetical protein
BEAMACEP_00565	CDS	138				hypothetical protein
BEAMACEP_00566	CDS	93				hypothetical protein
BEAMACEP_00567	CDS	138				hypothetical protein
BEAMACEP_00568	CDS	129				hypothetical protein
BEAMACEP_00569	CDS	93				hypothetical protein
BEAMACEP_00570	CDS	93				hypothetical protein
BEAMACEP_00571	CDS	174				hypothetical protein
BEAMACEP_00572	CDS	234				hypothetical protein
BEAMACEP_00573	CDS	96				hypothetical protein
BEAMACEP_00574	CDS	129				hypothetical protein
BEAMACEP_00575	CDS	120				hypothetical protein
BEAMACEP_00576	CDS	96				hypothetical protein
BEAMACEP_00577	CDS	129				hypothetical protein
BEAMACEP_00578	CDS	147				hypothetical protein
BEAMACEP_00579	CDS	129				hypothetical protein
BEAMACEP_00580	CDS	93				hypothetical protein
BEAMACEP_00581	CDS	93				hypothetical protein
BEAMACEP_00582	CDS	96				hypothetical protein
BEAMACEP_00583	CDS	93				hypothetical protein
BEAMACEP_00584	CDS	93				hypothetical protein
BEAMACEP_00585	CDS	93				hypothetical protein
BEAMACEP_00586	CDS	93				hypothetical protein
BEAMACEP_00587	CDS	117				hypothetical protein
BEAMACEP_00588	CDS	120				hypothetical protein
BEAMACEP_00589	CDS	114				hypothetical protein
BEAMACEP_00590	CDS	114				hypothetical protein
BEAMACEP_00591	CDS	120				hypothetical protein
BEAMACEP_00592	CDS	102				hypothetical protein
BEAMACEP_00593	CDS	237				hypothetical protein
BEAMACEP_00594	CDS	138				hypothetical protein
BEAMACEP_00595	CDS	93				hypothetical protein
BEAMACEP_00596	CDS	93				hypothetical protein
BEAMACEP_00597	CDS	108				hypothetical protein
BEAMACEP_00598	CDS	93				hypothetical protein
BEAMACEP_00599	CDS	93				hypothetical protein
BEAMACEP_00600	CDS	120				hypothetical protein
BEAMACEP_00601	CDS	168				hypothetical protein
BEAMACEP_00602	CDS	132				hypothetical protein
BEAMACEP_00603	CDS	129				hypothetical protein
BEAMACEP_00604	CDS	129				hypothetical protein
BEAMACEP_00605	CDS	138				hypothetical protein
BEAMACEP_00606	CDS	93				hypothetical protein
BEAMACEP_00607	CDS	105				hypothetical protein
BEAMACEP_00608	CDS	117				hypothetical protein
BEAMACEP_00609	CDS	93				hypothetical protein
BEAMACEP_00610	CDS	93				hypothetical protein
BEAMACEP_00611	CDS	93				hypothetical protein
BEAMACEP_00612	CDS	93				hypothetical protein
BEAMACEP_00613	CDS	120				hypothetical protein
BEAMACEP_00614	CDS	93				hypothetical protein
BEAMACEP_00615	CDS	93				hypothetical protein
BEAMACEP_00616	CDS	126				hypothetical protein
BEAMACEP_00617	CDS	129				hypothetical protein
BEAMACEP_00618	CDS	129				hypothetical protein
BEAMACEP_00619	CDS	93				hypothetical protein
BEAMACEP_00620	CDS	117				hypothetical protein
BEAMACEP_00621	CDS	93				hypothetical protein
BEAMACEP_00622	CDS	105				hypothetical protein
BEAMACEP_00623	CDS	147				hypothetical protein
BEAMACEP_00624	CDS	93				hypothetical protein
BEAMACEP_00625	CDS	147				hypothetical protein
BEAMACEP_00626	CDS	117				hypothetical protein
BEAMACEP_00627	CDS	126				hypothetical protein
BEAMACEP_00628	CDS	144				hypothetical protein
BEAMACEP_00629	CDS	138				hypothetical protein
BEAMACEP_00630	CDS	129				hypothetical protein
BEAMACEP_00631	CDS	105				hypothetical protein
BEAMACEP_00632	CDS	93				hypothetical protein
BEAMACEP_00633	CDS	141				hypothetical protein
BEAMACEP_00634	CDS	93				hypothetical protein
BEAMACEP_00635	CDS	99				hypothetical protein
BEAMACEP_00636	CDS	93				hypothetical protein
BEAMACEP_00637	CDS	93				hypothetical protein
BEAMACEP_00638	CDS	219				hypothetical protein
BEAMACEP_00639	CDS	93				hypothetical protein
BEAMACEP_00640	CDS	135				hypothetical protein
BEAMACEP_00641	CDS	234				hypothetical protein
BEAMACEP_00642	CDS	210				hypothetical protein
BEAMACEP_00643	CDS	93				hypothetical protein
BEAMACEP_00644	CDS	120				hypothetical protein
BEAMACEP_00645	CDS	138				hypothetical protein
BEAMACEP_00646	CDS	132				hypothetical protein
BEAMACEP_00647	CDS	138				hypothetical protein
BEAMACEP_00648	CDS	105				hypothetical protein
BEAMACEP_00649	CDS	126				hypothetical protein
BEAMACEP_00650	CDS	120				hypothetical protein
BEAMACEP_00651	CDS	93				hypothetical protein
BEAMACEP_00652	CDS	117				hypothetical protein
BEAMACEP_00653	CDS	93				hypothetical protein
BEAMACEP_00654	CDS	93				hypothetical protein
BEAMACEP_00655	CDS	123				hypothetical protein
BEAMACEP_00656	CDS	213				hypothetical protein
BEAMACEP_00657	CDS	117				hypothetical protein
BEAMACEP_00658	CDS	93				hypothetical protein
BEAMACEP_00659	CDS	93				hypothetical protein
BEAMACEP_00660	CDS	117				hypothetical protein
BEAMACEP_00661	CDS	93				hypothetical protein
BEAMACEP_00662	CDS	117				hypothetical protein
BEAMACEP_00663	CDS	120				hypothetical protein
BEAMACEP_00664	CDS	180				hypothetical protein
BEAMACEP_00665	CDS	138				hypothetical protein
BEAMACEP_00666	CDS	138				hypothetical protein
BEAMACEP_00667	CDS	159				hypothetical protein
BEAMACEP_00668	CDS	114				hypothetical protein
BEAMACEP_00669	CDS	117				hypothetical protein
BEAMACEP_00670	CDS	93				hypothetical protein
BEAMACEP_00671	CDS	96				hypothetical protein
BEAMACEP_00672	CDS	90				hypothetical protein
BEAMACEP_00673	CDS	132				hypothetical protein
BEAMACEP_00674	CDS	234				hypothetical protein
BEAMACEP_00675	CDS	93				hypothetical protein
BEAMACEP_00676	CDS	135				hypothetical protein
BEAMACEP_00677	CDS	114				hypothetical protein
BEAMACEP_00678	CDS	93				hypothetical protein
BEAMACEP_00679	CDS	96				hypothetical protein
BEAMACEP_00680	CDS	93				hypothetical protein
BEAMACEP_00681	CDS	132				hypothetical protein
BEAMACEP_00682	CDS	93				hypothetical protein
BEAMACEP_00683	CDS	147				hypothetical protein
BEAMACEP_00684	CDS	117				hypothetical protein
BEAMACEP_00685	CDS	147				hypothetical protein
BEAMACEP_00686	CDS	123				hypothetical protein
BEAMACEP_00687	CDS	102				hypothetical protein
BEAMACEP_00688	CDS	147				hypothetical protein
BEAMACEP_00689	CDS	120				hypothetical protein
BEAMACEP_00690	CDS	96				hypothetical protein
BEAMACEP_00691	CDS	117				hypothetical protein
BEAMACEP_00692	CDS	114				hypothetical protein
BEAMACEP_00693	CDS	90				hypothetical protein
BEAMACEP_00694	CDS	129				hypothetical protein
BEAMACEP_00695	CDS	120				hypothetical protein
BEAMACEP_00696	CDS	147				hypothetical protein
BEAMACEP_00697	CDS	114				hypothetical protein
BEAMACEP_00698	CDS	93				hypothetical protein
BEAMACEP_00699	CDS	123				hypothetical protein
BEAMACEP_00700	CDS	237				hypothetical protein
BEAMACEP_00701	CDS	93				hypothetical protein
BEAMACEP_00702	CDS	120				hypothetical protein
BEAMACEP_00703	CDS	93				hypothetical protein
BEAMACEP_00704	CDS	234				hypothetical protein
BEAMACEP_00705	CDS	129				hypothetical protein
BEAMACEP_00706	CDS	93				hypothetical protein
BEAMACEP_00707	CDS	93				hypothetical protein
BEAMACEP_00708	CDS	234				hypothetical protein
BEAMACEP_00709	CDS	117				hypothetical protein
BEAMACEP_00710	CDS	135				hypothetical protein
BEAMACEP_00711	CDS	93				hypothetical protein
BEAMACEP_00712	CDS	201				hypothetical protein
BEAMACEP_00713	CDS	147				hypothetical protein
BEAMACEP_00714	CDS	93				hypothetical protein
BEAMACEP_00715	CDS	114				hypothetical protein
BEAMACEP_00716	CDS	129				hypothetical protein
BEAMACEP_00717	CDS	129				hypothetical protein
BEAMACEP_00718	CDS	93				hypothetical protein
BEAMACEP_00719	CDS	138				hypothetical protein
BEAMACEP_00720	CDS	186				hypothetical protein
BEAMACEP_00721	CDS	132				hypothetical protein
BEAMACEP_00722	CDS	186				hypothetical protein
BEAMACEP_00723	CDS	129				hypothetical protein
BEAMACEP_00724	CDS	129				hypothetical protein
BEAMACEP_00725	CDS	147				hypothetical protein
BEAMACEP_00726	CDS	114				hypothetical protein
BEAMACEP_00727	CDS	96				hypothetical protein
BEAMACEP_00728	CDS	120				hypothetical protein
BEAMACEP_00729	CDS	96				hypothetical protein
BEAMACEP_00730	CDS	96				hypothetical protein
BEAMACEP_00731	CDS	96				hypothetical protein
BEAMACEP_00732	CDS	201				hypothetical protein
BEAMACEP_00733	CDS	93				hypothetical protein
BEAMACEP_00734	CDS	129				hypothetical protein
BEAMACEP_00735	CDS	201				hypothetical protein
BEAMACEP_00736	CDS	96				hypothetical protein
BEAMACEP_00737	CDS	102				hypothetical protein
BEAMACEP_00738	CDS	117				hypothetical protein
BEAMACEP_00739	CDS	147				hypothetical protein
BEAMACEP_00740	CDS	93				hypothetical protein
BEAMACEP_00741	CDS	129				hypothetical protein
BEAMACEP_00742	CDS	114				hypothetical protein
BEAMACEP_00743	CDS	129				hypothetical protein
BEAMACEP_00744	CDS	93				hypothetical protein
BEAMACEP_00745	CDS	123				hypothetical protein
BEAMACEP_00746	CDS	96				hypothetical protein
BEAMACEP_00747	CDS	123				hypothetical protein
BEAMACEP_00748	CDS	138				hypothetical protein
BEAMACEP_00749	CDS	117				hypothetical protein
BEAMACEP_00750	CDS	93				hypothetical protein
BEAMACEP_00751	CDS	147				hypothetical protein
BEAMACEP_00752	CDS	93				hypothetical protein
BEAMACEP_00753	CDS	96				hypothetical protein
BEAMACEP_00754	CDS	135				hypothetical protein
BEAMACEP_00755	CDS	138				hypothetical protein
BEAMACEP_00756	CDS	105				hypothetical protein
BEAMACEP_00757	CDS	159				hypothetical protein
BEAMACEP_00758	CDS	135				hypothetical protein
BEAMACEP_00759	CDS	93				hypothetical protein
BEAMACEP_00760	CDS	105				hypothetical protein
BEAMACEP_00761	CDS	93				hypothetical protein
BEAMACEP_00762	CDS	123				hypothetical protein
BEAMACEP_00763	CDS	114				hypothetical protein
BEAMACEP_00764	CDS	234				hypothetical protein
BEAMACEP_00765	CDS	111				hypothetical protein
BEAMACEP_00766	CDS	120				hypothetical protein
BEAMACEP_00767	CDS	93				hypothetical protein
BEAMACEP_00768	CDS	93				hypothetical protein
BEAMACEP_00769	CDS	138				hypothetical protein
BEAMACEP_00770	CDS	117				hypothetical protein
BEAMACEP_00771	CDS	234				hypothetical protein
BEAMACEP_00772	CDS	126				hypothetical protein
BEAMACEP_00773	CDS	216				hypothetical protein
BEAMACEP_00774	CDS	225				hypothetical protein
BEAMACEP_00775	CDS	147				hypothetical protein
BEAMACEP_00776	CDS	201				hypothetical protein
BEAMACEP_00777	CDS	117				hypothetical protein
BEAMACEP_00778	CDS	120				hypothetical protein
BEAMACEP_00779	CDS	117				hypothetical protein
BEAMACEP_00780	CDS	105				hypothetical protein
BEAMACEP_00781	CDS	93				hypothetical protein
BEAMACEP_00782	CDS	180				hypothetical protein
BEAMACEP_00783	CDS	186				hypothetical protein
BEAMACEP_00784	CDS	138				hypothetical protein
BEAMACEP_00785	CDS	138				hypothetical protein
BEAMACEP_00786	CDS	123				hypothetical protein
BEAMACEP_00787	CDS	93				hypothetical protein
BEAMACEP_00788	CDS	192				hypothetical protein
BEAMACEP_00789	CDS	93				hypothetical protein
BEAMACEP_00790	CDS	93				hypothetical protein
BEAMACEP_00791	CDS	93				hypothetical protein
BEAMACEP_00792	CDS	120				hypothetical protein
BEAMACEP_00793	CDS	93				hypothetical protein
BEAMACEP_00794	CDS	201				hypothetical protein
BEAMACEP_00795	CDS	129				hypothetical protein
BEAMACEP_00796	CDS	105				hypothetical protein
BEAMACEP_00797	CDS	105				hypothetical protein
BEAMACEP_00798	CDS	129				hypothetical protein
BEAMACEP_00799	CDS	93				hypothetical protein
BEAMACEP_00800	CDS	129				hypothetical protein
BEAMACEP_00801	CDS	117				hypothetical protein
BEAMACEP_00802	CDS	147				hypothetical protein
BEAMACEP_00803	CDS	93				hypothetical protein
BEAMACEP_00804	CDS	129				hypothetical protein
BEAMACEP_00805	CDS	93				hypothetical protein
BEAMACEP_00806	CDS	147				hypothetical protein
BEAMACEP_00807	CDS	216				hypothetical protein
BEAMACEP_00808	CDS	99				hypothetical protein
BEAMACEP_00809	CDS	93				hypothetical protein
BEAMACEP_00810	CDS	93				hypothetical protein
BEAMACEP_00811	CDS	93				hypothetical protein
BEAMACEP_00812	CDS	111				hypothetical protein
BEAMACEP_00813	CDS	129				hypothetical protein
BEAMACEP_00814	CDS	102				hypothetical protein
BEAMACEP_00815	CDS	156				hypothetical protein
BEAMACEP_00816	CDS	225				hypothetical protein
BEAMACEP_00817	CDS	120				hypothetical protein
BEAMACEP_00818	CDS	147				hypothetical protein
BEAMACEP_00819	CDS	129				hypothetical protein
BEAMACEP_00820	CDS	138				hypothetical protein
BEAMACEP_00821	CDS	162				hypothetical protein
BEAMACEP_00822	CDS	138				hypothetical protein
BEAMACEP_00823	CDS	90				hypothetical protein
BEAMACEP_00824	CDS	93				hypothetical protein
BEAMACEP_00825	CDS	93				hypothetical protein
BEAMACEP_00826	CDS	138				hypothetical protein
BEAMACEP_00827	CDS	93				hypothetical protein
BEAMACEP_00828	CDS	132				hypothetical protein
BEAMACEP_00829	CDS	120				hypothetical protein
BEAMACEP_00830	CDS	93				hypothetical protein
BEAMACEP_00831	CDS	138				hypothetical protein
BEAMACEP_00832	CDS	93				hypothetical protein
BEAMACEP_00833	CDS	93				hypothetical protein
BEAMACEP_00834	CDS	96				hypothetical protein
BEAMACEP_00835	CDS	132				hypothetical protein
BEAMACEP_00836	CDS	129				hypothetical protein
BEAMACEP_00837	CDS	93				hypothetical protein
BEAMACEP_00838	CDS	219				hypothetical protein
BEAMACEP_00839	CDS	129				hypothetical protein
BEAMACEP_00840	CDS	129				hypothetical protein
BEAMACEP_00841	CDS	210				hypothetical protein
BEAMACEP_00842	CDS	93				hypothetical protein
BEAMACEP_00843	CDS	117				hypothetical protein
BEAMACEP_00844	CDS	93				hypothetical protein
BEAMACEP_00845	CDS	93				hypothetical protein
BEAMACEP_00846	CDS	129				hypothetical protein
BEAMACEP_00847	CDS	117				hypothetical protein
BEAMACEP_00848	CDS	114				hypothetical protein
BEAMACEP_00849	CDS	126				hypothetical protein
BEAMACEP_00850	CDS	132				hypothetical protein
BEAMACEP_00851	CDS	138				hypothetical protein
BEAMACEP_00852	CDS	93				hypothetical protein
BEAMACEP_00853	CDS	102				hypothetical protein
BEAMACEP_00854	CDS	129				hypothetical protein
BEAMACEP_00855	CDS	129				hypothetical protein
BEAMACEP_00856	CDS	93				hypothetical protein
BEAMACEP_00857	CDS	114				hypothetical protein
BEAMACEP_00858	CDS	129				hypothetical protein
BEAMACEP_00859	CDS	138				hypothetical protein
BEAMACEP_00860	CDS	138				hypothetical protein
BEAMACEP_00861	CDS	129				hypothetical protein
BEAMACEP_00862	CDS	159				hypothetical protein
BEAMACEP_00863	CDS	225				hypothetical protein
BEAMACEP_00864	CDS	102				hypothetical protein
BEAMACEP_00865	CDS	129				hypothetical protein
BEAMACEP_00866	CDS	147				hypothetical protein
BEAMACEP_00867	CDS	132				hypothetical protein
BEAMACEP_00868	CDS	93				hypothetical protein
BEAMACEP_00869	CDS	99				hypothetical protein
BEAMACEP_00870	CDS	189				hypothetical protein
BEAMACEP_00871	CDS	93				hypothetical protein
BEAMACEP_00872	CDS	93				hypothetical protein
BEAMACEP_00873	CDS	93				hypothetical protein
BEAMACEP_00874	CDS	114				hypothetical protein
BEAMACEP_00875	CDS	117				hypothetical protein
BEAMACEP_00876	CDS	93				hypothetical protein
BEAMACEP_00877	CDS	93				hypothetical protein
BEAMACEP_00878	CDS	93				hypothetical protein
BEAMACEP_00879	CDS	93				hypothetical protein
BEAMACEP_00880	CDS	93				hypothetical protein
BEAMACEP_00881	CDS	129				hypothetical protein
BEAMACEP_00882	CDS	102				hypothetical protein
BEAMACEP_00883	CDS	99				hypothetical protein
BEAMACEP_00884	CDS	96				hypothetical protein
BEAMACEP_00885	CDS	117				hypothetical protein
BEAMACEP_00886	CDS	93				hypothetical protein
BEAMACEP_00887	CDS	135				hypothetical protein
BEAMACEP_00888	CDS	93				hypothetical protein
BEAMACEP_00889	CDS	147				hypothetical protein
BEAMACEP_00890	CDS	138				hypothetical protein
BEAMACEP_00891	CDS	117				hypothetical protein
BEAMACEP_00892	CDS	96				hypothetical protein
BEAMACEP_00893	CDS	93				hypothetical protein
BEAMACEP_00894	CDS	132				hypothetical protein
BEAMACEP_00895	CDS	225				hypothetical protein
BEAMACEP_00896	CDS	90				hypothetical protein
BEAMACEP_00897	CDS	102				hypothetical protein
BEAMACEP_00898	CDS	93				hypothetical protein
BEAMACEP_00899	CDS	120				hypothetical protein
BEAMACEP_00900	CDS	117				hypothetical protein
BEAMACEP_00901	CDS	126				hypothetical protein
BEAMACEP_00902	CDS	129				hypothetical protein
BEAMACEP_00903	CDS	123				hypothetical protein
BEAMACEP_00904	CDS	126				hypothetical protein
BEAMACEP_00905	CDS	132				hypothetical protein
BEAMACEP_00906	CDS	99				hypothetical protein
BEAMACEP_00907	CDS	129				hypothetical protein
BEAMACEP_00908	CDS	93				hypothetical protein
BEAMACEP_00909	CDS	93				hypothetical protein
BEAMACEP_00910	CDS	93				hypothetical protein
BEAMACEP_00911	CDS	99				hypothetical protein
BEAMACEP_00912	CDS	114				hypothetical protein
BEAMACEP_00913	CDS	210				hypothetical protein
BEAMACEP_00914	CDS	123				hypothetical protein
BEAMACEP_00915	CDS	93				hypothetical protein
BEAMACEP_00916	CDS	120				hypothetical protein
BEAMACEP_00917	CDS	96				hypothetical protein
BEAMACEP_00918	CDS	129				hypothetical protein
BEAMACEP_00919	CDS	93				hypothetical protein
BEAMACEP_00920	CDS	93				hypothetical protein
BEAMACEP_00921	CDS	114				hypothetical protein
BEAMACEP_00922	CDS	138				hypothetical protein
BEAMACEP_00923	CDS	93				hypothetical protein
BEAMACEP_00924	CDS	93				hypothetical protein
BEAMACEP_00925	CDS	159				hypothetical protein
BEAMACEP_00926	CDS	129				hypothetical protein
BEAMACEP_00927	CDS	129				hypothetical protein
BEAMACEP_00928	CDS	93				hypothetical protein
BEAMACEP_00929	CDS	129				hypothetical protein
BEAMACEP_00930	CDS	120				hypothetical protein
BEAMACEP_00931	CDS	138				hypothetical protein
BEAMACEP_00932	CDS	105				hypothetical protein
BEAMACEP_00933	CDS	132				hypothetical protein
BEAMACEP_00934	CDS	138				hypothetical protein
BEAMACEP_00935	CDS	129				hypothetical protein
BEAMACEP_00936	CDS	147				hypothetical protein
BEAMACEP_00937	CDS	93				hypothetical protein
BEAMACEP_00938	CDS	93				hypothetical protein
BEAMACEP_00939	CDS	93				hypothetical protein
BEAMACEP_00940	CDS	120				hypothetical protein
BEAMACEP_00941	CDS	102				hypothetical protein
BEAMACEP_00942	CDS	93				hypothetical protein
BEAMACEP_00943	CDS	93				hypothetical protein
BEAMACEP_00944	CDS	93				hypothetical protein
BEAMACEP_00945	CDS	147				hypothetical protein
BEAMACEP_00946	CDS	114				hypothetical protein
BEAMACEP_00947	CDS	138				hypothetical protein
BEAMACEP_00948	CDS	93				hypothetical protein
BEAMACEP_00949	CDS	138				hypothetical protein
BEAMACEP_00950	CDS	138				hypothetical protein
BEAMACEP_00951	CDS	90				hypothetical protein
BEAMACEP_00952	CDS	138				hypothetical protein
BEAMACEP_00953	CDS	138				hypothetical protein
BEAMACEP_00954	CDS	93				hypothetical protein
BEAMACEP_00955	CDS	93				hypothetical protein
BEAMACEP_00956	CDS	105				hypothetical protein
BEAMACEP_00957	CDS	132				hypothetical protein
BEAMACEP_00958	CDS	93				hypothetical protein
BEAMACEP_00959	CDS	96				hypothetical protein
BEAMACEP_00960	CDS	126				hypothetical protein
BEAMACEP_00961	CDS	93				hypothetical protein
BEAMACEP_00962	CDS	120				hypothetical protein
BEAMACEP_00963	CDS	93				hypothetical protein
BEAMACEP_00964	CDS	138				hypothetical protein
BEAMACEP_00965	CDS	129				hypothetical protein
BEAMACEP_00966	CDS	99				hypothetical protein
BEAMACEP_00967	CDS	129				hypothetical protein
BEAMACEP_00968	CDS	93				hypothetical protein
BEAMACEP_00969	CDS	102				hypothetical protein
BEAMACEP_00970	CDS	147				hypothetical protein
BEAMACEP_00971	CDS	114				hypothetical protein
BEAMACEP_00972	CDS	120				hypothetical protein
BEAMACEP_00973	CDS	138				hypothetical protein
BEAMACEP_00974	CDS	90				hypothetical protein
BEAMACEP_00975	CDS	102				hypothetical protein
BEAMACEP_00976	CDS	117				hypothetical protein
BEAMACEP_00977	CDS	114				hypothetical protein
BEAMACEP_00978	CDS	117				hypothetical protein
BEAMACEP_00979	CDS	93				hypothetical protein
BEAMACEP_00980	CDS	99				hypothetical protein
BEAMACEP_00981	CDS	129				hypothetical protein
BEAMACEP_00982	CDS	111				hypothetical protein
BEAMACEP_00983	CDS	117				hypothetical protein
BEAMACEP_00984	CDS	132				hypothetical protein
BEAMACEP_00985	CDS	120				hypothetical protein
BEAMACEP_00986	CDS	210				hypothetical protein
BEAMACEP_00987	CDS	207				hypothetical protein
BEAMACEP_00988	CDS	93				hypothetical protein
BEAMACEP_00989	CDS	129				hypothetical protein
BEAMACEP_00990	CDS	96				hypothetical protein
BEAMACEP_00991	CDS	120				hypothetical protein
BEAMACEP_00992	CDS	93				hypothetical protein
BEAMACEP_00993	CDS	93				hypothetical protein
BEAMACEP_00994	CDS	117				hypothetical protein
BEAMACEP_00995	CDS	117				hypothetical protein
BEAMACEP_00996	CDS	90				hypothetical protein
BEAMACEP_00997	CDS	129				hypothetical protein
BEAMACEP_00998	CDS	129				hypothetical protein
BEAMACEP_00999	CDS	147				hypothetical protein
BEAMACEP_01000	CDS	93				hypothetical protein
BEAMACEP_01001	CDS	138				hypothetical protein
BEAMACEP_01002	CDS	129				hypothetical protein
BEAMACEP_01003	CDS	93				hypothetical protein
BEAMACEP_01004	CDS	117				hypothetical protein
BEAMACEP_01005	CDS	156				hypothetical protein
BEAMACEP_01006	CDS	117				hypothetical protein
BEAMACEP_01007	CDS	138				hypothetical protein
BEAMACEP_01008	CDS	138				hypothetical protein
BEAMACEP_01009	CDS	195				hypothetical protein
BEAMACEP_01010	CDS	93				hypothetical protein
BEAMACEP_01011	CDS	120				hypothetical protein
BEAMACEP_01012	CDS	234				hypothetical protein
BEAMACEP_01013	CDS	93				hypothetical protein
BEAMACEP_01014	CDS	93				hypothetical protein
BEAMACEP_01015	CDS	159				hypothetical protein
BEAMACEP_01016	CDS	138				hypothetical protein
BEAMACEP_01017	CDS	138				hypothetical protein
BEAMACEP_01018	CDS	138				hypothetical protein
BEAMACEP_01019	CDS	132				hypothetical protein
BEAMACEP_01020	CDS	93				hypothetical protein
BEAMACEP_01021	CDS	93				hypothetical protein
BEAMACEP_01022	CDS	90				hypothetical protein
BEAMACEP_01023	CDS	114				hypothetical protein
BEAMACEP_01024	CDS	96				hypothetical protein
BEAMACEP_01025	CDS	150				hypothetical protein
BEAMACEP_01026	CDS	126				hypothetical protein
BEAMACEP_01027	CDS	138				hypothetical protein
BEAMACEP_01028	CDS	96				hypothetical protein
BEAMACEP_01029	CDS	147				hypothetical protein
BEAMACEP_01030	CDS	171				hypothetical protein
BEAMACEP_01031	CDS	138				hypothetical protein
BEAMACEP_01032	CDS	93				hypothetical protein
BEAMACEP_01033	CDS	138				hypothetical protein
BEAMACEP_01034	CDS	180				hypothetical protein
BEAMACEP_01035	CDS	126				hypothetical protein
BEAMACEP_01036	CDS	93				hypothetical protein
BEAMACEP_01037	CDS	147				hypothetical protein
BEAMACEP_01038	CDS	138				hypothetical protein
BEAMACEP_01039	CDS	93				hypothetical protein
BEAMACEP_01040	CDS	108				hypothetical protein
BEAMACEP_01041	CDS	93				hypothetical protein
BEAMACEP_01042	CDS	129				hypothetical protein
BEAMACEP_01043	CDS	120				hypothetical protein
BEAMACEP_01044	CDS	93				hypothetical protein
BEAMACEP_01045	CDS	126				hypothetical protein
BEAMACEP_01046	CDS	117				hypothetical protein
BEAMACEP_01047	CDS	93				hypothetical protein
BEAMACEP_01048	CDS	93				hypothetical protein
BEAMACEP_01049	CDS	93				hypothetical protein
BEAMACEP_01050	CDS	225				hypothetical protein
BEAMACEP_01051	CDS	135				hypothetical protein
BEAMACEP_01052	CDS	120				hypothetical protein
BEAMACEP_01053	CDS	117				hypothetical protein
BEAMACEP_01054	CDS	147				hypothetical protein
BEAMACEP_01055	CDS	114				hypothetical protein
BEAMACEP_01056	CDS	129				hypothetical protein
BEAMACEP_01057	CDS	147				hypothetical protein
BEAMACEP_01058	CDS	117				hypothetical protein
BEAMACEP_01059	CDS	99				hypothetical protein
BEAMACEP_01060	CDS	126				hypothetical protein
BEAMACEP_01061	CDS	129				hypothetical protein
BEAMACEP_01062	CDS	117				hypothetical protein
BEAMACEP_01063	CDS	93				hypothetical protein
BEAMACEP_01064	CDS	93				hypothetical protein
BEAMACEP_01065	CDS	105				hypothetical protein
BEAMACEP_01066	CDS	129				hypothetical protein
BEAMACEP_01067	CDS	117				hypothetical protein
BEAMACEP_01068	CDS	138				hypothetical protein
BEAMACEP_01069	CDS	96				hypothetical protein
BEAMACEP_01070	CDS	93				hypothetical protein
BEAMACEP_01071	CDS	210				hypothetical protein
BEAMACEP_01072	CDS	117				hypothetical protein
BEAMACEP_01073	CDS	138				hypothetical protein
BEAMACEP_01074	CDS	120				hypothetical protein
BEAMACEP_01075	CDS	156				hypothetical protein
BEAMACEP_01076	CDS	132				hypothetical protein
BEAMACEP_01077	CDS	138				hypothetical protein
BEAMACEP_01078	CDS	129				hypothetical protein
BEAMACEP_01079	CDS	138				hypothetical protein
BEAMACEP_01080	CDS	138				hypothetical protein
BEAMACEP_01081	CDS	93				hypothetical protein
BEAMACEP_01082	CDS	234				hypothetical protein
BEAMACEP_01083	CDS	93				hypothetical protein
BEAMACEP_01084	CDS	195				hypothetical protein
BEAMACEP_01085	CDS	135				hypothetical protein
BEAMACEP_01086	CDS	138				hypothetical protein
BEAMACEP_01087	CDS	102				hypothetical protein
BEAMACEP_01088	CDS	138				hypothetical protein
BEAMACEP_01089	CDS	93				hypothetical protein
BEAMACEP_01090	CDS	138				hypothetical protein
BEAMACEP_01091	CDS	129				hypothetical protein
BEAMACEP_01092	CDS	114				hypothetical protein
BEAMACEP_01093	CDS	105				hypothetical protein
BEAMACEP_01094	CDS	123				hypothetical protein
BEAMACEP_01095	CDS	102				hypothetical protein
BEAMACEP_01096	CDS	120				hypothetical protein
BEAMACEP_01097	CDS	147				hypothetical protein
BEAMACEP_01098	CDS	93				hypothetical protein
BEAMACEP_01099	CDS	93				hypothetical protein
BEAMACEP_01100	CDS	93				hypothetical protein
BEAMACEP_01101	CDS	93				hypothetical protein
BEAMACEP_01102	CDS	123				hypothetical protein
BEAMACEP_01103	CDS	129				hypothetical protein
BEAMACEP_01104	CDS	114				hypothetical protein
BEAMACEP_01105	CDS	96				hypothetical protein
BEAMACEP_01106	CDS	195				hypothetical protein
BEAMACEP_01107	CDS	138				hypothetical protein
BEAMACEP_01108	CDS	114				hypothetical protein
BEAMACEP_01109	CDS	129				hypothetical protein
BEAMACEP_01110	CDS	114				hypothetical protein
BEAMACEP_01111	CDS	123				hypothetical protein
BEAMACEP_01112	CDS	132				hypothetical protein
BEAMACEP_01113	CDS	93				hypothetical protein
BEAMACEP_01114	CDS	90				hypothetical protein
BEAMACEP_01115	CDS	120				hypothetical protein
BEAMACEP_01116	CDS	132				hypothetical protein
BEAMACEP_01117	CDS	99				hypothetical protein
BEAMACEP_01118	CDS	147				hypothetical protein
BEAMACEP_01119	CDS	93				hypothetical protein
BEAMACEP_01120	CDS	93				hypothetical protein
BEAMACEP_01121	CDS	228				hypothetical protein
BEAMACEP_01122	CDS	93				hypothetical protein
BEAMACEP_01123	CDS	114				hypothetical protein
BEAMACEP_01124	CDS	93				hypothetical protein
BEAMACEP_01125	CDS	147				hypothetical protein
BEAMACEP_01126	CDS	108				hypothetical protein
BEAMACEP_01127	CDS	93				hypothetical protein
BEAMACEP_01128	CDS	129				hypothetical protein
BEAMACEP_01129	CDS	93				hypothetical protein
BEAMACEP_01130	CDS	93				hypothetical protein
BEAMACEP_01131	CDS	129				hypothetical protein
BEAMACEP_01132	CDS	132				hypothetical protein
BEAMACEP_01133	CDS	93				hypothetical protein
BEAMACEP_01134	CDS	114				hypothetical protein
BEAMACEP_01135	CDS	129				hypothetical protein
BEAMACEP_01136	CDS	126				hypothetical protein
BEAMACEP_01137	CDS	96				hypothetical protein
BEAMACEP_01138	CDS	135				hypothetical protein
BEAMACEP_01139	CDS	114				hypothetical protein
BEAMACEP_01140	CDS	99				hypothetical protein
BEAMACEP_01141	CDS	147				hypothetical protein
BEAMACEP_01142	CDS	105				hypothetical protein
BEAMACEP_01143	CDS	138				hypothetical protein
BEAMACEP_01144	CDS	93				hypothetical protein
BEAMACEP_01145	CDS	252				hypothetical protein
BEAMACEP_01146	CDS	96				hypothetical protein
BEAMACEP_01147	CDS	129				hypothetical protein
BEAMACEP_01148	CDS	138				hypothetical protein
BEAMACEP_01149	CDS	93				hypothetical protein
BEAMACEP_01150	CDS	96				hypothetical protein
BEAMACEP_01151	CDS	117				hypothetical protein
BEAMACEP_01152	CDS	93				hypothetical protein
BEAMACEP_01153	CDS	117				hypothetical protein
BEAMACEP_01154	CDS	138				hypothetical protein
BEAMACEP_01155	CDS	93				hypothetical protein
BEAMACEP_01156	CDS	117				hypothetical protein
BEAMACEP_01157	CDS	93				hypothetical protein
BEAMACEP_01158	CDS	96				hypothetical protein
BEAMACEP_01159	CDS	93				hypothetical protein
BEAMACEP_01160	CDS	126				hypothetical protein
BEAMACEP_01161	CDS	93				hypothetical protein
BEAMACEP_01162	CDS	117				hypothetical protein
BEAMACEP_01163	CDS	93				hypothetical protein
BEAMACEP_01164	CDS	117				hypothetical protein
BEAMACEP_01165	CDS	93				hypothetical protein
BEAMACEP_01166	CDS	93				hypothetical protein
BEAMACEP_01167	CDS	138				hypothetical protein
BEAMACEP_01168	CDS	93				hypothetical protein
BEAMACEP_01169	CDS	93				hypothetical protein
BEAMACEP_01170	CDS	102				hypothetical protein
BEAMACEP_01171	CDS	93				hypothetical protein
BEAMACEP_01172	CDS	126				hypothetical protein
BEAMACEP_01173	CDS	210				hypothetical protein
BEAMACEP_01174	CDS	90				hypothetical protein
BEAMACEP_01175	CDS	147				hypothetical protein
BEAMACEP_01176	CDS	120				hypothetical protein
BEAMACEP_01177	CDS	138				hypothetical protein
BEAMACEP_01178	CDS	96				hypothetical protein
BEAMACEP_01179	CDS	96				hypothetical protein
BEAMACEP_01180	CDS	120				hypothetical protein
BEAMACEP_01181	CDS	93				hypothetical protein
BEAMACEP_01182	CDS	93				hypothetical protein
BEAMACEP_01183	CDS	201				hypothetical protein
BEAMACEP_01184	CDS	111				hypothetical protein
BEAMACEP_01185	CDS	93				hypothetical protein
BEAMACEP_01186	CDS	138				hypothetical protein
BEAMACEP_01187	CDS	114				hypothetical protein
BEAMACEP_01188	CDS	93				hypothetical protein
BEAMACEP_01189	CDS	120				hypothetical protein
BEAMACEP_01190	CDS	138				hypothetical protein
BEAMACEP_01191	CDS	93				hypothetical protein
BEAMACEP_01192	CDS	138				hypothetical protein
BEAMACEP_01193	CDS	180				hypothetical protein
BEAMACEP_01194	CDS	102				hypothetical protein
BEAMACEP_01195	CDS	93				hypothetical protein
BEAMACEP_01196	CDS	105				hypothetical protein
BEAMACEP_01197	CDS	96				hypothetical protein
BEAMACEP_01198	CDS	129				hypothetical protein
BEAMACEP_01199	CDS	93				hypothetical protein
BEAMACEP_01200	CDS	93				hypothetical protein
BEAMACEP_01201	CDS	111				hypothetical protein
BEAMACEP_01202	CDS	138				hypothetical protein
BEAMACEP_01203	CDS	93				hypothetical protein
BEAMACEP_01204	CDS	93				hypothetical protein
BEAMACEP_01205	CDS	120				hypothetical protein
BEAMACEP_01206	CDS	90				hypothetical protein
BEAMACEP_01207	CDS	129				hypothetical protein
BEAMACEP_01208	CDS	147				hypothetical protein
BEAMACEP_01209	CDS	147				hypothetical protein
BEAMACEP_01210	CDS	147				hypothetical protein
BEAMACEP_01211	CDS	93				hypothetical protein
BEAMACEP_01212	CDS	117				hypothetical protein
BEAMACEP_01213	CDS	117				hypothetical protein
BEAMACEP_01214	CDS	129				hypothetical protein
BEAMACEP_01215	CDS	126				hypothetical protein
BEAMACEP_01216	CDS	132				hypothetical protein
BEAMACEP_01217	CDS	180				hypothetical protein
BEAMACEP_01218	CDS	135				hypothetical protein
BEAMACEP_01219	CDS	132				hypothetical protein
BEAMACEP_01220	CDS	105				hypothetical protein
BEAMACEP_01221	CDS	129				hypothetical protein
BEAMACEP_01222	CDS	117				hypothetical protein
BEAMACEP_01223	CDS	129				hypothetical protein
BEAMACEP_01224	CDS	210				hypothetical protein
BEAMACEP_01225	CDS	93				hypothetical protein
BEAMACEP_01226	CDS	138				hypothetical protein
BEAMACEP_01227	CDS	144				hypothetical protein
BEAMACEP_01228	CDS	135				hypothetical protein
BEAMACEP_01229	CDS	138				hypothetical protein
BEAMACEP_01230	CDS	90				hypothetical protein
BEAMACEP_01231	CDS	138				hypothetical protein
BEAMACEP_01232	CDS	93				hypothetical protein
BEAMACEP_01233	CDS	105				hypothetical protein
BEAMACEP_01234	CDS	210				hypothetical protein
BEAMACEP_01235	CDS	120				hypothetical protein
BEAMACEP_01236	CDS	234				hypothetical protein
BEAMACEP_01237	CDS	126				hypothetical protein
BEAMACEP_01238	CDS	93				hypothetical protein
BEAMACEP_01239	CDS	93				hypothetical protein
BEAMACEP_01240	CDS	93				hypothetical protein
BEAMACEP_01241	CDS	96				hypothetical protein
BEAMACEP_01242	CDS	108				hypothetical protein
BEAMACEP_01243	CDS	96				hypothetical protein
BEAMACEP_01244	CDS	180				hypothetical protein
BEAMACEP_01245	CDS	129				hypothetical protein
BEAMACEP_01246	CDS	138				hypothetical protein
BEAMACEP_01247	CDS	138				hypothetical protein
BEAMACEP_01248	CDS	117				hypothetical protein
BEAMACEP_01249	CDS	171				hypothetical protein
BEAMACEP_01250	CDS	93				hypothetical protein
BEAMACEP_01251	CDS	129				hypothetical protein
BEAMACEP_01252	CDS	135				hypothetical protein
BEAMACEP_01253	CDS	129				hypothetical protein
BEAMACEP_01254	CDS	93				hypothetical protein
BEAMACEP_01255	CDS	93				hypothetical protein
BEAMACEP_01256	CDS	93				hypothetical protein
BEAMACEP_01257	CDS	111				hypothetical protein
BEAMACEP_01258	CDS	144				hypothetical protein
BEAMACEP_01259	CDS	96				hypothetical protein
BEAMACEP_01260	CDS	93				hypothetical protein
BEAMACEP_01261	CDS	93				hypothetical protein
BEAMACEP_01262	CDS	129				hypothetical protein
BEAMACEP_01263	CDS	138				hypothetical protein
BEAMACEP_01264	CDS	138				hypothetical protein
BEAMACEP_01265	CDS	96				hypothetical protein
BEAMACEP_01266	CDS	147				hypothetical protein
BEAMACEP_01267	CDS	123				hypothetical protein
BEAMACEP_01268	CDS	138				hypothetical protein
BEAMACEP_01269	CDS	105				hypothetical protein
BEAMACEP_01270	CDS	102				hypothetical protein
BEAMACEP_01271	CDS	138				hypothetical protein
BEAMACEP_01272	CDS	93				hypothetical protein
BEAMACEP_01273	CDS	129				hypothetical protein
BEAMACEP_01274	CDS	96				hypothetical protein
BEAMACEP_01275	CDS	114				hypothetical protein
BEAMACEP_01276	CDS	132				hypothetical protein
BEAMACEP_01277	CDS	93				hypothetical protein
BEAMACEP_01278	CDS	96				hypothetical protein
BEAMACEP_01279	CDS	147				hypothetical protein
BEAMACEP_01280	CDS	129				hypothetical protein
BEAMACEP_01281	CDS	117				hypothetical protein
BEAMACEP_01282	CDS	138				hypothetical protein
BEAMACEP_01283	CDS	129				hypothetical protein
BEAMACEP_01284	CDS	129				hypothetical protein
BEAMACEP_01285	CDS	105				hypothetical protein
BEAMACEP_01286	CDS	123				hypothetical protein
BEAMACEP_01287	CDS	93				hypothetical protein
BEAMACEP_01288	CDS	93				hypothetical protein
BEAMACEP_01289	CDS	102				hypothetical protein
BEAMACEP_01290	CDS	96				hypothetical protein
BEAMACEP_01291	CDS	225				hypothetical protein
BEAMACEP_01292	CDS	93				hypothetical protein
BEAMACEP_01293	CDS	129				hypothetical protein
BEAMACEP_01294	CDS	96				hypothetical protein
BEAMACEP_01295	CDS	129				hypothetical protein
BEAMACEP_01296	CDS	93				hypothetical protein
BEAMACEP_01297	CDS	129				hypothetical protein
BEAMACEP_01298	CDS	147				hypothetical protein
BEAMACEP_01299	CDS	108				hypothetical protein
BEAMACEP_01300	CDS	96				hypothetical protein
BEAMACEP_01301	CDS	138				hypothetical protein
BEAMACEP_01302	CDS	120				hypothetical protein
BEAMACEP_01303	CDS	111				hypothetical protein
BEAMACEP_01304	CDS	93				hypothetical protein
BEAMACEP_01305	CDS	99				hypothetical protein
BEAMACEP_01306	CDS	120				hypothetical protein
BEAMACEP_01307	CDS	195				hypothetical protein
BEAMACEP_01308	CDS	120				hypothetical protein
BEAMACEP_01309	CDS	93				hypothetical protein
BEAMACEP_01310	CDS	129				hypothetical protein
BEAMACEP_01311	CDS	93				hypothetical protein
BEAMACEP_01312	CDS	102				hypothetical protein
BEAMACEP_01313	CDS	93				hypothetical protein
BEAMACEP_01314	CDS	93				hypothetical protein
BEAMACEP_01315	CDS	135				hypothetical protein
BEAMACEP_01316	CDS	117				hypothetical protein
BEAMACEP_01317	CDS	96				hypothetical protein
BEAMACEP_01318	CDS	96				hypothetical protein
BEAMACEP_01319	CDS	93				hypothetical protein
BEAMACEP_01320	CDS	129				hypothetical protein
BEAMACEP_01321	CDS	93				hypothetical protein
BEAMACEP_01322	CDS	117				hypothetical protein
BEAMACEP_01323	CDS	126				hypothetical protein
BEAMACEP_01324	CDS	93				hypothetical protein
BEAMACEP_01325	CDS	126				hypothetical protein
BEAMACEP_01326	CDS	93				hypothetical protein
BEAMACEP_01327	CDS	117				hypothetical protein
BEAMACEP_01328	CDS	135				hypothetical protein
BEAMACEP_01329	CDS	96				hypothetical protein
BEAMACEP_01330	CDS	129				hypothetical protein
BEAMACEP_01331	CDS	138				hypothetical protein
BEAMACEP_01332	CDS	117				hypothetical protein
BEAMACEP_01333	CDS	93				hypothetical protein
BEAMACEP_01334	CDS	90				hypothetical protein
BEAMACEP_01335	CDS	120				hypothetical protein
BEAMACEP_01336	CDS	129				hypothetical protein
BEAMACEP_01337	CDS	138				hypothetical protein
BEAMACEP_01338	CDS	93				hypothetical protein
BEAMACEP_01339	CDS	108				hypothetical protein
BEAMACEP_01340	CDS	93				hypothetical protein
BEAMACEP_01341	CDS	93				hypothetical protein
BEAMACEP_01342	CDS	135				hypothetical protein
BEAMACEP_01343	CDS	120				hypothetical protein
BEAMACEP_01344	CDS	147				hypothetical protein
BEAMACEP_01345	CDS	120				hypothetical protein
BEAMACEP_01346	CDS	93				hypothetical protein
BEAMACEP_01347	CDS	96				hypothetical protein
BEAMACEP_01348	CDS	117				hypothetical protein
BEAMACEP_01349	CDS	93				hypothetical protein
BEAMACEP_01350	CDS	93				hypothetical protein
BEAMACEP_01351	CDS	129				hypothetical protein
BEAMACEP_01352	CDS	138				hypothetical protein
BEAMACEP_01353	CDS	93				hypothetical protein
BEAMACEP_01354	CDS	132				hypothetical protein
BEAMACEP_01355	CDS	120				hypothetical protein
BEAMACEP_01356	CDS	105				hypothetical protein
BEAMACEP_01357	CDS	135				hypothetical protein
BEAMACEP_01358	CDS	117				hypothetical protein
BEAMACEP_01359	CDS	129				hypothetical protein
BEAMACEP_01360	CDS	90				hypothetical protein
BEAMACEP_01361	CDS	93				hypothetical protein
BEAMACEP_01362	CDS	129				hypothetical protein
BEAMACEP_01363	CDS	129				hypothetical protein
BEAMACEP_01364	CDS	129				hypothetical protein
BEAMACEP_01365	CDS	120				hypothetical protein
BEAMACEP_01366	CDS	108				hypothetical protein
BEAMACEP_01367	CDS	120				hypothetical protein
BEAMACEP_01368	CDS	120				hypothetical protein
BEAMACEP_01369	CDS	93				hypothetical protein
BEAMACEP_01370	CDS	129				hypothetical protein
BEAMACEP_01371	CDS	96				hypothetical protein
BEAMACEP_01372	CDS	93				hypothetical protein
BEAMACEP_01373	CDS	144				hypothetical protein
BEAMACEP_01374	CDS	93				hypothetical protein
BEAMACEP_01375	CDS	198				hypothetical protein
BEAMACEP_01376	CDS	93				hypothetical protein
BEAMACEP_01377	CDS	180				hypothetical protein
BEAMACEP_01378	CDS	129				hypothetical protein
BEAMACEP_01379	CDS	129				hypothetical protein
BEAMACEP_01380	CDS	93				hypothetical protein
BEAMACEP_01381	CDS	93				hypothetical protein
BEAMACEP_01382	CDS	93				hypothetical protein
BEAMACEP_01383	CDS	93				hypothetical protein
BEAMACEP_01384	CDS	93				hypothetical protein
BEAMACEP_01385	CDS	129				hypothetical protein
BEAMACEP_01386	CDS	93				hypothetical protein
BEAMACEP_01387	CDS	138				hypothetical protein
BEAMACEP_01388	CDS	123				hypothetical protein
BEAMACEP_01389	CDS	93				hypothetical protein
BEAMACEP_01390	CDS	93				hypothetical protein
BEAMACEP_01391	CDS	93				hypothetical protein
BEAMACEP_01392	CDS	93				hypothetical protein
BEAMACEP_01393	CDS	93				hypothetical protein
BEAMACEP_01394	CDS	117				hypothetical protein
BEAMACEP_01395	CDS	102				hypothetical protein
BEAMACEP_01396	CDS	93				hypothetical protein
BEAMACEP_01397	CDS	132				hypothetical protein
BEAMACEP_01398	CDS	117				hypothetical protein
BEAMACEP_01399	CDS	129				hypothetical protein
BEAMACEP_01400	CDS	150				hypothetical protein
BEAMACEP_01401	CDS	96				hypothetical protein
BEAMACEP_01402	CDS	93				hypothetical protein
BEAMACEP_01403	CDS	93				hypothetical protein
BEAMACEP_01404	CDS	93				hypothetical protein
BEAMACEP_01405	CDS	159				hypothetical protein
BEAMACEP_01406	CDS	147				hypothetical protein
BEAMACEP_01407	CDS	105				hypothetical protein
BEAMACEP_01408	CDS	147				hypothetical protein
BEAMACEP_01409	CDS	126				hypothetical protein
BEAMACEP_01410	CDS	93				hypothetical protein
BEAMACEP_01411	CDS	93				hypothetical protein
BEAMACEP_01412	CDS	93				hypothetical protein
BEAMACEP_01413	CDS	243				hypothetical protein
BEAMACEP_01414	CDS	99				hypothetical protein
BEAMACEP_01415	CDS	105				hypothetical protein
BEAMACEP_01416	CDS	138				hypothetical protein
BEAMACEP_01417	CDS	93				hypothetical protein
BEAMACEP_01418	CDS	138				hypothetical protein
BEAMACEP_01419	CDS	117				hypothetical protein
BEAMACEP_01420	CDS	93				hypothetical protein
BEAMACEP_01421	CDS	102				hypothetical protein
BEAMACEP_01422	CDS	147				hypothetical protein
BEAMACEP_01423	CDS	105				hypothetical protein
BEAMACEP_01424	CDS	138				hypothetical protein
BEAMACEP_01425	CDS	129				hypothetical protein
BEAMACEP_01426	CDS	96				hypothetical protein
BEAMACEP_01427	CDS	93				hypothetical protein
BEAMACEP_01428	CDS	171				hypothetical protein
BEAMACEP_01429	CDS	126				hypothetical protein
BEAMACEP_01430	CDS	147				hypothetical protein
BEAMACEP_01431	CDS	105				hypothetical protein
BEAMACEP_01432	CDS	138				hypothetical protein
BEAMACEP_01433	CDS	138				hypothetical protein
BEAMACEP_01434	CDS	129				hypothetical protein
BEAMACEP_01435	CDS	117				hypothetical protein
BEAMACEP_01436	CDS	120				hypothetical protein
BEAMACEP_01437	CDS	129				hypothetical protein
BEAMACEP_01438	CDS	225				hypothetical protein
BEAMACEP_01439	CDS	93				hypothetical protein
BEAMACEP_01440	CDS	93				hypothetical protein
BEAMACEP_01441	CDS	93				hypothetical protein
BEAMACEP_01442	CDS	93				hypothetical protein
BEAMACEP_01443	CDS	225				hypothetical protein
BEAMACEP_01444	CDS	225				hypothetical protein
BEAMACEP_01445	CDS	93				hypothetical protein
BEAMACEP_01446	CDS	138				hypothetical protein
BEAMACEP_01447	CDS	93				hypothetical protein
BEAMACEP_01448	CDS	120				hypothetical protein
BEAMACEP_01449	CDS	129				hypothetical protein
BEAMACEP_01450	CDS	93				hypothetical protein
BEAMACEP_01451	CDS	123				hypothetical protein
BEAMACEP_01452	CDS	147				hypothetical protein
BEAMACEP_01453	CDS	138				hypothetical protein
BEAMACEP_01454	CDS	117				hypothetical protein
BEAMACEP_01455	CDS	93				hypothetical protein
BEAMACEP_01456	CDS	132				hypothetical protein
BEAMACEP_01457	CDS	135				hypothetical protein
BEAMACEP_01458	CDS	138				hypothetical protein
BEAMACEP_01459	CDS	138				hypothetical protein
BEAMACEP_01460	CDS	93				hypothetical protein
BEAMACEP_01461	CDS	93				hypothetical protein
BEAMACEP_01462	CDS	102				hypothetical protein
BEAMACEP_01463	CDS	138				hypothetical protein
BEAMACEP_01464	CDS	93				hypothetical protein
BEAMACEP_01465	CDS	126				hypothetical protein
BEAMACEP_01466	CDS	138				hypothetical protein
BEAMACEP_01467	CDS	138				hypothetical protein
BEAMACEP_01468	CDS	111				hypothetical protein
BEAMACEP_01469	CDS	111				hypothetical protein
BEAMACEP_01470	CDS	120				hypothetical protein
BEAMACEP_01471	CDS	117				hypothetical protein
BEAMACEP_01472	CDS	111				hypothetical protein
BEAMACEP_01473	CDS	189				hypothetical protein
BEAMACEP_01474	CDS	120				hypothetical protein
BEAMACEP_01475	CDS	99				hypothetical protein
BEAMACEP_01476	CDS	120				hypothetical protein
BEAMACEP_01477	CDS	129				hypothetical protein
BEAMACEP_01478	CDS	129				hypothetical protein
BEAMACEP_01479	CDS	105				hypothetical protein
BEAMACEP_01480	CDS	141				hypothetical protein
BEAMACEP_01481	CDS	93				hypothetical protein
BEAMACEP_01482	CDS	174				hypothetical protein
BEAMACEP_01483	CDS	117				hypothetical protein
BEAMACEP_01484	CDS	90				hypothetical protein
BEAMACEP_01485	CDS	93				hypothetical protein
BEAMACEP_01486	CDS	93				hypothetical protein
BEAMACEP_01487	CDS	129				hypothetical protein
BEAMACEP_01488	CDS	111				hypothetical protein
BEAMACEP_01489	CDS	93				hypothetical protein
BEAMACEP_01490	CDS	138				hypothetical protein
BEAMACEP_01491	CDS	117				hypothetical protein
BEAMACEP_01492	CDS	135				hypothetical protein
BEAMACEP_01493	CDS	93				hypothetical protein
BEAMACEP_01494	CDS	93				hypothetical protein
BEAMACEP_01495	CDS	96				hypothetical protein
BEAMACEP_01496	CDS	93				hypothetical protein
BEAMACEP_01497	CDS	210				hypothetical protein
BEAMACEP_01498	CDS	93				hypothetical protein
BEAMACEP_01499	CDS	93				hypothetical protein
BEAMACEP_01500	CDS	120				hypothetical protein
BEAMACEP_01501	CDS	96				hypothetical protein
BEAMACEP_01502	CDS	93				hypothetical protein
BEAMACEP_01503	CDS	117				hypothetical protein
BEAMACEP_01504	CDS	93				hypothetical protein
BEAMACEP_01505	CDS	225				hypothetical protein
BEAMACEP_01506	CDS	93				hypothetical protein
BEAMACEP_01507	CDS	93				hypothetical protein
BEAMACEP_01508	CDS	138				hypothetical protein
BEAMACEP_01509	CDS	93				hypothetical protein
BEAMACEP_01510	CDS	195				hypothetical protein
BEAMACEP_01511	CDS	135				hypothetical protein
BEAMACEP_01512	CDS	93				hypothetical protein
BEAMACEP_01513	CDS	138				hypothetical protein
BEAMACEP_01514	CDS	93				hypothetical protein
BEAMACEP_01515	CDS	138				hypothetical protein
BEAMACEP_01516	CDS	171				hypothetical protein
BEAMACEP_01517	CDS	96				hypothetical protein
BEAMACEP_01518	CDS	117				hypothetical protein
BEAMACEP_01519	CDS	132				hypothetical protein
BEAMACEP_01520	CDS	147				hypothetical protein
BEAMACEP_01521	CDS	123				hypothetical protein
BEAMACEP_01522	CDS	93				hypothetical protein
BEAMACEP_01523	CDS	138				hypothetical protein
BEAMACEP_01524	CDS	117				hypothetical protein
BEAMACEP_01525	CDS	129				hypothetical protein
BEAMACEP_01526	CDS	135				hypothetical protein
BEAMACEP_01527	CDS	138				hypothetical protein
BEAMACEP_01528	CDS	93				hypothetical protein
BEAMACEP_01529	CDS	126				hypothetical protein
BEAMACEP_01530	CDS	225				hypothetical protein
BEAMACEP_01531	CDS	105				hypothetical protein
BEAMACEP_01532	CDS	93				hypothetical protein
BEAMACEP_01533	CDS	102				hypothetical protein
BEAMACEP_01534	CDS	93				hypothetical protein
BEAMACEP_01535	CDS	129				hypothetical protein
BEAMACEP_01536	CDS	96				hypothetical protein
BEAMACEP_01537	CDS	93				hypothetical protein
BEAMACEP_01538	CDS	117				hypothetical protein
BEAMACEP_01539	CDS	93				hypothetical protein
BEAMACEP_01540	CDS	99				hypothetical protein
BEAMACEP_01541	CDS	135				hypothetical protein
BEAMACEP_01542	CDS	93				hypothetical protein
BEAMACEP_01543	CDS	120				hypothetical protein
BEAMACEP_01544	CDS	93				hypothetical protein
BEAMACEP_01545	CDS	138				hypothetical protein
BEAMACEP_01546	CDS	93				hypothetical protein
BEAMACEP_01547	CDS	156				hypothetical protein
BEAMACEP_01548	CDS	129				hypothetical protein
BEAMACEP_01549	CDS	93				hypothetical protein
BEAMACEP_01550	CDS	93				hypothetical protein
BEAMACEP_01551	CDS	108				hypothetical protein
BEAMACEP_01552	CDS	111				hypothetical protein
BEAMACEP_01553	CDS	132				hypothetical protein
BEAMACEP_01554	CDS	93				hypothetical protein
BEAMACEP_01555	CDS	129				hypothetical protein
BEAMACEP_01556	CDS	138				hypothetical protein
BEAMACEP_01557	CDS	93				hypothetical protein
BEAMACEP_01558	CDS	132				hypothetical protein
BEAMACEP_01559	CDS	96				hypothetical protein
BEAMACEP_01560	CDS	138				hypothetical protein
BEAMACEP_01561	CDS	93				hypothetical protein
BEAMACEP_01562	CDS	93				hypothetical protein
BEAMACEP_01563	CDS	138				hypothetical protein
BEAMACEP_01564	CDS	165				hypothetical protein
BEAMACEP_01565	CDS	216				hypothetical protein
BEAMACEP_01566	CDS	93				hypothetical protein
BEAMACEP_01567	CDS	129				hypothetical protein
BEAMACEP_01568	CDS	90				hypothetical protein
BEAMACEP_01569	CDS	93				hypothetical protein
BEAMACEP_01570	CDS	138				hypothetical protein
BEAMACEP_01571	CDS	114				hypothetical protein
BEAMACEP_01572	CDS	117				hypothetical protein
BEAMACEP_01573	CDS	114				hypothetical protein
BEAMACEP_01574	CDS	93				hypothetical protein
BEAMACEP_01575	CDS	96				hypothetical protein
BEAMACEP_01576	CDS	96				hypothetical protein
BEAMACEP_01577	CDS	93				hypothetical protein
BEAMACEP_01578	CDS	114				hypothetical protein
BEAMACEP_01579	CDS	117				hypothetical protein
BEAMACEP_01580	CDS	225				hypothetical protein
BEAMACEP_01581	CDS	93				hypothetical protein
BEAMACEP_01582	CDS	93				hypothetical protein
BEAMACEP_01583	CDS	195				hypothetical protein
BEAMACEP_01584	CDS	132				hypothetical protein
BEAMACEP_01585	CDS	135				hypothetical protein
BEAMACEP_01586	CDS	180				hypothetical protein
BEAMACEP_01587	CDS	93				hypothetical protein
BEAMACEP_01588	CDS	93				hypothetical protein
BEAMACEP_01589	CDS	93				hypothetical protein
BEAMACEP_01590	CDS	138				hypothetical protein
BEAMACEP_01591	CDS	93				hypothetical protein
BEAMACEP_01592	CDS	180				hypothetical protein
BEAMACEP_01593	CDS	129				hypothetical protein
BEAMACEP_01594	CDS	210				hypothetical protein
BEAMACEP_01595	CDS	159				hypothetical protein
BEAMACEP_01596	CDS	201				hypothetical protein
BEAMACEP_01597	CDS	93				hypothetical protein
BEAMACEP_01598	CDS	210				hypothetical protein
BEAMACEP_01599	CDS	120				hypothetical protein
BEAMACEP_01600	CDS	96				hypothetical protein
BEAMACEP_01601	CDS	219				hypothetical protein
BEAMACEP_01602	CDS	135				hypothetical protein
BEAMACEP_01603	CDS	156				hypothetical protein
BEAMACEP_01604	CDS	93				hypothetical protein
BEAMACEP_01605	CDS	93				hypothetical protein
BEAMACEP_01606	CDS	102				hypothetical protein
BEAMACEP_01607	CDS	93				hypothetical protein
BEAMACEP_01608	CDS	138				hypothetical protein
BEAMACEP_01609	CDS	114				hypothetical protein
BEAMACEP_01610	CDS	93				hypothetical protein
BEAMACEP_01611	CDS	126				hypothetical protein
BEAMACEP_01612	CDS	93				hypothetical protein
BEAMACEP_01613	CDS	93				hypothetical protein
BEAMACEP_01614	CDS	105				hypothetical protein
BEAMACEP_01615	CDS	93				hypothetical protein
BEAMACEP_01616	CDS	129				hypothetical protein
BEAMACEP_01617	CDS	129				hypothetical protein
BEAMACEP_01618	CDS	102				hypothetical protein
BEAMACEP_01619	CDS	138				hypothetical protein
BEAMACEP_01620	CDS	225				hypothetical protein
BEAMACEP_01621	CDS	132				hypothetical protein
BEAMACEP_01622	CDS	96				hypothetical protein
BEAMACEP_01623	CDS	120				hypothetical protein
BEAMACEP_01624	CDS	105				hypothetical protein
BEAMACEP_01625	CDS	129				hypothetical protein
BEAMACEP_01626	CDS	117				hypothetical protein
BEAMACEP_01627	CDS	144				hypothetical protein
BEAMACEP_01628	CDS	201				hypothetical protein
BEAMACEP_01629	CDS	129				hypothetical protein
BEAMACEP_01630	CDS	129				hypothetical protein
BEAMACEP_01631	CDS	138				hypothetical protein
BEAMACEP_01632	CDS	93				hypothetical protein
BEAMACEP_01633	CDS	117				hypothetical protein
BEAMACEP_01634	CDS	117				hypothetical protein
BEAMACEP_01635	CDS	114				hypothetical protein
BEAMACEP_01636	CDS	120				hypothetical protein
BEAMACEP_01637	CDS	93				hypothetical protein
BEAMACEP_01638	CDS	156				hypothetical protein
BEAMACEP_01639	CDS	120				hypothetical protein
BEAMACEP_01640	CDS	234				hypothetical protein
BEAMACEP_01641	CDS	186				hypothetical protein
BEAMACEP_01642	CDS	93				hypothetical protein
BEAMACEP_01643	CDS	90				hypothetical protein
BEAMACEP_01644	CDS	171				hypothetical protein
BEAMACEP_01645	CDS	105				hypothetical protein
BEAMACEP_01646	CDS	102				hypothetical protein
BEAMACEP_01647	CDS	93				hypothetical protein
BEAMACEP_01648	CDS	138				hypothetical protein
BEAMACEP_01649	CDS	93				hypothetical protein
BEAMACEP_01650	CDS	93				hypothetical protein
BEAMACEP_01651	CDS	93				hypothetical protein
BEAMACEP_01652	CDS	105				hypothetical protein
BEAMACEP_01653	CDS	216				hypothetical protein
BEAMACEP_01654	CDS	93				hypothetical protein
BEAMACEP_01655	CDS	126				hypothetical protein
BEAMACEP_01656	CDS	93				hypothetical protein
BEAMACEP_01657	CDS	114				hypothetical protein
BEAMACEP_01658	CDS	90				hypothetical protein
BEAMACEP_01659	CDS	120				hypothetical protein
BEAMACEP_01660	CDS	129				hypothetical protein
BEAMACEP_01661	CDS	129				hypothetical protein
BEAMACEP_01662	CDS	93				hypothetical protein
BEAMACEP_01663	CDS	114				hypothetical protein
BEAMACEP_01664	CDS	138				hypothetical protein
BEAMACEP_01665	CDS	129				hypothetical protein
BEAMACEP_01666	CDS	96				hypothetical protein
BEAMACEP_01667	CDS	129				hypothetical protein
BEAMACEP_01668	CDS	132				hypothetical protein
BEAMACEP_01669	CDS	93				hypothetical protein
BEAMACEP_01670	CDS	93				hypothetical protein
BEAMACEP_01671	CDS	93				hypothetical protein
BEAMACEP_01672	CDS	96				hypothetical protein
BEAMACEP_01673	CDS	105				hypothetical protein
BEAMACEP_01674	CDS	93				hypothetical protein
BEAMACEP_01675	CDS	138				hypothetical protein
BEAMACEP_01676	CDS	129				hypothetical protein
BEAMACEP_01677	CDS	93				hypothetical protein
BEAMACEP_01678	CDS	114				hypothetical protein
BEAMACEP_01679	CDS	138				hypothetical protein
BEAMACEP_01680	CDS	102				hypothetical protein
BEAMACEP_01681	CDS	126				hypothetical protein
BEAMACEP_01682	CDS	93				hypothetical protein
BEAMACEP_01683	CDS	138				hypothetical protein
BEAMACEP_01684	CDS	93				hypothetical protein
BEAMACEP_01685	CDS	96				hypothetical protein
BEAMACEP_01686	CDS	96				hypothetical protein
BEAMACEP_01687	CDS	129				hypothetical protein
BEAMACEP_01688	CDS	138				hypothetical protein
BEAMACEP_01689	CDS	117				hypothetical protein
BEAMACEP_01690	CDS	93				hypothetical protein
BEAMACEP_01691	CDS	138				hypothetical protein
BEAMACEP_01692	CDS	93				hypothetical protein
BEAMACEP_01693	CDS	126				hypothetical protein
BEAMACEP_01694	CDS	147				hypothetical protein
BEAMACEP_01695	CDS	129				hypothetical protein
BEAMACEP_01696	CDS	138				hypothetical protein
BEAMACEP_01697	CDS	159				hypothetical protein
BEAMACEP_01698	CDS	138				hypothetical protein
BEAMACEP_01699	CDS	117				hypothetical protein
BEAMACEP_01700	CDS	96				hypothetical protein
BEAMACEP_01701	CDS	138				hypothetical protein
BEAMACEP_01702	CDS	111				hypothetical protein
BEAMACEP_01703	CDS	105				hypothetical protein
BEAMACEP_01704	CDS	129				hypothetical protein
BEAMACEP_01705	CDS	147				hypothetical protein
BEAMACEP_01706	CDS	117				hypothetical protein
BEAMACEP_01707	CDS	96				hypothetical protein
BEAMACEP_01708	CDS	93				hypothetical protein
BEAMACEP_01709	CDS	93				hypothetical protein
BEAMACEP_01710	CDS	138				hypothetical protein
BEAMACEP_01711	CDS	123				hypothetical protein
BEAMACEP_01712	CDS	102				hypothetical protein
BEAMACEP_01713	CDS	132				hypothetical protein
BEAMACEP_01714	CDS	120				hypothetical protein
BEAMACEP_01715	CDS	120				hypothetical protein
BEAMACEP_01716	CDS	93				hypothetical protein
BEAMACEP_01717	CDS	93				hypothetical protein
BEAMACEP_01718	CDS	129				hypothetical protein
BEAMACEP_01719	CDS	129				hypothetical protein
BEAMACEP_01720	CDS	129				hypothetical protein
BEAMACEP_01721	CDS	114				hypothetical protein
BEAMACEP_01722	CDS	120				hypothetical protein
BEAMACEP_01723	CDS	114				hypothetical protein
BEAMACEP_01724	CDS	93				hypothetical protein
BEAMACEP_01725	CDS	138				hypothetical protein
BEAMACEP_01726	CDS	159				hypothetical protein
BEAMACEP_01727	CDS	96				hypothetical protein
BEAMACEP_01728	CDS	234				hypothetical protein
BEAMACEP_01729	CDS	117				hypothetical protein
BEAMACEP_01730	CDS	93				hypothetical protein
BEAMACEP_01731	CDS	96				hypothetical protein
BEAMACEP_01732	CDS	138				hypothetical protein
BEAMACEP_01733	CDS	132				hypothetical protein
BEAMACEP_01734	CDS	129				hypothetical protein
BEAMACEP_01735	CDS	93				hypothetical protein
BEAMACEP_01736	CDS	135				hypothetical protein
BEAMACEP_01737	CDS	93				hypothetical protein
BEAMACEP_01738	CDS	135				hypothetical protein
BEAMACEP_01739	CDS	102				hypothetical protein
BEAMACEP_01740	CDS	93				hypothetical protein
BEAMACEP_01741	CDS	93				hypothetical protein
BEAMACEP_01742	CDS	117				hypothetical protein
BEAMACEP_01743	CDS	93				hypothetical protein
BEAMACEP_01744	CDS	93				hypothetical protein
BEAMACEP_01745	CDS	93				hypothetical protein
BEAMACEP_01746	CDS	93				hypothetical protein
BEAMACEP_01747	CDS	96				hypothetical protein
BEAMACEP_01748	CDS	93				hypothetical protein
BEAMACEP_01749	CDS	138				hypothetical protein
BEAMACEP_01750	CDS	135				hypothetical protein
BEAMACEP_01751	CDS	102				hypothetical protein
BEAMACEP_01752	CDS	117				hypothetical protein
BEAMACEP_01753	CDS	93				hypothetical protein
BEAMACEP_01754	CDS	147				hypothetical protein
BEAMACEP_01755	CDS	126				hypothetical protein
BEAMACEP_01756	CDS	192				hypothetical protein
BEAMACEP_01757	CDS	138				hypothetical protein
BEAMACEP_01758	CDS	135				hypothetical protein
BEAMACEP_01759	CDS	93				hypothetical protein
BEAMACEP_01760	CDS	117				hypothetical protein
BEAMACEP_01761	CDS	132				hypothetical protein
BEAMACEP_01762	CDS	114				hypothetical protein
BEAMACEP_01763	CDS	99				hypothetical protein
BEAMACEP_01764	CDS	138				hypothetical protein
BEAMACEP_01765	CDS	114				hypothetical protein
BEAMACEP_01766	CDS	117				hypothetical protein
BEAMACEP_01767	CDS	96				hypothetical protein
BEAMACEP_01768	CDS	93				hypothetical protein
BEAMACEP_01769	CDS	138				hypothetical protein
BEAMACEP_01770	CDS	132				hypothetical protein
BEAMACEP_01771	CDS	132				hypothetical protein
BEAMACEP_01772	CDS	126				hypothetical protein
BEAMACEP_01773	CDS	111				hypothetical protein
BEAMACEP_01774	CDS	96				hypothetical protein
BEAMACEP_01775	CDS	108				hypothetical protein
BEAMACEP_01776	CDS	138				hypothetical protein
BEAMACEP_01777	CDS	195				hypothetical protein
BEAMACEP_01778	CDS	93				hypothetical protein
BEAMACEP_01779	CDS	138				hypothetical protein
BEAMACEP_01780	CDS	105				hypothetical protein
BEAMACEP_01781	CDS	93				hypothetical protein
BEAMACEP_01782	CDS	207				hypothetical protein
BEAMACEP_01783	CDS	132				hypothetical protein
BEAMACEP_01784	CDS	201				hypothetical protein
BEAMACEP_01785	CDS	93				hypothetical protein
BEAMACEP_01786	CDS	99				hypothetical protein
BEAMACEP_01787	CDS	117				hypothetical protein
BEAMACEP_01788	CDS	93				hypothetical protein
BEAMACEP_01789	CDS	93				hypothetical protein
BEAMACEP_01790	CDS	108				hypothetical protein
BEAMACEP_01791	CDS	105				hypothetical protein
BEAMACEP_01792	CDS	111				hypothetical protein
BEAMACEP_01793	CDS	117				hypothetical protein
BEAMACEP_01794	CDS	126				hypothetical protein
BEAMACEP_01795	CDS	93				hypothetical protein
BEAMACEP_01796	CDS	111				hypothetical protein
BEAMACEP_01797	CDS	138				hypothetical protein
BEAMACEP_01798	CDS	93				hypothetical protein
BEAMACEP_01799	CDS	117				hypothetical protein
BEAMACEP_01800	CDS	210				hypothetical protein
BEAMACEP_01801	CDS	129				hypothetical protein
BEAMACEP_01802	CDS	129				hypothetical protein
BEAMACEP_01803	CDS	114				hypothetical protein
BEAMACEP_01804	CDS	126				hypothetical protein
BEAMACEP_01805	CDS	138				hypothetical protein
BEAMACEP_01806	CDS	93				hypothetical protein
BEAMACEP_01807	CDS	99				hypothetical protein
BEAMACEP_01808	CDS	138				hypothetical protein
BEAMACEP_01809	CDS	102				hypothetical protein
BEAMACEP_01810	CDS	129				hypothetical protein
BEAMACEP_01811	CDS	138				hypothetical protein
BEAMACEP_01812	CDS	138				hypothetical protein
BEAMACEP_01813	CDS	129				hypothetical protein
BEAMACEP_01814	CDS	117				hypothetical protein
BEAMACEP_01815	CDS	117				hypothetical protein
BEAMACEP_01816	CDS	129				hypothetical protein
BEAMACEP_01817	CDS	129				hypothetical protein
BEAMACEP_01818	CDS	147				hypothetical protein
BEAMACEP_01819	CDS	138				hypothetical protein
BEAMACEP_01820	CDS	120				hypothetical protein
BEAMACEP_01821	CDS	93				hypothetical protein
BEAMACEP_01822	CDS	138				hypothetical protein
BEAMACEP_01823	CDS	93				hypothetical protein
BEAMACEP_01824	CDS	132				hypothetical protein
BEAMACEP_01825	CDS	99				hypothetical protein
BEAMACEP_01826	CDS	93				hypothetical protein
BEAMACEP_01827	CDS	99				hypothetical protein
BEAMACEP_01828	CDS	138				hypothetical protein
BEAMACEP_01829	CDS	123				hypothetical protein
BEAMACEP_01830	CDS	147				hypothetical protein
BEAMACEP_01831	CDS	96				hypothetical protein
BEAMACEP_01832	CDS	93				hypothetical protein
BEAMACEP_01833	CDS	93				hypothetical protein
BEAMACEP_01834	CDS	93				hypothetical protein
BEAMACEP_01835	CDS	99				hypothetical protein
BEAMACEP_01836	CDS	96				hypothetical protein
BEAMACEP_01837	CDS	147				hypothetical protein
BEAMACEP_01838	CDS	135				hypothetical protein
BEAMACEP_01839	CDS	132				hypothetical protein
BEAMACEP_01840	CDS	96				hypothetical protein
BEAMACEP_01841	CDS	93				hypothetical protein
BEAMACEP_01842	CDS	96				hypothetical protein
BEAMACEP_01843	CDS	93				hypothetical protein
BEAMACEP_01844	CDS	171				hypothetical protein
BEAMACEP_01845	CDS	93				hypothetical protein
BEAMACEP_01846	CDS	114				hypothetical protein
BEAMACEP_01847	CDS	108				hypothetical protein
BEAMACEP_01848	CDS	129				hypothetical protein
BEAMACEP_01849	CDS	114				hypothetical protein
BEAMACEP_01850	CDS	96				hypothetical protein
BEAMACEP_01851	CDS	234				hypothetical protein
BEAMACEP_01852	CDS	123				hypothetical protein
BEAMACEP_01853	CDS	93				hypothetical protein
BEAMACEP_01854	CDS	102				hypothetical protein
BEAMACEP_01855	CDS	96				hypothetical protein
BEAMACEP_01856	CDS	93				hypothetical protein
BEAMACEP_01857	CDS	159				hypothetical protein
BEAMACEP_01858	CDS	117				hypothetical protein
BEAMACEP_01859	CDS	102				hypothetical protein
BEAMACEP_01860	CDS	93				hypothetical protein
BEAMACEP_01861	CDS	138				hypothetical protein
BEAMACEP_01862	CDS	120				hypothetical protein
BEAMACEP_01863	CDS	90				hypothetical protein
BEAMACEP_01864	CDS	138				hypothetical protein
BEAMACEP_01865	CDS	117				hypothetical protein
BEAMACEP_01866	CDS	93				hypothetical protein
BEAMACEP_01867	CDS	114				hypothetical protein
BEAMACEP_01868	CDS	138				hypothetical protein
BEAMACEP_01869	CDS	135				hypothetical protein
BEAMACEP_01870	CDS	225				hypothetical protein
BEAMACEP_01871	CDS	117				hypothetical protein
BEAMACEP_01872	CDS	111				hypothetical protein
BEAMACEP_01873	CDS	93				hypothetical protein
BEAMACEP_01874	CDS	120				hypothetical protein
BEAMACEP_01875	CDS	129				hypothetical protein
BEAMACEP_01876	CDS	126				hypothetical protein
BEAMACEP_01877	CDS	93				hypothetical protein
BEAMACEP_01878	CDS	93				hypothetical protein
BEAMACEP_01879	CDS	99				hypothetical protein
BEAMACEP_01880	CDS	147				hypothetical protein
BEAMACEP_01881	CDS	96				hypothetical protein
BEAMACEP_01882	CDS	93				hypothetical protein
BEAMACEP_01883	CDS	132				hypothetical protein
BEAMACEP_01884	CDS	93				hypothetical protein
BEAMACEP_01885	CDS	93				hypothetical protein
BEAMACEP_01886	CDS	120				hypothetical protein
BEAMACEP_01887	CDS	96				hypothetical protein
BEAMACEP_01888	CDS	129				hypothetical protein
BEAMACEP_01889	CDS	93				hypothetical protein
BEAMACEP_01890	CDS	93				hypothetical protein
BEAMACEP_01891	CDS	93				hypothetical protein
BEAMACEP_01892	CDS	114				hypothetical protein
BEAMACEP_01893	CDS	93				hypothetical protein
BEAMACEP_01894	CDS	201				hypothetical protein
BEAMACEP_01895	CDS	90				hypothetical protein
BEAMACEP_01896	CDS	138				hypothetical protein
BEAMACEP_01897	CDS	138				hypothetical protein
BEAMACEP_01898	CDS	93				hypothetical protein
BEAMACEP_01899	CDS	93				hypothetical protein
BEAMACEP_01900	CDS	93				hypothetical protein
BEAMACEP_01901	CDS	99				hypothetical protein
BEAMACEP_01902	CDS	93				hypothetical protein
BEAMACEP_01903	CDS	129				hypothetical protein
BEAMACEP_01904	CDS	126				hypothetical protein
BEAMACEP_01905	CDS	93				hypothetical protein
BEAMACEP_01906	CDS	120				hypothetical protein
BEAMACEP_01907	CDS	96				hypothetical protein
BEAMACEP_01908	CDS	138				hypothetical protein
BEAMACEP_01909	CDS	93				hypothetical protein
BEAMACEP_01910	CDS	126				hypothetical protein
BEAMACEP_01911	CDS	102				hypothetical protein
BEAMACEP_01912	CDS	93				hypothetical protein
BEAMACEP_01913	CDS	135				hypothetical protein
BEAMACEP_01914	CDS	225				hypothetical protein
BEAMACEP_01915	CDS	156				hypothetical protein
BEAMACEP_01916	CDS	138				hypothetical protein
BEAMACEP_01917	CDS	93				hypothetical protein
BEAMACEP_01918	CDS	93				hypothetical protein
BEAMACEP_01919	CDS	129				hypothetical protein
BEAMACEP_01920	CDS	99				hypothetical protein
BEAMACEP_01921	CDS	93				hypothetical protein
BEAMACEP_01922	CDS	96				hypothetical protein
BEAMACEP_01923	CDS	129				hypothetical protein
BEAMACEP_01924	CDS	120				hypothetical protein
BEAMACEP_01925	CDS	234				hypothetical protein
BEAMACEP_01926	CDS	93				hypothetical protein
BEAMACEP_01927	CDS	186				hypothetical protein
BEAMACEP_01928	CDS	234				hypothetical protein
BEAMACEP_01929	CDS	114				hypothetical protein
BEAMACEP_01930	CDS	114				hypothetical protein
BEAMACEP_01931	CDS	120				hypothetical protein
BEAMACEP_01932	CDS	93				hypothetical protein
BEAMACEP_01933	CDS	147				hypothetical protein
BEAMACEP_01934	CDS	171				hypothetical protein
BEAMACEP_01935	CDS	96				hypothetical protein
BEAMACEP_01936	CDS	138				hypothetical protein
BEAMACEP_01937	CDS	180				hypothetical protein
BEAMACEP_01938	CDS	93				hypothetical protein
BEAMACEP_01939	CDS	114				hypothetical protein
BEAMACEP_01940	CDS	102				hypothetical protein
BEAMACEP_01941	CDS	132				hypothetical protein
BEAMACEP_01942	CDS	225				hypothetical protein
BEAMACEP_01943	CDS	126				hypothetical protein
BEAMACEP_01944	CDS	117				hypothetical protein
BEAMACEP_01945	CDS	117				hypothetical protein
BEAMACEP_01946	CDS	102				hypothetical protein
BEAMACEP_01947	CDS	210				hypothetical protein
BEAMACEP_01948	CDS	93				hypothetical protein
BEAMACEP_01949	CDS	93				hypothetical protein
BEAMACEP_01950	CDS	138				hypothetical protein
BEAMACEP_01951	CDS	114				hypothetical protein
BEAMACEP_01952	CDS	210				hypothetical protein
BEAMACEP_01953	CDS	117				hypothetical protein
BEAMACEP_01954	CDS	93				hypothetical protein
BEAMACEP_01955	CDS	138				hypothetical protein
BEAMACEP_01956	CDS	123				hypothetical protein
BEAMACEP_01957	CDS	93				hypothetical protein
BEAMACEP_01958	CDS	105				hypothetical protein
BEAMACEP_01959	CDS	93				hypothetical protein
BEAMACEP_01960	CDS	93				hypothetical protein
BEAMACEP_01961	CDS	114				hypothetical protein
BEAMACEP_01962	CDS	96				hypothetical protein
BEAMACEP_01963	CDS	159				hypothetical protein
BEAMACEP_01964	CDS	93				hypothetical protein
BEAMACEP_01965	CDS	135				hypothetical protein
BEAMACEP_01966	CDS	93				hypothetical protein
BEAMACEP_01967	CDS	159				hypothetical protein
BEAMACEP_01968	CDS	93				hypothetical protein
BEAMACEP_01969	CDS	117				hypothetical protein
BEAMACEP_01970	CDS	96				hypothetical protein
BEAMACEP_01971	CDS	117				hypothetical protein
BEAMACEP_01972	CDS	117				hypothetical protein
BEAMACEP_01973	CDS	135				hypothetical protein
BEAMACEP_01974	CDS	93				hypothetical protein
BEAMACEP_01975	CDS	96				hypothetical protein
BEAMACEP_01976	CDS	129				hypothetical protein
BEAMACEP_01977	CDS	93				hypothetical protein
BEAMACEP_01978	CDS	93				hypothetical protein
BEAMACEP_01979	CDS	93				hypothetical protein
BEAMACEP_01980	CDS	123				hypothetical protein
BEAMACEP_01981	CDS	108				hypothetical protein
BEAMACEP_01982	CDS	93				hypothetical protein
BEAMACEP_01983	CDS	132				hypothetical protein
BEAMACEP_01984	CDS	93				hypothetical protein
BEAMACEP_01985	CDS	105				hypothetical protein
BEAMACEP_01986	CDS	117				hypothetical protein
BEAMACEP_01987	CDS	117				hypothetical protein
BEAMACEP_01988	CDS	138				hypothetical protein
BEAMACEP_01989	CDS	93				hypothetical protein
BEAMACEP_01990	CDS	96				hypothetical protein
BEAMACEP_01991	CDS	129				hypothetical protein
BEAMACEP_01992	CDS	201				hypothetical protein
BEAMACEP_01993	CDS	90				hypothetical protein
BEAMACEP_01994	CDS	93				hypothetical protein
BEAMACEP_01995	CDS	249				hypothetical protein
BEAMACEP_01996	CDS	147				hypothetical protein
BEAMACEP_01997	CDS	93				hypothetical protein
BEAMACEP_01998	CDS	114				hypothetical protein
BEAMACEP_01999	CDS	132				hypothetical protein
BEAMACEP_02000	CDS	117				hypothetical protein
BEAMACEP_02001	CDS	117				hypothetical protein
BEAMACEP_02002	CDS	93				hypothetical protein
BEAMACEP_02003	CDS	123				hypothetical protein
BEAMACEP_02004	CDS	96				hypothetical protein
BEAMACEP_02005	CDS	120				hypothetical protein
BEAMACEP_02006	CDS	96				hypothetical protein
BEAMACEP_02007	CDS	93				hypothetical protein
BEAMACEP_02008	CDS	93				hypothetical protein
BEAMACEP_02009	CDS	129				hypothetical protein
BEAMACEP_02010	CDS	171				hypothetical protein
BEAMACEP_02011	CDS	93				hypothetical protein
BEAMACEP_02012	CDS	108				hypothetical protein
BEAMACEP_02013	CDS	138				hypothetical protein
BEAMACEP_02014	CDS	129				hypothetical protein
BEAMACEP_02015	CDS	117				hypothetical protein
BEAMACEP_02016	CDS	102				hypothetical protein
BEAMACEP_02017	CDS	138				hypothetical protein
BEAMACEP_02018	CDS	114				hypothetical protein
BEAMACEP_02019	CDS	93				hypothetical protein
BEAMACEP_02020	CDS	132				hypothetical protein
BEAMACEP_02021	CDS	93				hypothetical protein
BEAMACEP_02022	CDS	93				hypothetical protein
BEAMACEP_02023	CDS	192				hypothetical protein
BEAMACEP_02024	CDS	93				hypothetical protein
BEAMACEP_02025	CDS	93				hypothetical protein
BEAMACEP_02026	CDS	138				hypothetical protein
BEAMACEP_02027	CDS	93				hypothetical protein
BEAMACEP_02028	CDS	219				hypothetical protein
BEAMACEP_02029	CDS	93				hypothetical protein
BEAMACEP_02030	CDS	129				hypothetical protein
BEAMACEP_02031	CDS	138				hypothetical protein
BEAMACEP_02032	CDS	96				hypothetical protein
BEAMACEP_02033	CDS	93				hypothetical protein
BEAMACEP_02034	CDS	93				hypothetical protein
BEAMACEP_02035	CDS	111				hypothetical protein
BEAMACEP_02036	CDS	96				hypothetical protein
BEAMACEP_02037	CDS	93				hypothetical protein
BEAMACEP_02038	CDS	93				hypothetical protein
BEAMACEP_02039	CDS	93				hypothetical protein
BEAMACEP_02040	CDS	135				hypothetical protein
BEAMACEP_02041	CDS	93				hypothetical protein
BEAMACEP_02042	CDS	114				hypothetical protein
BEAMACEP_02043	CDS	93				hypothetical protein
BEAMACEP_02044	CDS	135				hypothetical protein
BEAMACEP_02045	CDS	117				hypothetical protein
BEAMACEP_02046	CDS	111				hypothetical protein
BEAMACEP_02047	CDS	126				hypothetical protein
BEAMACEP_02048	CDS	93				hypothetical protein
BEAMACEP_02049	CDS	180				hypothetical protein
BEAMACEP_02050	CDS	147				hypothetical protein
BEAMACEP_02051	CDS	120				hypothetical protein
BEAMACEP_02052	CDS	126				hypothetical protein
BEAMACEP_02053	CDS	99				hypothetical protein
BEAMACEP_02054	CDS	93				hypothetical protein
BEAMACEP_02055	CDS	93				hypothetical protein
BEAMACEP_02056	CDS	93				hypothetical protein
BEAMACEP_02057	CDS	90				hypothetical protein
BEAMACEP_02058	CDS	93				hypothetical protein
BEAMACEP_02059	CDS	123				hypothetical protein
BEAMACEP_02060	CDS	225				hypothetical protein
BEAMACEP_02061	CDS	93				hypothetical protein
BEAMACEP_02062	CDS	93				hypothetical protein
BEAMACEP_02063	CDS	93				hypothetical protein
BEAMACEP_02064	CDS	93				hypothetical protein
BEAMACEP_02065	CDS	129				hypothetical protein
BEAMACEP_02066	CDS	93				hypothetical protein
BEAMACEP_02067	CDS	129				hypothetical protein
BEAMACEP_02068	CDS	147				hypothetical protein
BEAMACEP_02069	CDS	138				hypothetical protein
BEAMACEP_02070	CDS	120				hypothetical protein
BEAMACEP_02071	CDS	126				hypothetical protein
BEAMACEP_02072	CDS	93				hypothetical protein
BEAMACEP_02073	CDS	93				hypothetical protein
BEAMACEP_02074	CDS	123				hypothetical protein
BEAMACEP_02075	CDS	225				hypothetical protein
BEAMACEP_02076	CDS	93				hypothetical protein
BEAMACEP_02077	CDS	138				hypothetical protein
BEAMACEP_02078	CDS	96				hypothetical protein
BEAMACEP_02079	CDS	93				hypothetical protein
BEAMACEP_02080	CDS	138				hypothetical protein
BEAMACEP_02081	CDS	117				hypothetical protein
BEAMACEP_02082	CDS	93				hypothetical protein
BEAMACEP_02083	CDS	93				hypothetical protein
BEAMACEP_02084	CDS	102				hypothetical protein
BEAMACEP_02085	CDS	180				hypothetical protein
BEAMACEP_02086	CDS	138				hypothetical protein
BEAMACEP_02087	CDS	129				hypothetical protein
BEAMACEP_02088	CDS	138				hypothetical protein
BEAMACEP_02089	CDS	138				hypothetical protein
BEAMACEP_02090	CDS	195				hypothetical protein
BEAMACEP_02091	CDS	93				hypothetical protein
BEAMACEP_02092	CDS	129				hypothetical protein
BEAMACEP_02093	CDS	93				hypothetical protein
BEAMACEP_02094	CDS	105				hypothetical protein
BEAMACEP_02095	CDS	93				hypothetical protein
BEAMACEP_02096	CDS	123				hypothetical protein
BEAMACEP_02097	CDS	198				hypothetical protein
BEAMACEP_02098	CDS	93				hypothetical protein
BEAMACEP_02099	CDS	99				hypothetical protein
BEAMACEP_02100	CDS	126				hypothetical protein
BEAMACEP_02101	CDS	129				hypothetical protein
BEAMACEP_02102	CDS	93				hypothetical protein
BEAMACEP_02103	CDS	129				hypothetical protein
BEAMACEP_02104	CDS	96				hypothetical protein
BEAMACEP_02105	CDS	93				hypothetical protein
BEAMACEP_02106	CDS	129				hypothetical protein
BEAMACEP_02107	CDS	147				hypothetical protein
BEAMACEP_02108	CDS	93				hypothetical protein
BEAMACEP_02109	CDS	93				hypothetical protein
BEAMACEP_02110	CDS	93				hypothetical protein
BEAMACEP_02111	CDS	147				hypothetical protein
BEAMACEP_02112	CDS	96				hypothetical protein
BEAMACEP_02113	CDS	93				hypothetical protein
BEAMACEP_02114	CDS	129				hypothetical protein
BEAMACEP_02115	CDS	114				hypothetical protein
BEAMACEP_02116	CDS	120				hypothetical protein
BEAMACEP_02117	CDS	93				hypothetical protein
BEAMACEP_02118	CDS	117				hypothetical protein
BEAMACEP_02119	CDS	114				hypothetical protein
BEAMACEP_02120	CDS	180				hypothetical protein
BEAMACEP_02121	CDS	138				hypothetical protein
BEAMACEP_02122	CDS	96				hypothetical protein
BEAMACEP_02123	CDS	93				hypothetical protein
BEAMACEP_02124	CDS	147				hypothetical protein
BEAMACEP_02125	CDS	132				hypothetical protein
BEAMACEP_02126	CDS	114				hypothetical protein
BEAMACEP_02127	CDS	138				hypothetical protein
BEAMACEP_02128	CDS	93				hypothetical protein
BEAMACEP_02129	CDS	114				hypothetical protein
BEAMACEP_02130	CDS	147				hypothetical protein
BEAMACEP_02131	CDS	120				hypothetical protein
BEAMACEP_02132	CDS	129				hypothetical protein
BEAMACEP_02133	CDS	93				hypothetical protein
BEAMACEP_02134	CDS	135				hypothetical protein
BEAMACEP_02135	CDS	93				hypothetical protein
BEAMACEP_02136	CDS	93				hypothetical protein
BEAMACEP_02137	CDS	93				hypothetical protein
BEAMACEP_02138	CDS	93				hypothetical protein
BEAMACEP_02139	CDS	93				hypothetical protein
BEAMACEP_02140	CDS	129				hypothetical protein
BEAMACEP_02141	CDS	93				hypothetical protein
BEAMACEP_02142	CDS	180				hypothetical protein
BEAMACEP_02143	CDS	96				hypothetical protein
BEAMACEP_02144	CDS	138				hypothetical protein
BEAMACEP_02145	CDS	96				hypothetical protein
BEAMACEP_02146	CDS	129				hypothetical protein
BEAMACEP_02147	CDS	93				hypothetical protein
BEAMACEP_02148	CDS	93				hypothetical protein
BEAMACEP_02149	CDS	162				hypothetical protein
BEAMACEP_02150	CDS	114				hypothetical protein
BEAMACEP_02151	CDS	105				hypothetical protein
BEAMACEP_02152	CDS	102				hypothetical protein
BEAMACEP_02153	CDS	138				hypothetical protein
BEAMACEP_02154	CDS	135				hypothetical protein
BEAMACEP_02155	CDS	93				hypothetical protein
BEAMACEP_02156	CDS	147				hypothetical protein
BEAMACEP_02157	CDS	138				hypothetical protein
BEAMACEP_02158	CDS	93				hypothetical protein
BEAMACEP_02159	CDS	147				hypothetical protein
BEAMACEP_02160	CDS	117				hypothetical protein
BEAMACEP_02161	CDS	93				hypothetical protein
BEAMACEP_02162	CDS	147				hypothetical protein
BEAMACEP_02163	CDS	117				hypothetical protein
BEAMACEP_02164	CDS	117				hypothetical protein
BEAMACEP_02165	CDS	129				hypothetical protein
BEAMACEP_02166	CDS	129				hypothetical protein
BEAMACEP_02167	CDS	93				hypothetical protein
BEAMACEP_02168	CDS	93				hypothetical protein
BEAMACEP_02169	CDS	93				hypothetical protein
BEAMACEP_02170	CDS	216				hypothetical protein
BEAMACEP_02171	CDS	129				hypothetical protein
BEAMACEP_02172	CDS	126				hypothetical protein
BEAMACEP_02173	CDS	120				hypothetical protein
BEAMACEP_02174	CDS	129				hypothetical protein
BEAMACEP_02175	CDS	120				hypothetical protein
BEAMACEP_02176	CDS	93				hypothetical protein
BEAMACEP_02177	CDS	93				hypothetical protein
BEAMACEP_02178	CDS	102				hypothetical protein
BEAMACEP_02179	CDS	123				hypothetical protein
BEAMACEP_02180	CDS	102				hypothetical protein
BEAMACEP_02181	CDS	120				hypothetical protein
BEAMACEP_02182	CDS	129				hypothetical protein
BEAMACEP_02183	CDS	96				hypothetical protein
BEAMACEP_02184	CDS	126				hypothetical protein
BEAMACEP_02185	CDS	108				hypothetical protein
BEAMACEP_02186	CDS	138				hypothetical protein
BEAMACEP_02187	CDS	129				hypothetical protein
BEAMACEP_02188	CDS	147				hypothetical protein
BEAMACEP_02189	CDS	132				hypothetical protein
BEAMACEP_02190	CDS	105				hypothetical protein
BEAMACEP_02191	CDS	93				hypothetical protein
BEAMACEP_02192	CDS	114				hypothetical protein
BEAMACEP_02193	CDS	138				hypothetical protein
BEAMACEP_02194	CDS	129				hypothetical protein
BEAMACEP_02195	CDS	138				hypothetical protein
BEAMACEP_02196	CDS	129				hypothetical protein
BEAMACEP_02197	CDS	93				hypothetical protein
BEAMACEP_02198	CDS	117				hypothetical protein
BEAMACEP_02199	CDS	138				hypothetical protein
BEAMACEP_02200	CDS	120				hypothetical protein
BEAMACEP_02201	CDS	129				hypothetical protein
BEAMACEP_02202	CDS	144				hypothetical protein
BEAMACEP_02203	CDS	93				hypothetical protein
BEAMACEP_02204	CDS	135				hypothetical protein
BEAMACEP_02205	CDS	249				hypothetical protein
BEAMACEP_02206	CDS	114				hypothetical protein
BEAMACEP_02207	CDS	138				hypothetical protein
BEAMACEP_02208	CDS	93				hypothetical protein
BEAMACEP_02209	CDS	93				hypothetical protein
BEAMACEP_02210	CDS	159				hypothetical protein
BEAMACEP_02211	CDS	138				hypothetical protein
BEAMACEP_02212	CDS	126				hypothetical protein
BEAMACEP_02213	CDS	177				hypothetical protein
BEAMACEP_02214	CDS	93				hypothetical protein
BEAMACEP_02215	CDS	93				hypothetical protein
BEAMACEP_02216	CDS	171				hypothetical protein
BEAMACEP_02217	CDS	93				hypothetical protein
BEAMACEP_02218	CDS	234				hypothetical protein
BEAMACEP_02219	CDS	96				hypothetical protein
BEAMACEP_02220	CDS	96				hypothetical protein
BEAMACEP_02221	CDS	168				hypothetical protein
BEAMACEP_02222	CDS	129				hypothetical protein
BEAMACEP_02223	CDS	114				hypothetical protein
BEAMACEP_02224	CDS	138				hypothetical protein
BEAMACEP_02225	CDS	117				hypothetical protein
BEAMACEP_02226	CDS	93				hypothetical protein
BEAMACEP_02227	CDS	93				hypothetical protein
BEAMACEP_02228	CDS	93				hypothetical protein
BEAMACEP_02229	CDS	135				hypothetical protein
BEAMACEP_02230	CDS	99				hypothetical protein
BEAMACEP_02231	CDS	138				hypothetical protein
BEAMACEP_02232	CDS	114				hypothetical protein
BEAMACEP_02233	CDS	90				hypothetical protein
BEAMACEP_02234	CDS	147				hypothetical protein
BEAMACEP_02235	CDS	126				hypothetical protein
BEAMACEP_02236	CDS	120				hypothetical protein
BEAMACEP_02237	CDS	201				hypothetical protein
BEAMACEP_02238	CDS	99				hypothetical protein
BEAMACEP_02239	CDS	93				hypothetical protein
BEAMACEP_02240	CDS	93				hypothetical protein
BEAMACEP_02241	CDS	96				hypothetical protein
BEAMACEP_02242	CDS	96				hypothetical protein
BEAMACEP_02243	CDS	93				hypothetical protein
BEAMACEP_02244	CDS	132				hypothetical protein
BEAMACEP_02245	CDS	138				hypothetical protein
BEAMACEP_02246	CDS	138				hypothetical protein
BEAMACEP_02247	CDS	129				hypothetical protein
BEAMACEP_02248	CDS	114				hypothetical protein
BEAMACEP_02249	CDS	120				hypothetical protein
BEAMACEP_02250	CDS	135				hypothetical protein
BEAMACEP_02251	CDS	126				hypothetical protein
BEAMACEP_02252	CDS	147				hypothetical protein
BEAMACEP_02253	CDS	138				hypothetical protein
BEAMACEP_02254	CDS	129				hypothetical protein
BEAMACEP_02255	CDS	96				hypothetical protein
BEAMACEP_02256	CDS	93				hypothetical protein
BEAMACEP_02257	CDS	138				hypothetical protein
BEAMACEP_02258	CDS	102				hypothetical protein
BEAMACEP_02259	CDS	132				hypothetical protein
BEAMACEP_02260	CDS	132				hypothetical protein
BEAMACEP_02261	CDS	201				hypothetical protein
BEAMACEP_02262	CDS	93				hypothetical protein
BEAMACEP_02263	CDS	93				hypothetical protein
BEAMACEP_02264	CDS	93				hypothetical protein
BEAMACEP_02265	CDS	93				hypothetical protein
BEAMACEP_02266	CDS	132				hypothetical protein
BEAMACEP_02267	CDS	93				hypothetical protein
BEAMACEP_02268	CDS	129				hypothetical protein
BEAMACEP_02269	CDS	105				hypothetical protein
BEAMACEP_02270	CDS	138				hypothetical protein
BEAMACEP_02271	CDS	93				hypothetical protein
BEAMACEP_02272	CDS	138				hypothetical protein
BEAMACEP_02273	CDS	129				hypothetical protein
BEAMACEP_02274	CDS	93				hypothetical protein
BEAMACEP_02275	CDS	96				hypothetical protein
BEAMACEP_02276	CDS	93				hypothetical protein
BEAMACEP_02277	CDS	216				hypothetical protein
BEAMACEP_02278	CDS	93				hypothetical protein
BEAMACEP_02279	CDS	93				hypothetical protein
BEAMACEP_02280	CDS	120				hypothetical protein
BEAMACEP_02281	CDS	120				hypothetical protein
BEAMACEP_02282	CDS	93				hypothetical protein
BEAMACEP_02283	CDS	93				hypothetical protein
BEAMACEP_02284	CDS	102				hypothetical protein
BEAMACEP_02285	CDS	114				hypothetical protein
BEAMACEP_02286	CDS	135				hypothetical protein
BEAMACEP_02287	CDS	93				hypothetical protein
BEAMACEP_02288	CDS	138				hypothetical protein
BEAMACEP_02289	CDS	96				hypothetical protein
BEAMACEP_02290	CDS	129				hypothetical protein
BEAMACEP_02291	CDS	93				hypothetical protein
BEAMACEP_02292	CDS	129				hypothetical protein
BEAMACEP_02293	CDS	138				hypothetical protein
BEAMACEP_02294	CDS	93				hypothetical protein
BEAMACEP_02295	CDS	96				hypothetical protein
BEAMACEP_02296	CDS	117				hypothetical protein
BEAMACEP_02297	CDS	93				hypothetical protein
BEAMACEP_02298	CDS	93				hypothetical protein
BEAMACEP_02299	CDS	117				hypothetical protein
BEAMACEP_02300	CDS	93				hypothetical protein
BEAMACEP_02301	CDS	93				hypothetical protein
BEAMACEP_02302	CDS	114				hypothetical protein
BEAMACEP_02303	CDS	93				hypothetical protein
BEAMACEP_02304	CDS	126				hypothetical protein
BEAMACEP_02305	CDS	138				hypothetical protein
BEAMACEP_02306	CDS	129				hypothetical protein
BEAMACEP_02307	CDS	93				hypothetical protein
BEAMACEP_02308	CDS	93				hypothetical protein
BEAMACEP_02309	CDS	90				hypothetical protein
BEAMACEP_02310	CDS	120				hypothetical protein
BEAMACEP_02311	CDS	138				hypothetical protein
BEAMACEP_02312	CDS	147				hypothetical protein
BEAMACEP_02313	CDS	120				hypothetical protein
BEAMACEP_02314	CDS	93				hypothetical protein
BEAMACEP_02315	CDS	138				hypothetical protein
BEAMACEP_02316	CDS	96				hypothetical protein
BEAMACEP_02317	CDS	129				hypothetical protein
BEAMACEP_02318	CDS	147				hypothetical protein
BEAMACEP_02319	CDS	93				hypothetical protein
BEAMACEP_02320	CDS	108				hypothetical protein
BEAMACEP_02321	CDS	129				hypothetical protein
BEAMACEP_02322	CDS	93				hypothetical protein
BEAMACEP_02323	CDS	93				hypothetical protein
BEAMACEP_02324	CDS	102				hypothetical protein
BEAMACEP_02325	CDS	96				hypothetical protein
BEAMACEP_02326	CDS	126				hypothetical protein
BEAMACEP_02327	CDS	126				hypothetical protein
BEAMACEP_02328	CDS	114				hypothetical protein
BEAMACEP_02329	CDS	93				hypothetical protein
BEAMACEP_02330	CDS	93				hypothetical protein
BEAMACEP_02331	CDS	189				hypothetical protein
BEAMACEP_02332	CDS	96				hypothetical protein
BEAMACEP_02333	CDS	105				hypothetical protein
BEAMACEP_02334	CDS	99				hypothetical protein
BEAMACEP_02335	CDS	93				hypothetical protein
BEAMACEP_02336	CDS	138				hypothetical protein
BEAMACEP_02337	CDS	117				hypothetical protein
BEAMACEP_02338	CDS	102				hypothetical protein
BEAMACEP_02339	CDS	120				hypothetical protein
BEAMACEP_02340	CDS	138				hypothetical protein
BEAMACEP_02341	CDS	123				hypothetical protein
BEAMACEP_02342	CDS	129				hypothetical protein
BEAMACEP_02343	CDS	93				hypothetical protein
BEAMACEP_02344	CDS	93				hypothetical protein
BEAMACEP_02345	CDS	192				hypothetical protein
BEAMACEP_02346	CDS	93				hypothetical protein
BEAMACEP_02347	CDS	129				hypothetical protein
BEAMACEP_02348	CDS	93				hypothetical protein
BEAMACEP_02349	CDS	105				hypothetical protein
BEAMACEP_02350	CDS	93				hypothetical protein
BEAMACEP_02351	CDS	93				hypothetical protein
BEAMACEP_02352	CDS	117				hypothetical protein
BEAMACEP_02353	CDS	132				hypothetical protein
BEAMACEP_02354	CDS	93				hypothetical protein
BEAMACEP_02355	CDS	120				hypothetical protein
BEAMACEP_02356	CDS	129				hypothetical protein
BEAMACEP_02357	CDS	147				hypothetical protein
BEAMACEP_02358	CDS	93				hypothetical protein
BEAMACEP_02359	CDS	117				hypothetical protein
BEAMACEP_02360	CDS	93				hypothetical protein
BEAMACEP_02361	CDS	93				hypothetical protein
BEAMACEP_02362	CDS	93				hypothetical protein
BEAMACEP_02363	CDS	147				hypothetical protein
BEAMACEP_02364	CDS	93				hypothetical protein
BEAMACEP_02365	CDS	210				hypothetical protein
BEAMACEP_02366	CDS	93				hypothetical protein
BEAMACEP_02367	CDS	93				hypothetical protein
BEAMACEP_02368	CDS	93				hypothetical protein
BEAMACEP_02369	CDS	129				hypothetical protein
BEAMACEP_02370	CDS	93				hypothetical protein
BEAMACEP_02371	CDS	105				hypothetical protein
BEAMACEP_02372	CDS	138				hypothetical protein
BEAMACEP_02373	CDS	93				hypothetical protein
BEAMACEP_02374	CDS	93				hypothetical protein
BEAMACEP_02375	CDS	138				hypothetical protein
BEAMACEP_02376	CDS	129				hypothetical protein
BEAMACEP_02377	CDS	135				hypothetical protein
BEAMACEP_02378	CDS	93				hypothetical protein
BEAMACEP_02379	CDS	105				hypothetical protein
BEAMACEP_02380	CDS	147				hypothetical protein
BEAMACEP_02381	CDS	93				hypothetical protein
BEAMACEP_02382	CDS	138				hypothetical protein
BEAMACEP_02383	CDS	114				hypothetical protein
BEAMACEP_02384	CDS	135				hypothetical protein
BEAMACEP_02385	CDS	117				hypothetical protein
BEAMACEP_02386	CDS	138				hypothetical protein
BEAMACEP_02387	CDS	120				hypothetical protein
BEAMACEP_02388	CDS	93				hypothetical protein
BEAMACEP_02389	CDS	243				hypothetical protein
BEAMACEP_02390	CDS	93				hypothetical protein
BEAMACEP_02391	CDS	114				hypothetical protein
BEAMACEP_02392	CDS	93				hypothetical protein
BEAMACEP_02393	CDS	93				hypothetical protein
BEAMACEP_02394	CDS	93				hypothetical protein
BEAMACEP_02395	CDS	93				hypothetical protein
BEAMACEP_02396	CDS	129				hypothetical protein
BEAMACEP_02397	CDS	96				hypothetical protein
BEAMACEP_02398	CDS	93				hypothetical protein
BEAMACEP_02399	CDS	96				hypothetical protein
BEAMACEP_02400	CDS	129				hypothetical protein
BEAMACEP_02401	CDS	165				hypothetical protein
BEAMACEP_02402	CDS	102				hypothetical protein
BEAMACEP_02403	CDS	93				hypothetical protein
BEAMACEP_02404	CDS	93				hypothetical protein
BEAMACEP_02405	CDS	93				hypothetical protein
BEAMACEP_02406	CDS	147				hypothetical protein
BEAMACEP_02407	CDS	123				hypothetical protein
BEAMACEP_02408	CDS	120				hypothetical protein
BEAMACEP_02409	CDS	126				hypothetical protein
BEAMACEP_02410	CDS	96				hypothetical protein
BEAMACEP_02411	CDS	114				hypothetical protein
BEAMACEP_02412	CDS	234				hypothetical protein
BEAMACEP_02413	CDS	219				hypothetical protein
BEAMACEP_02414	CDS	120				hypothetical protein
BEAMACEP_02415	CDS	138				hypothetical protein
BEAMACEP_02416	CDS	171				hypothetical protein
BEAMACEP_02417	CDS	138				hypothetical protein
BEAMACEP_02418	CDS	93				hypothetical protein
BEAMACEP_02419	CDS	93				hypothetical protein
BEAMACEP_02420	CDS	129				hypothetical protein
BEAMACEP_02421	CDS	129				hypothetical protein
BEAMACEP_02422	CDS	129				hypothetical protein
BEAMACEP_02423	CDS	99				hypothetical protein
BEAMACEP_02424	CDS	126				hypothetical protein
BEAMACEP_02425	CDS	93				hypothetical protein
BEAMACEP_02426	CDS	129				hypothetical protein
BEAMACEP_02427	CDS	93				hypothetical protein
BEAMACEP_02428	CDS	120				hypothetical protein
BEAMACEP_02429	CDS	99				hypothetical protein
BEAMACEP_02430	CDS	147				hypothetical protein
BEAMACEP_02431	CDS	105				hypothetical protein
BEAMACEP_02432	CDS	93				hypothetical protein
BEAMACEP_02433	CDS	102				hypothetical protein
BEAMACEP_02434	CDS	93				hypothetical protein
BEAMACEP_02435	CDS	93				hypothetical protein
BEAMACEP_02436	CDS	114				hypothetical protein
BEAMACEP_02437	CDS	114				hypothetical protein
BEAMACEP_02438	CDS	138				hypothetical protein
BEAMACEP_02439	CDS	159				hypothetical protein
BEAMACEP_02440	CDS	117				hypothetical protein
BEAMACEP_02441	CDS	120				hypothetical protein
BEAMACEP_02442	CDS	102				hypothetical protein
BEAMACEP_02443	CDS	93				hypothetical protein
BEAMACEP_02444	CDS	93				hypothetical protein
BEAMACEP_02445	CDS	93				hypothetical protein
BEAMACEP_02446	CDS	93				hypothetical protein
BEAMACEP_02447	CDS	147				hypothetical protein
BEAMACEP_02448	CDS	105				hypothetical protein
BEAMACEP_02449	CDS	138				hypothetical protein
BEAMACEP_02450	CDS	93				hypothetical protein
BEAMACEP_02451	CDS	96				hypothetical protein
BEAMACEP_02452	CDS	99				hypothetical protein
BEAMACEP_02453	CDS	93				hypothetical protein
BEAMACEP_02454	CDS	117				hypothetical protein
BEAMACEP_02455	CDS	129				hypothetical protein
BEAMACEP_02456	CDS	186				hypothetical protein
BEAMACEP_02457	CDS	117				hypothetical protein
BEAMACEP_02458	CDS	132				hypothetical protein
BEAMACEP_02459	CDS	117				hypothetical protein
BEAMACEP_02460	CDS	129				hypothetical protein
BEAMACEP_02461	CDS	147				hypothetical protein
BEAMACEP_02462	CDS	93				hypothetical protein
BEAMACEP_02463	CDS	126				hypothetical protein
BEAMACEP_02464	CDS	93				hypothetical protein
BEAMACEP_02465	CDS	105				hypothetical protein
BEAMACEP_02466	CDS	201				hypothetical protein
BEAMACEP_02467	CDS	120				hypothetical protein
BEAMACEP_02468	CDS	93				hypothetical protein
BEAMACEP_02469	CDS	93				hypothetical protein
BEAMACEP_02470	CDS	93				hypothetical protein
BEAMACEP_02471	CDS	207				hypothetical protein
BEAMACEP_02472	CDS	177				hypothetical protein
BEAMACEP_02473	CDS	105				hypothetical protein
BEAMACEP_02474	CDS	162				hypothetical protein
BEAMACEP_02475	CDS	138				hypothetical protein
BEAMACEP_02476	CDS	117				hypothetical protein
BEAMACEP_02477	CDS	96				hypothetical protein
BEAMACEP_02478	CDS	138				hypothetical protein
BEAMACEP_02479	CDS	138				hypothetical protein
BEAMACEP_02480	CDS	105				hypothetical protein
BEAMACEP_02481	CDS	129				hypothetical protein
BEAMACEP_02482	CDS	117				hypothetical protein
BEAMACEP_02483	CDS	93				hypothetical protein
BEAMACEP_02484	CDS	117				hypothetical protein
BEAMACEP_02485	CDS	93				hypothetical protein
BEAMACEP_02486	CDS	117				hypothetical protein
BEAMACEP_02487	CDS	138				hypothetical protein
BEAMACEP_02488	CDS	93				hypothetical protein
BEAMACEP_02489	CDS	120				hypothetical protein
BEAMACEP_02490	CDS	129				hypothetical protein
BEAMACEP_02491	CDS	135				hypothetical protein
BEAMACEP_02492	CDS	93				hypothetical protein
BEAMACEP_02493	CDS	96				hypothetical protein
BEAMACEP_02494	CDS	138				hypothetical protein
BEAMACEP_02495	CDS	114				hypothetical protein
BEAMACEP_02496	CDS	93				hypothetical protein
BEAMACEP_02497	CDS	105				hypothetical protein
BEAMACEP_02498	CDS	117				hypothetical protein
BEAMACEP_02499	CDS	93				hypothetical protein
BEAMACEP_02500	CDS	96				hypothetical protein
BEAMACEP_02501	CDS	93				hypothetical protein
BEAMACEP_02502	CDS	93				hypothetical protein
BEAMACEP_02503	CDS	114				hypothetical protein
BEAMACEP_02504	CDS	129				hypothetical protein
BEAMACEP_02505	CDS	147				hypothetical protein
BEAMACEP_02506	CDS	93				hypothetical protein
BEAMACEP_02507	CDS	129				hypothetical protein
BEAMACEP_02508	CDS	93				hypothetical protein
BEAMACEP_02509	CDS	93				hypothetical protein
BEAMACEP_02510	CDS	90				hypothetical protein
BEAMACEP_02511	CDS	93				hypothetical protein
BEAMACEP_02512	CDS	138				hypothetical protein
BEAMACEP_02513	CDS	93				hypothetical protein
BEAMACEP_02514	CDS	102				hypothetical protein
BEAMACEP_02515	CDS	93				hypothetical protein
BEAMACEP_02516	CDS	93				hypothetical protein
BEAMACEP_02517	CDS	132				hypothetical protein
BEAMACEP_02518	CDS	93				hypothetical protein
BEAMACEP_02519	CDS	93				hypothetical protein
BEAMACEP_02520	CDS	120				hypothetical protein
BEAMACEP_02521	CDS	102				hypothetical protein
BEAMACEP_02522	CDS	93				hypothetical protein
BEAMACEP_02523	CDS	114				hypothetical protein
BEAMACEP_02524	CDS	102				hypothetical protein
BEAMACEP_02525	CDS	102				hypothetical protein
BEAMACEP_02526	CDS	132				hypothetical protein
BEAMACEP_02527	CDS	138				hypothetical protein
BEAMACEP_02528	CDS	93				hypothetical protein
BEAMACEP_02529	CDS	117				hypothetical protein
BEAMACEP_02530	CDS	96				hypothetical protein
BEAMACEP_02531	CDS	138				hypothetical protein
BEAMACEP_02532	CDS	129				hypothetical protein
BEAMACEP_02533	CDS	147				hypothetical protein
BEAMACEP_02534	CDS	129				hypothetical protein
BEAMACEP_02535	CDS	147				hypothetical protein
BEAMACEP_02536	CDS	111				hypothetical protein
BEAMACEP_02537	CDS	138				hypothetical protein
BEAMACEP_02538	CDS	96				hypothetical protein
BEAMACEP_02539	CDS	93				hypothetical protein
BEAMACEP_02540	CDS	120				hypothetical protein
BEAMACEP_02541	CDS	120				hypothetical protein
BEAMACEP_02542	CDS	96				hypothetical protein
BEAMACEP_02543	CDS	99				hypothetical protein
BEAMACEP_02544	CDS	135				hypothetical protein
BEAMACEP_02545	CDS	93				hypothetical protein
BEAMACEP_02546	CDS	129				hypothetical protein
BEAMACEP_02547	CDS	147				hypothetical protein
BEAMACEP_02548	CDS	147				hypothetical protein
BEAMACEP_02549	CDS	93				hypothetical protein
BEAMACEP_02550	CDS	105				hypothetical protein
BEAMACEP_02551	CDS	126				hypothetical protein
BEAMACEP_02552	CDS	93				hypothetical protein
BEAMACEP_02553	CDS	93				hypothetical protein
BEAMACEP_02554	CDS	129				hypothetical protein
BEAMACEP_02555	CDS	129				hypothetical protein
BEAMACEP_02556	CDS	117				hypothetical protein
BEAMACEP_02557	CDS	96				hypothetical protein
BEAMACEP_02558	CDS	105				hypothetical protein
BEAMACEP_02559	CDS	96				hypothetical protein
BEAMACEP_02560	CDS	93				hypothetical protein
BEAMACEP_02561	CDS	93				hypothetical protein
BEAMACEP_02562	CDS	138				hypothetical protein
BEAMACEP_02563	CDS	93				hypothetical protein
BEAMACEP_02564	CDS	93				hypothetical protein
BEAMACEP_02565	CDS	132				hypothetical protein
BEAMACEP_02566	CDS	126				hypothetical protein
BEAMACEP_02567	CDS	138				hypothetical protein
BEAMACEP_02568	CDS	186				hypothetical protein
BEAMACEP_02569	CDS	138				hypothetical protein
BEAMACEP_02570	CDS	138				hypothetical protein
BEAMACEP_02571	CDS	117				hypothetical protein
BEAMACEP_02572	CDS	96				hypothetical protein
BEAMACEP_02573	CDS	93				hypothetical protein
BEAMACEP_02574	CDS	132				hypothetical protein
BEAMACEP_02575	CDS	93				hypothetical protein
BEAMACEP_02576	CDS	132				hypothetical protein
BEAMACEP_02577	CDS	93				hypothetical protein
BEAMACEP_02578	CDS	129				hypothetical protein
BEAMACEP_02579	CDS	138				hypothetical protein
BEAMACEP_02580	CDS	147				hypothetical protein
BEAMACEP_02581	CDS	114				hypothetical protein
BEAMACEP_02582	CDS	108				hypothetical protein
BEAMACEP_02583	CDS	138				hypothetical protein
BEAMACEP_02584	CDS	138				hypothetical protein
BEAMACEP_02585	CDS	117				hypothetical protein
BEAMACEP_02586	CDS	93				hypothetical protein
BEAMACEP_02587	CDS	114				hypothetical protein
BEAMACEP_02588	CDS	96				hypothetical protein
BEAMACEP_02589	CDS	138				hypothetical protein
BEAMACEP_02590	CDS	93				hypothetical protein
BEAMACEP_02591	CDS	120				hypothetical protein
BEAMACEP_02592	CDS	129				hypothetical protein
BEAMACEP_02593	CDS	120				hypothetical protein
BEAMACEP_02594	CDS	129				hypothetical protein
BEAMACEP_02595	CDS	93				hypothetical protein
BEAMACEP_02596	CDS	192				hypothetical protein
BEAMACEP_02597	CDS	129				hypothetical protein
BEAMACEP_02598	CDS	93				hypothetical protein
BEAMACEP_02599	CDS	129				hypothetical protein
BEAMACEP_02600	CDS	135				hypothetical protein
BEAMACEP_02601	CDS	93				hypothetical protein
BEAMACEP_02602	CDS	102				hypothetical protein
BEAMACEP_02603	CDS	96				hypothetical protein
BEAMACEP_02604	CDS	99				hypothetical protein
BEAMACEP_02605	CDS	138				hypothetical protein
BEAMACEP_02606	CDS	117				hypothetical protein
BEAMACEP_02607	CDS	138				hypothetical protein
BEAMACEP_02608	CDS	96				hypothetical protein
BEAMACEP_02609	CDS	135				hypothetical protein
BEAMACEP_02610	CDS	117				hypothetical protein
BEAMACEP_02611	CDS	93				hypothetical protein
BEAMACEP_02612	CDS	159				hypothetical protein
BEAMACEP_02613	CDS	120				hypothetical protein
BEAMACEP_02614	CDS	129				hypothetical protein
BEAMACEP_02615	CDS	93				hypothetical protein
BEAMACEP_02616	CDS	123				hypothetical protein
BEAMACEP_02617	CDS	216				hypothetical protein
BEAMACEP_02618	CDS	96				hypothetical protein
BEAMACEP_02619	CDS	126				hypothetical protein
BEAMACEP_02620	CDS	93				hypothetical protein
BEAMACEP_02621	CDS	93				hypothetical protein
BEAMACEP_02622	CDS	105				hypothetical protein
BEAMACEP_02623	CDS	96				hypothetical protein
BEAMACEP_02624	CDS	93				hypothetical protein
BEAMACEP_02625	CDS	93				hypothetical protein
BEAMACEP_02626	CDS	93				hypothetical protein
BEAMACEP_02627	CDS	225				hypothetical protein
BEAMACEP_02628	CDS	114				hypothetical protein
BEAMACEP_02629	CDS	183				hypothetical protein
BEAMACEP_02630	CDS	120				hypothetical protein
BEAMACEP_02631	CDS	114				hypothetical protein
BEAMACEP_02632	CDS	138				hypothetical protein
BEAMACEP_02633	CDS	159				hypothetical protein
BEAMACEP_02634	CDS	93				hypothetical protein
BEAMACEP_02635	CDS	132				hypothetical protein
BEAMACEP_02636	CDS	93				hypothetical protein
BEAMACEP_02637	CDS	117				hypothetical protein
BEAMACEP_02638	CDS	156				hypothetical protein
BEAMACEP_02639	CDS	129				hypothetical protein
BEAMACEP_02640	CDS	132				hypothetical protein
BEAMACEP_02641	CDS	198				hypothetical protein
BEAMACEP_02642	CDS	93				hypothetical protein
BEAMACEP_02643	CDS	93				hypothetical protein
BEAMACEP_02644	CDS	138				hypothetical protein
BEAMACEP_02645	CDS	216				hypothetical protein
BEAMACEP_02646	CDS	138				hypothetical protein
BEAMACEP_02647	CDS	93				hypothetical protein
BEAMACEP_02648	CDS	111				hypothetical protein
BEAMACEP_02649	CDS	114				hypothetical protein
BEAMACEP_02650	CDS	96				hypothetical protein
BEAMACEP_02651	CDS	132				hypothetical protein
BEAMACEP_02652	CDS	171				hypothetical protein
BEAMACEP_02653	CDS	117				hypothetical protein
BEAMACEP_02654	CDS	114				hypothetical protein
BEAMACEP_02655	CDS	132				hypothetical protein
BEAMACEP_02656	CDS	129				hypothetical protein
BEAMACEP_02657	CDS	126				hypothetical protein
BEAMACEP_02658	CDS	117				hypothetical protein
BEAMACEP_02659	CDS	93				hypothetical protein
BEAMACEP_02660	CDS	96				hypothetical protein
BEAMACEP_02661	CDS	126				hypothetical protein
BEAMACEP_02662	CDS	117				hypothetical protein
BEAMACEP_02663	CDS	93				hypothetical protein
BEAMACEP_02664	CDS	120				hypothetical protein
BEAMACEP_02665	CDS	105				hypothetical protein
BEAMACEP_02666	CDS	90				hypothetical protein
BEAMACEP_02667	CDS	126				hypothetical protein
BEAMACEP_02668	CDS	93				hypothetical protein
BEAMACEP_02669	CDS	147				hypothetical protein
BEAMACEP_02670	CDS	120				hypothetical protein
BEAMACEP_02671	CDS	123				hypothetical protein
BEAMACEP_02672	CDS	138				hypothetical protein
BEAMACEP_02673	CDS	108				hypothetical protein
BEAMACEP_02674	CDS	90				hypothetical protein
BEAMACEP_02675	CDS	99				hypothetical protein
BEAMACEP_02676	CDS	117				hypothetical protein
BEAMACEP_02677	CDS	138				hypothetical protein
BEAMACEP_02678	CDS	138				hypothetical protein
BEAMACEP_02679	CDS	93				hypothetical protein
BEAMACEP_02680	CDS	93				hypothetical protein
BEAMACEP_02681	CDS	114				hypothetical protein
BEAMACEP_02682	CDS	93				hypothetical protein
BEAMACEP_02683	CDS	222				hypothetical protein
BEAMACEP_02684	CDS	93				hypothetical protein
BEAMACEP_02685	CDS	96				hypothetical protein
BEAMACEP_02686	CDS	96				hypothetical protein
BEAMACEP_02687	CDS	129				hypothetical protein
BEAMACEP_02688	CDS	171				hypothetical protein
BEAMACEP_02689	CDS	102				hypothetical protein
BEAMACEP_02690	CDS	93				hypothetical protein
BEAMACEP_02691	CDS	138				hypothetical protein
BEAMACEP_02692	CDS	129				hypothetical protein
BEAMACEP_02693	CDS	138				hypothetical protein
BEAMACEP_02694	CDS	93				hypothetical protein
BEAMACEP_02695	CDS	129				hypothetical protein
BEAMACEP_02696	CDS	129				hypothetical protein
BEAMACEP_02697	CDS	93				hypothetical protein
BEAMACEP_02698	CDS	156				hypothetical protein
BEAMACEP_02699	CDS	144				hypothetical protein
BEAMACEP_02700	CDS	114				hypothetical protein
BEAMACEP_02701	CDS	129				hypothetical protein
BEAMACEP_02702	CDS	93				hypothetical protein
BEAMACEP_02703	CDS	117				hypothetical protein
BEAMACEP_02704	CDS	93				hypothetical protein
BEAMACEP_02705	CDS	114				hypothetical protein
BEAMACEP_02706	CDS	138				hypothetical protein
BEAMACEP_02707	CDS	120				hypothetical protein
BEAMACEP_02708	CDS	93				hypothetical protein
BEAMACEP_02709	CDS	99				hypothetical protein
BEAMACEP_02710	CDS	102				hypothetical protein
BEAMACEP_02711	CDS	138				hypothetical protein
BEAMACEP_02712	CDS	93				hypothetical protein
BEAMACEP_02713	CDS	192				hypothetical protein
BEAMACEP_02714	CDS	93				hypothetical protein
BEAMACEP_02715	CDS	210				hypothetical protein
BEAMACEP_02716	CDS	123				hypothetical protein
BEAMACEP_02717	CDS	102				hypothetical protein
BEAMACEP_02718	CDS	93				hypothetical protein
BEAMACEP_02719	CDS	96				hypothetical protein
BEAMACEP_02720	CDS	129				hypothetical protein
BEAMACEP_02721	CDS	132				hypothetical protein
BEAMACEP_02722	CDS	93				hypothetical protein
BEAMACEP_02723	CDS	138				hypothetical protein
BEAMACEP_02724	CDS	126				hypothetical protein
BEAMACEP_02725	CDS	222				hypothetical protein
BEAMACEP_02726	CDS	93				hypothetical protein
BEAMACEP_02727	CDS	120				hypothetical protein
BEAMACEP_02728	CDS	147				hypothetical protein
BEAMACEP_02729	CDS	171				hypothetical protein
BEAMACEP_02730	CDS	117				hypothetical protein
BEAMACEP_02731	CDS	123				hypothetical protein
BEAMACEP_02732	CDS	93				hypothetical protein
BEAMACEP_02733	CDS	129				hypothetical protein
BEAMACEP_02734	CDS	120				hypothetical protein
BEAMACEP_02735	CDS	129				hypothetical protein
BEAMACEP_02736	CDS	117				hypothetical protein
BEAMACEP_02737	CDS	93				hypothetical protein
BEAMACEP_02738	CDS	126				hypothetical protein
BEAMACEP_02739	CDS	123				hypothetical protein
BEAMACEP_02740	CDS	192				hypothetical protein
BEAMACEP_02741	CDS	147				hypothetical protein
BEAMACEP_02742	CDS	108				hypothetical protein
BEAMACEP_02743	CDS	210				hypothetical protein
BEAMACEP_02744	CDS	93				hypothetical protein
BEAMACEP_02745	CDS	105				hypothetical protein
BEAMACEP_02746	CDS	129				hypothetical protein
BEAMACEP_02747	CDS	93				hypothetical protein
BEAMACEP_02748	CDS	129				hypothetical protein
BEAMACEP_02749	CDS	93				hypothetical protein
BEAMACEP_02750	CDS	93				hypothetical protein
BEAMACEP_02751	CDS	138				hypothetical protein
BEAMACEP_02752	CDS	93				hypothetical protein
BEAMACEP_02753	CDS	105				hypothetical protein
BEAMACEP_02754	CDS	102				hypothetical protein
BEAMACEP_02755	CDS	93				hypothetical protein
BEAMACEP_02756	CDS	102				hypothetical protein
BEAMACEP_02757	CDS	99				hypothetical protein
BEAMACEP_02758	CDS	93				hypothetical protein
BEAMACEP_02759	CDS	93				hypothetical protein
BEAMACEP_02760	CDS	141				hypothetical protein
BEAMACEP_02761	CDS	108				hypothetical protein
BEAMACEP_02762	CDS	129				hypothetical protein
BEAMACEP_02763	CDS	138				hypothetical protein
BEAMACEP_02764	CDS	138				hypothetical protein
BEAMACEP_02765	CDS	117				hypothetical protein
BEAMACEP_02766	CDS	234				hypothetical protein
BEAMACEP_02767	CDS	117				hypothetical protein
BEAMACEP_02768	CDS	126				hypothetical protein
BEAMACEP_02769	CDS	135				hypothetical protein
BEAMACEP_02770	CDS	129				hypothetical protein
BEAMACEP_02771	CDS	96				hypothetical protein
BEAMACEP_02772	CDS	234				hypothetical protein
BEAMACEP_02773	CDS	93				hypothetical protein
BEAMACEP_02774	CDS	219				hypothetical protein
BEAMACEP_02775	CDS	210				hypothetical protein
BEAMACEP_02776	CDS	129				hypothetical protein
BEAMACEP_02777	CDS	162				hypothetical protein
BEAMACEP_02778	CDS	129				hypothetical protein
BEAMACEP_02779	CDS	195				hypothetical protein
BEAMACEP_02780	CDS	93				hypothetical protein
BEAMACEP_02781	CDS	135				hypothetical protein
BEAMACEP_02782	CDS	129				hypothetical protein
BEAMACEP_02783	CDS	138				hypothetical protein
BEAMACEP_02784	CDS	93				hypothetical protein
BEAMACEP_02785	CDS	147				hypothetical protein
BEAMACEP_02786	CDS	129				hypothetical protein
BEAMACEP_02787	CDS	96				hypothetical protein
BEAMACEP_02788	CDS	135				hypothetical protein
BEAMACEP_02789	CDS	117				hypothetical protein
BEAMACEP_02790	CDS	216				hypothetical protein
BEAMACEP_02791	CDS	114				hypothetical protein
BEAMACEP_02792	CDS	165				hypothetical protein
BEAMACEP_02793	CDS	93				hypothetical protein
BEAMACEP_02794	CDS	123				hypothetical protein
BEAMACEP_02795	CDS	93				hypothetical protein
BEAMACEP_02796	CDS	93				hypothetical protein
BEAMACEP_02797	CDS	96				hypothetical protein
BEAMACEP_02798	CDS	93				hypothetical protein
BEAMACEP_02799	CDS	102				hypothetical protein
BEAMACEP_02800	CDS	93				hypothetical protein
BEAMACEP_02801	CDS	102				hypothetical protein
BEAMACEP_02802	CDS	93				hypothetical protein
BEAMACEP_02803	CDS	147				hypothetical protein
BEAMACEP_02804	CDS	129				hypothetical protein
BEAMACEP_02805	CDS	129				hypothetical protein
BEAMACEP_02806	CDS	93				hypothetical protein
BEAMACEP_02807	CDS	234				hypothetical protein
BEAMACEP_02808	CDS	99				hypothetical protein
BEAMACEP_02809	CDS	93				hypothetical protein
BEAMACEP_02810	CDS	129				hypothetical protein
BEAMACEP_02811	CDS	201				hypothetical protein
BEAMACEP_02812	CDS	120				hypothetical protein
BEAMACEP_02813	CDS	102				hypothetical protein
BEAMACEP_02814	CDS	93				hypothetical protein
BEAMACEP_02815	CDS	138				hypothetical protein
BEAMACEP_02816	CDS	129				hypothetical protein
BEAMACEP_02817	CDS	117				hypothetical protein
BEAMACEP_02818	CDS	117				hypothetical protein
BEAMACEP_02819	CDS	132				hypothetical protein
BEAMACEP_02820	CDS	129				hypothetical protein
BEAMACEP_02821	CDS	90				hypothetical protein
BEAMACEP_02822	CDS	93				hypothetical protein
BEAMACEP_02823	CDS	99				hypothetical protein
BEAMACEP_02824	CDS	120				hypothetical protein
BEAMACEP_02825	CDS	132				hypothetical protein
BEAMACEP_02826	CDS	93				hypothetical protein
BEAMACEP_02827	CDS	147				hypothetical protein
BEAMACEP_02828	CDS	138				hypothetical protein
BEAMACEP_02829	CDS	93				hypothetical protein
BEAMACEP_02830	CDS	138				hypothetical protein
BEAMACEP_02831	CDS	99				hypothetical protein
BEAMACEP_02832	CDS	93				hypothetical protein
BEAMACEP_02833	CDS	117				hypothetical protein
BEAMACEP_02834	CDS	93				hypothetical protein
BEAMACEP_02835	CDS	96				hypothetical protein
BEAMACEP_02836	CDS	90				hypothetical protein
BEAMACEP_02837	CDS	129				hypothetical protein
BEAMACEP_02838	CDS	126				hypothetical protein
BEAMACEP_02839	CDS	117				hypothetical protein
BEAMACEP_02840	CDS	138				hypothetical protein
BEAMACEP_02841	CDS	129				hypothetical protein
BEAMACEP_02842	CDS	111				hypothetical protein
BEAMACEP_02843	CDS	96				hypothetical protein
BEAMACEP_02844	CDS	105				hypothetical protein
BEAMACEP_02845	CDS	96				hypothetical protein
BEAMACEP_02846	CDS	108				hypothetical protein
BEAMACEP_02847	CDS	150				hypothetical protein
BEAMACEP_02848	CDS	96				hypothetical protein
BEAMACEP_02849	CDS	120				hypothetical protein
BEAMACEP_02850	CDS	225				hypothetical protein
BEAMACEP_02851	CDS	195				hypothetical protein
BEAMACEP_02852	CDS	234				hypothetical protein
BEAMACEP_02853	CDS	129				hypothetical protein
BEAMACEP_02854	CDS	117				hypothetical protein
BEAMACEP_02855	CDS	96				hypothetical protein
BEAMACEP_02856	CDS	93				hypothetical protein
BEAMACEP_02857	CDS	93				hypothetical protein
BEAMACEP_02858	CDS	144				hypothetical protein
BEAMACEP_02859	CDS	93				hypothetical protein
BEAMACEP_02860	CDS	114				hypothetical protein
BEAMACEP_02861	CDS	201				hypothetical protein
BEAMACEP_02862	CDS	117				hypothetical protein
BEAMACEP_02863	CDS	96				hypothetical protein
BEAMACEP_02864	CDS	138				hypothetical protein
BEAMACEP_02865	CDS	93				hypothetical protein
BEAMACEP_02866	CDS	93				hypothetical protein
BEAMACEP_02867	CDS	195				hypothetical protein
BEAMACEP_02868	CDS	117				hypothetical protein
BEAMACEP_02869	CDS	123				hypothetical protein
BEAMACEP_02870	CDS	129				hypothetical protein
BEAMACEP_02871	CDS	129				hypothetical protein
BEAMACEP_02872	CDS	138				hypothetical protein
BEAMACEP_02873	CDS	171				hypothetical protein
BEAMACEP_02874	CDS	93				hypothetical protein
BEAMACEP_02875	CDS	114				hypothetical protein
BEAMACEP_02876	CDS	210				hypothetical protein
BEAMACEP_02877	CDS	114				hypothetical protein
BEAMACEP_02878	CDS	102				hypothetical protein
BEAMACEP_02879	CDS	93				hypothetical protein
BEAMACEP_02880	CDS	93				hypothetical protein
BEAMACEP_02881	CDS	135				hypothetical protein
BEAMACEP_02882	CDS	114				hypothetical protein
BEAMACEP_02883	CDS	135				hypothetical protein
BEAMACEP_02884	CDS	126				hypothetical protein
BEAMACEP_02885	CDS	129				hypothetical protein
BEAMACEP_02886	CDS	105				hypothetical protein
BEAMACEP_02887	CDS	123				hypothetical protein
BEAMACEP_02888	CDS	93				hypothetical protein
BEAMACEP_02889	CDS	129				hypothetical protein
BEAMACEP_02890	CDS	138				hypothetical protein
BEAMACEP_02891	CDS	138				hypothetical protein
BEAMACEP_02892	CDS	93				hypothetical protein
BEAMACEP_02893	CDS	99				hypothetical protein
BEAMACEP_02894	CDS	129				hypothetical protein
BEAMACEP_02895	CDS	129				hypothetical protein
BEAMACEP_02896	CDS	225				hypothetical protein
BEAMACEP_02897	CDS	93				hypothetical protein
BEAMACEP_02898	CDS	210				hypothetical protein
BEAMACEP_02899	CDS	93				hypothetical protein
BEAMACEP_02900	CDS	105				hypothetical protein
BEAMACEP_02901	CDS	129				hypothetical protein
BEAMACEP_02902	CDS	117				hypothetical protein
BEAMACEP_02903	CDS	132				hypothetical protein
BEAMACEP_02904	CDS	93				hypothetical protein
BEAMACEP_02905	CDS	93				hypothetical protein
BEAMACEP_02906	CDS	120				hypothetical protein
BEAMACEP_02907	CDS	105				hypothetical protein
BEAMACEP_02908	CDS	93				hypothetical protein
BEAMACEP_02909	CDS	93				hypothetical protein
BEAMACEP_02910	CDS	129				hypothetical protein
BEAMACEP_02911	CDS	93				hypothetical protein
BEAMACEP_02912	CDS	108				hypothetical protein
BEAMACEP_02913	CDS	93				hypothetical protein
BEAMACEP_02914	CDS	114				hypothetical protein
BEAMACEP_02915	CDS	129				hypothetical protein
BEAMACEP_02916	CDS	108				hypothetical protein
BEAMACEP_02917	CDS	93				hypothetical protein
BEAMACEP_02918	CDS	138				hypothetical protein
BEAMACEP_02919	CDS	93				hypothetical protein
BEAMACEP_02920	CDS	93				hypothetical protein
BEAMACEP_02921	CDS	117				hypothetical protein
BEAMACEP_02922	CDS	114				hypothetical protein
BEAMACEP_02923	CDS	117				hypothetical protein
BEAMACEP_02924	CDS	129				hypothetical protein
BEAMACEP_02925	CDS	105				hypothetical protein
BEAMACEP_02926	CDS	225				hypothetical protein
BEAMACEP_02927	CDS	93				hypothetical protein
BEAMACEP_02928	CDS	120				hypothetical protein
BEAMACEP_02929	CDS	234				hypothetical protein
BEAMACEP_02930	CDS	177				hypothetical protein
BEAMACEP_02931	CDS	138				hypothetical protein
BEAMACEP_02932	CDS	210				hypothetical protein
BEAMACEP_02933	CDS	129				hypothetical protein
BEAMACEP_02934	CDS	93				hypothetical protein
BEAMACEP_02935	CDS	138				hypothetical protein
BEAMACEP_02936	CDS	129				hypothetical protein
BEAMACEP_02937	CDS	93				hypothetical protein
BEAMACEP_02938	CDS	93				hypothetical protein
BEAMACEP_02939	CDS	93				hypothetical protein
BEAMACEP_02940	CDS	123				hypothetical protein
BEAMACEP_02941	CDS	96				hypothetical protein
BEAMACEP_02942	CDS	96				hypothetical protein
BEAMACEP_02943	CDS	93				hypothetical protein
BEAMACEP_02944	CDS	93				hypothetical protein
BEAMACEP_02945	CDS	93				hypothetical protein
BEAMACEP_02946	CDS	156				hypothetical protein
BEAMACEP_02947	CDS	162				hypothetical protein
BEAMACEP_02948	CDS	129				hypothetical protein
BEAMACEP_02949	CDS	105				hypothetical protein
BEAMACEP_02950	CDS	93				hypothetical protein
BEAMACEP_02951	CDS	93				hypothetical protein
BEAMACEP_02952	CDS	93				hypothetical protein
BEAMACEP_02953	CDS	114				hypothetical protein
BEAMACEP_02954	CDS	93				hypothetical protein
BEAMACEP_02955	CDS	123				hypothetical protein
BEAMACEP_02956	CDS	117				hypothetical protein
BEAMACEP_02957	CDS	99				hypothetical protein
BEAMACEP_02958	CDS	123				hypothetical protein
BEAMACEP_02959	CDS	93				hypothetical protein
BEAMACEP_02960	CDS	120				hypothetical protein
BEAMACEP_02961	CDS	138				hypothetical protein
BEAMACEP_02962	CDS	93				hypothetical protein
BEAMACEP_02963	CDS	111				hypothetical protein
BEAMACEP_02964	CDS	135				hypothetical protein
BEAMACEP_02965	CDS	102				hypothetical protein
BEAMACEP_02966	CDS	93				hypothetical protein
BEAMACEP_02967	CDS	93				hypothetical protein
BEAMACEP_02968	CDS	195				hypothetical protein
BEAMACEP_02969	CDS	93				hypothetical protein
BEAMACEP_02970	CDS	153				hypothetical protein
BEAMACEP_02971	CDS	147				hypothetical protein
BEAMACEP_02972	CDS	117				hypothetical protein
BEAMACEP_02973	CDS	117				hypothetical protein
BEAMACEP_02974	CDS	102				hypothetical protein
BEAMACEP_02975	CDS	129				hypothetical protein
BEAMACEP_02976	CDS	135				hypothetical protein
BEAMACEP_02977	CDS	93				hypothetical protein
BEAMACEP_02978	CDS	93				hypothetical protein
BEAMACEP_02979	CDS	96				hypothetical protein
BEAMACEP_02980	CDS	93				hypothetical protein
BEAMACEP_02981	CDS	180				hypothetical protein
BEAMACEP_02982	CDS	93				hypothetical protein
BEAMACEP_02983	CDS	93				hypothetical protein
BEAMACEP_02984	CDS	93				hypothetical protein
BEAMACEP_02985	CDS	102				hypothetical protein
BEAMACEP_02986	CDS	108				hypothetical protein
BEAMACEP_02987	CDS	117				hypothetical protein
BEAMACEP_02988	CDS	93				hypothetical protein
BEAMACEP_02989	CDS	129				hypothetical protein
BEAMACEP_02990	CDS	117				hypothetical protein
BEAMACEP_02991	CDS	99				hypothetical protein
BEAMACEP_02992	CDS	93				hypothetical protein
BEAMACEP_02993	CDS	135				hypothetical protein
BEAMACEP_02994	CDS	129				hypothetical protein
BEAMACEP_02995	CDS	117				hypothetical protein
BEAMACEP_02996	CDS	93				hypothetical protein
BEAMACEP_02997	CDS	129				hypothetical protein
BEAMACEP_02998	CDS	117				hypothetical protein
BEAMACEP_02999	CDS	96				hypothetical protein
BEAMACEP_03000	CDS	93				hypothetical protein
BEAMACEP_03001	CDS	93				hypothetical protein
BEAMACEP_03002	CDS	93				hypothetical protein
BEAMACEP_03003	CDS	162				hypothetical protein
BEAMACEP_03004	CDS	129				hypothetical protein
BEAMACEP_03005	CDS	132				hypothetical protein
BEAMACEP_03006	CDS	93				hypothetical protein
BEAMACEP_03007	CDS	117				hypothetical protein
BEAMACEP_03008	CDS	129				hypothetical protein
BEAMACEP_03009	CDS	126				hypothetical protein
BEAMACEP_03010	CDS	108				hypothetical protein
BEAMACEP_03011	CDS	93				hypothetical protein
BEAMACEP_03012	CDS	93				hypothetical protein
BEAMACEP_03013	CDS	93				hypothetical protein
BEAMACEP_03014	CDS	93				hypothetical protein
BEAMACEP_03015	CDS	138				hypothetical protein
BEAMACEP_03016	CDS	129				hypothetical protein
BEAMACEP_03017	CDS	93				hypothetical protein
BEAMACEP_03018	CDS	129				hypothetical protein
BEAMACEP_03019	CDS	93				hypothetical protein
BEAMACEP_03020	CDS	129				hypothetical protein
BEAMACEP_03021	CDS	96				hypothetical protein
BEAMACEP_03022	CDS	120				hypothetical protein
BEAMACEP_03023	CDS	138				hypothetical protein
BEAMACEP_03024	CDS	117				hypothetical protein
BEAMACEP_03025	CDS	129				hypothetical protein
BEAMACEP_03026	CDS	234				hypothetical protein
BEAMACEP_03027	CDS	93				hypothetical protein
BEAMACEP_03028	CDS	135				hypothetical protein
BEAMACEP_03029	CDS	93				hypothetical protein
BEAMACEP_03030	CDS	93				hypothetical protein
BEAMACEP_03031	CDS	93				hypothetical protein
BEAMACEP_03032	CDS	135				hypothetical protein
BEAMACEP_03033	CDS	132				hypothetical protein
BEAMACEP_03034	CDS	93				hypothetical protein
BEAMACEP_03035	CDS	117				hypothetical protein
BEAMACEP_03036	CDS	93				hypothetical protein
BEAMACEP_03037	CDS	138				hypothetical protein
BEAMACEP_03038	CDS	135				hypothetical protein
BEAMACEP_03039	CDS	120				hypothetical protein
BEAMACEP_03040	CDS	129				hypothetical protein
BEAMACEP_03041	CDS	138				hypothetical protein
BEAMACEP_03042	CDS	117				hypothetical protein
BEAMACEP_03043	CDS	129				hypothetical protein
BEAMACEP_03044	CDS	111				hypothetical protein
BEAMACEP_03045	CDS	117				hypothetical protein
BEAMACEP_03046	CDS	138				hypothetical protein
BEAMACEP_03047	CDS	129				hypothetical protein
BEAMACEP_03048	CDS	93				hypothetical protein
BEAMACEP_03049	CDS	93				hypothetical protein
BEAMACEP_03050	CDS	93				hypothetical protein
BEAMACEP_03051	CDS	93				hypothetical protein
BEAMACEP_03052	CDS	138				hypothetical protein
BEAMACEP_03053	CDS	129				hypothetical protein
BEAMACEP_03054	CDS	93				hypothetical protein
BEAMACEP_03055	CDS	93				hypothetical protein
BEAMACEP_03056	CDS	96				hypothetical protein
BEAMACEP_03057	CDS	234				hypothetical protein
BEAMACEP_03058	CDS	93				hypothetical protein
BEAMACEP_03059	CDS	138				hypothetical protein
BEAMACEP_03060	CDS	249				hypothetical protein
BEAMACEP_03061	CDS	126				hypothetical protein
BEAMACEP_03062	CDS	120				hypothetical protein
BEAMACEP_03063	CDS	93				hypothetical protein
BEAMACEP_03064	CDS	180				hypothetical protein
BEAMACEP_03065	CDS	93				hypothetical protein
BEAMACEP_03066	CDS	102				hypothetical protein
BEAMACEP_03067	CDS	129				hypothetical protein
BEAMACEP_03068	CDS	93				hypothetical protein
BEAMACEP_03069	CDS	120				hypothetical protein
BEAMACEP_03070	CDS	129				hypothetical protein
BEAMACEP_03071	CDS	93				hypothetical protein
BEAMACEP_03072	CDS	144				hypothetical protein
BEAMACEP_03073	CDS	129				hypothetical protein
BEAMACEP_03074	CDS	138				hypothetical protein
BEAMACEP_03075	CDS	138				hypothetical protein
BEAMACEP_03076	CDS	117				hypothetical protein
BEAMACEP_03077	CDS	93				hypothetical protein
BEAMACEP_03078	CDS	147				hypothetical protein
BEAMACEP_03079	CDS	102				hypothetical protein
BEAMACEP_03080	CDS	129				hypothetical protein
BEAMACEP_03081	CDS	198				hypothetical protein
BEAMACEP_03082	CDS	117				hypothetical protein
BEAMACEP_03083	CDS	90				hypothetical protein
BEAMACEP_03084	CDS	138				hypothetical protein
BEAMACEP_03085	CDS	96				hypothetical protein
BEAMACEP_03086	CDS	129				hypothetical protein
BEAMACEP_03087	CDS	93				hypothetical protein
BEAMACEP_03088	CDS	117				hypothetical protein
BEAMACEP_03089	CDS	171				hypothetical protein
BEAMACEP_03090	CDS	147				hypothetical protein
BEAMACEP_03091	CDS	129				hypothetical protein
BEAMACEP_03092	CDS	120				hypothetical protein
BEAMACEP_03093	CDS	93				hypothetical protein
BEAMACEP_03094	CDS	129				hypothetical protein
BEAMACEP_03095	CDS	129				hypothetical protein
BEAMACEP_03096	CDS	177				hypothetical protein
BEAMACEP_03097	CDS	93				hypothetical protein
BEAMACEP_03098	CDS	135				hypothetical protein
BEAMACEP_03099	CDS	120				hypothetical protein
BEAMACEP_03100	CDS	96				hypothetical protein
BEAMACEP_03101	CDS	129				hypothetical protein
BEAMACEP_03102	CDS	117				hypothetical protein
BEAMACEP_03103	CDS	93				hypothetical protein
BEAMACEP_03104	CDS	102				hypothetical protein
BEAMACEP_03105	CDS	111				hypothetical protein
BEAMACEP_03106	CDS	138				hypothetical protein
BEAMACEP_03107	CDS	93				hypothetical protein
BEAMACEP_03108	CDS	234				hypothetical protein
BEAMACEP_03109	CDS	93				hypothetical protein
BEAMACEP_03110	CDS	123				hypothetical protein
BEAMACEP_03111	CDS	93				hypothetical protein
BEAMACEP_03112	CDS	93				hypothetical protein
BEAMACEP_03113	CDS	234				hypothetical protein
BEAMACEP_03114	CDS	93				hypothetical protein
BEAMACEP_03115	CDS	102				hypothetical protein
BEAMACEP_03116	CDS	129				hypothetical protein
BEAMACEP_03117	CDS	93				hypothetical protein
BEAMACEP_03118	CDS	93				hypothetical protein
BEAMACEP_03119	CDS	147				hypothetical protein
BEAMACEP_03120	CDS	138				hypothetical protein
BEAMACEP_03121	CDS	93				hypothetical protein
BEAMACEP_03122	CDS	117				hypothetical protein
BEAMACEP_03123	CDS	93				hypothetical protein
BEAMACEP_03124	CDS	135				hypothetical protein
BEAMACEP_03125	CDS	120				hypothetical protein
BEAMACEP_03126	CDS	138				hypothetical protein
BEAMACEP_03127	CDS	96				hypothetical protein
BEAMACEP_03128	CDS	93				hypothetical protein
BEAMACEP_03129	CDS	150				hypothetical protein
BEAMACEP_03130	CDS	138				hypothetical protein
BEAMACEP_03131	CDS	93				hypothetical protein
BEAMACEP_03132	CDS	102				hypothetical protein
BEAMACEP_03133	CDS	120				hypothetical protein
BEAMACEP_03134	CDS	126				hypothetical protein
BEAMACEP_03135	CDS	129				hypothetical protein
BEAMACEP_03136	CDS	129				hypothetical protein
BEAMACEP_03137	CDS	99				hypothetical protein
BEAMACEP_03138	CDS	147				hypothetical protein
BEAMACEP_03139	CDS	135				hypothetical protein
BEAMACEP_03140	CDS	93				hypothetical protein
BEAMACEP_03141	CDS	102				hypothetical protein
BEAMACEP_03142	CDS	93				hypothetical protein
BEAMACEP_03143	CDS	132				hypothetical protein
BEAMACEP_03144	CDS	120				hypothetical protein
BEAMACEP_03145	CDS	132				hypothetical protein
BEAMACEP_03146	CDS	126				hypothetical protein
BEAMACEP_03147	CDS	201				hypothetical protein
BEAMACEP_03148	CDS	138				hypothetical protein
BEAMACEP_03149	CDS	132				hypothetical protein
BEAMACEP_03150	CDS	93				hypothetical protein
BEAMACEP_03151	CDS	138				hypothetical protein
BEAMACEP_03152	CDS	129				hypothetical protein
BEAMACEP_03153	CDS	111				hypothetical protein
BEAMACEP_03154	CDS	240				hypothetical protein
BEAMACEP_03155	CDS	117				hypothetical protein
BEAMACEP_03156	CDS	117				hypothetical protein
BEAMACEP_03157	CDS	126				hypothetical protein
BEAMACEP_03158	CDS	138				hypothetical protein
BEAMACEP_03159	CDS	135				hypothetical protein
BEAMACEP_03160	CDS	117				hypothetical protein
BEAMACEP_03161	CDS	132				hypothetical protein
BEAMACEP_03162	CDS	138				hypothetical protein
BEAMACEP_03163	CDS	132				hypothetical protein
BEAMACEP_03164	CDS	180				hypothetical protein
BEAMACEP_03165	CDS	90				hypothetical protein
BEAMACEP_03166	CDS	93				hypothetical protein
BEAMACEP_03167	CDS	102				hypothetical protein
BEAMACEP_03168	CDS	147				hypothetical protein
BEAMACEP_03169	CDS	135				hypothetical protein
BEAMACEP_03170	CDS	126				hypothetical protein
BEAMACEP_03171	CDS	96				hypothetical protein
BEAMACEP_03172	CDS	132				hypothetical protein
BEAMACEP_03173	CDS	93				hypothetical protein
BEAMACEP_03174	CDS	117				hypothetical protein
BEAMACEP_03175	CDS	114				hypothetical protein
BEAMACEP_03176	CDS	129				hypothetical protein
BEAMACEP_03177	CDS	129				hypothetical protein
BEAMACEP_03178	CDS	117				hypothetical protein
BEAMACEP_03179	CDS	96				hypothetical protein
BEAMACEP_03180	CDS	117				hypothetical protein
BEAMACEP_03181	CDS	117				hypothetical protein
BEAMACEP_03182	CDS	93				hypothetical protein
BEAMACEP_03183	CDS	105				hypothetical protein
BEAMACEP_03184	CDS	93				hypothetical protein
BEAMACEP_03185	CDS	147				hypothetical protein
BEAMACEP_03186	CDS	129				hypothetical protein
BEAMACEP_03187	CDS	117				hypothetical protein
BEAMACEP_03188	CDS	123				hypothetical protein
BEAMACEP_03189	CDS	93				hypothetical protein
BEAMACEP_03190	CDS	180				hypothetical protein
BEAMACEP_03191	CDS	132				hypothetical protein
BEAMACEP_03192	CDS	129				hypothetical protein
BEAMACEP_03193	CDS	129				hypothetical protein
BEAMACEP_03194	CDS	129				hypothetical protein
BEAMACEP_03195	CDS	147				hypothetical protein
BEAMACEP_03196	CDS	93				hypothetical protein
BEAMACEP_03197	CDS	126				hypothetical protein
BEAMACEP_03198	CDS	93				hypothetical protein
BEAMACEP_03199	CDS	138				hypothetical protein
BEAMACEP_03200	CDS	129				hypothetical protein
BEAMACEP_03201	CDS	93				hypothetical protein
BEAMACEP_03202	CDS	126				hypothetical protein
BEAMACEP_03203	CDS	138				hypothetical protein
BEAMACEP_03204	CDS	129				hypothetical protein
BEAMACEP_03205	CDS	93				hypothetical protein
BEAMACEP_03206	CDS	129				hypothetical protein
BEAMACEP_03207	CDS	126				hypothetical protein
BEAMACEP_03208	CDS	99				hypothetical protein
BEAMACEP_03209	CDS	96				hypothetical protein
BEAMACEP_03210	CDS	96				hypothetical protein
BEAMACEP_03211	CDS	129				hypothetical protein
BEAMACEP_03212	CDS	135				hypothetical protein
BEAMACEP_03213	CDS	108				hypothetical protein
BEAMACEP_03214	CDS	129				hypothetical protein
BEAMACEP_03215	CDS	105				hypothetical protein
BEAMACEP_03216	CDS	120				hypothetical protein
BEAMACEP_03217	CDS	129				hypothetical protein
BEAMACEP_03218	CDS	93				hypothetical protein
BEAMACEP_03219	CDS	105				hypothetical protein
BEAMACEP_03220	CDS	117				hypothetical protein
BEAMACEP_03221	CDS	93				hypothetical protein
BEAMACEP_03222	CDS	138				hypothetical protein
BEAMACEP_03223	CDS	93				hypothetical protein
BEAMACEP_03224	CDS	138				hypothetical protein
BEAMACEP_03225	CDS	120				hypothetical protein
BEAMACEP_03226	CDS	93				hypothetical protein
BEAMACEP_03227	CDS	93				hypothetical protein
BEAMACEP_03228	CDS	129				hypothetical protein
BEAMACEP_03229	CDS	102				hypothetical protein
BEAMACEP_03230	CDS	93				hypothetical protein
BEAMACEP_03231	CDS	114				hypothetical protein
BEAMACEP_03232	CDS	120				hypothetical protein
BEAMACEP_03233	CDS	129				hypothetical protein
BEAMACEP_03234	CDS	99				hypothetical protein
BEAMACEP_03235	CDS	216				hypothetical protein
BEAMACEP_03236	CDS	96				hypothetical protein
BEAMACEP_03237	CDS	129				hypothetical protein
BEAMACEP_03238	CDS	210				hypothetical protein
BEAMACEP_03239	CDS	117				hypothetical protein
BEAMACEP_03240	CDS	129				hypothetical protein
BEAMACEP_03241	CDS	96				hypothetical protein
BEAMACEP_03242	CDS	93				hypothetical protein
BEAMACEP_03243	CDS	138				hypothetical protein
BEAMACEP_03244	CDS	210				hypothetical protein
BEAMACEP_03245	CDS	138				hypothetical protein
BEAMACEP_03246	CDS	96				hypothetical protein
BEAMACEP_03247	CDS	216				hypothetical protein
BEAMACEP_03248	CDS	93				hypothetical protein
BEAMACEP_03249	CDS	93				hypothetical protein
BEAMACEP_03250	CDS	147				hypothetical protein
BEAMACEP_03251	CDS	120				hypothetical protein
BEAMACEP_03252	CDS	120				hypothetical protein
BEAMACEP_03253	CDS	138				hypothetical protein
BEAMACEP_03254	CDS	105				hypothetical protein
BEAMACEP_03255	CDS	93				hypothetical protein
BEAMACEP_03256	CDS	99				hypothetical protein
BEAMACEP_03257	CDS	147				hypothetical protein
BEAMACEP_03258	CDS	93				hypothetical protein
BEAMACEP_03259	CDS	138				hypothetical protein
BEAMACEP_03260	CDS	210				hypothetical protein
BEAMACEP_03261	CDS	129				hypothetical protein
BEAMACEP_03262	CDS	93				hypothetical protein
BEAMACEP_03263	CDS	93				hypothetical protein
BEAMACEP_03264	CDS	138				hypothetical protein
BEAMACEP_03265	CDS	135				hypothetical protein
BEAMACEP_03266	CDS	96				hypothetical protein
BEAMACEP_03267	CDS	93				hypothetical protein
BEAMACEP_03268	CDS	210				hypothetical protein
BEAMACEP_03269	CDS	93				hypothetical protein
BEAMACEP_03270	CDS	102				hypothetical protein
BEAMACEP_03271	CDS	117				hypothetical protein
BEAMACEP_03272	CDS	96				hypothetical protein
BEAMACEP_03273	CDS	147				hypothetical protein
BEAMACEP_03274	CDS	120				hypothetical protein
BEAMACEP_03275	CDS	93				hypothetical protein
BEAMACEP_03276	CDS	126				hypothetical protein
BEAMACEP_03277	CDS	117				hypothetical protein
BEAMACEP_03278	CDS	93				hypothetical protein
BEAMACEP_03279	CDS	96				hypothetical protein
BEAMACEP_03280	CDS	126				hypothetical protein
BEAMACEP_03281	CDS	90				hypothetical protein
BEAMACEP_03282	CDS	147				hypothetical protein
BEAMACEP_03283	CDS	93				hypothetical protein
BEAMACEP_03284	CDS	138				hypothetical protein
BEAMACEP_03285	CDS	138				hypothetical protein
BEAMACEP_03286	CDS	93				hypothetical protein
BEAMACEP_03287	CDS	93				hypothetical protein
BEAMACEP_03288	CDS	93				hypothetical protein
BEAMACEP_03289	CDS	201				hypothetical protein
BEAMACEP_03290	CDS	129				hypothetical protein
BEAMACEP_03291	CDS	117				hypothetical protein
BEAMACEP_03292	CDS	201				hypothetical protein
BEAMACEP_03293	CDS	96				hypothetical protein
BEAMACEP_03294	CDS	93				hypothetical protein
BEAMACEP_03295	CDS	129				hypothetical protein
BEAMACEP_03296	CDS	93				hypothetical protein
BEAMACEP_03297	CDS	93				hypothetical protein
BEAMACEP_03298	CDS	126				hypothetical protein
BEAMACEP_03299	CDS	126				hypothetical protein
BEAMACEP_03300	CDS	111				hypothetical protein
BEAMACEP_03301	CDS	171				hypothetical protein
BEAMACEP_03302	CDS	96				hypothetical protein
BEAMACEP_03303	CDS	93				hypothetical protein
BEAMACEP_03304	CDS	93				hypothetical protein
BEAMACEP_03305	CDS	180				hypothetical protein
BEAMACEP_03306	CDS	129				hypothetical protein
BEAMACEP_03307	CDS	138				hypothetical protein
BEAMACEP_03308	CDS	93				hypothetical protein
BEAMACEP_03309	CDS	129				hypothetical protein
BEAMACEP_03310	CDS	138				hypothetical protein
BEAMACEP_03311	CDS	138				hypothetical protein
BEAMACEP_03312	CDS	93				hypothetical protein
BEAMACEP_03313	CDS	114				hypothetical protein
BEAMACEP_03314	CDS	126				hypothetical protein
BEAMACEP_03315	CDS	117				hypothetical protein
BEAMACEP_03316	CDS	93				hypothetical protein
BEAMACEP_03317	CDS	96				hypothetical protein
BEAMACEP_03318	CDS	138				hypothetical protein
BEAMACEP_03319	CDS	147				hypothetical protein
BEAMACEP_03320	CDS	96				hypothetical protein
BEAMACEP_03321	CDS	147				hypothetical protein
BEAMACEP_03322	CDS	93				hypothetical protein
BEAMACEP_03323	CDS	117				hypothetical protein
BEAMACEP_03324	CDS	99				hypothetical protein
BEAMACEP_03325	CDS	195				hypothetical protein
BEAMACEP_03326	CDS	225				hypothetical protein
BEAMACEP_03327	CDS	93				hypothetical protein
BEAMACEP_03328	CDS	120				hypothetical protein
BEAMACEP_03329	CDS	210				hypothetical protein
BEAMACEP_03330	CDS	135				hypothetical protein
BEAMACEP_03331	CDS	180				hypothetical protein
BEAMACEP_03332	CDS	93				hypothetical protein
BEAMACEP_03333	CDS	102				hypothetical protein
BEAMACEP_03334	CDS	129				hypothetical protein
BEAMACEP_03335	CDS	129				hypothetical protein
BEAMACEP_03336	CDS	93				hypothetical protein
BEAMACEP_03337	CDS	129				hypothetical protein
BEAMACEP_03338	CDS	93				hypothetical protein
BEAMACEP_03339	CDS	129				hypothetical protein
BEAMACEP_03340	CDS	93				hypothetical protein
BEAMACEP_03341	CDS	93				hypothetical protein
BEAMACEP_03342	CDS	108				hypothetical protein
BEAMACEP_03343	CDS	201				hypothetical protein
BEAMACEP_03344	CDS	96				hypothetical protein
BEAMACEP_03345	CDS	147				hypothetical protein
BEAMACEP_03346	CDS	147				hypothetical protein
BEAMACEP_03347	CDS	123				hypothetical protein
BEAMACEP_03348	CDS	120				hypothetical protein
BEAMACEP_03349	CDS	132				hypothetical protein
BEAMACEP_03350	CDS	147				hypothetical protein
BEAMACEP_03351	CDS	93				hypothetical protein
BEAMACEP_03352	CDS	147				hypothetical protein
BEAMACEP_03353	CDS	129				hypothetical protein
BEAMACEP_03354	CDS	123				hypothetical protein
BEAMACEP_03355	CDS	132				hypothetical protein
BEAMACEP_03356	CDS	129				hypothetical protein
BEAMACEP_03357	CDS	129				hypothetical protein
BEAMACEP_03358	CDS	114				hypothetical protein
BEAMACEP_03359	CDS	162				hypothetical protein
BEAMACEP_03360	CDS	234				hypothetical protein
BEAMACEP_03361	CDS	117				hypothetical protein
BEAMACEP_03362	CDS	96				hypothetical protein
BEAMACEP_03363	CDS	123				hypothetical protein
BEAMACEP_03364	CDS	135				hypothetical protein
BEAMACEP_03365	CDS	93				hypothetical protein
BEAMACEP_03366	CDS	93				hypothetical protein
BEAMACEP_03367	CDS	93				hypothetical protein
BEAMACEP_03368	CDS	186				hypothetical protein
BEAMACEP_03369	CDS	165				hypothetical protein
BEAMACEP_03370	CDS	96				hypothetical protein
BEAMACEP_03371	CDS	129				hypothetical protein
BEAMACEP_03372	CDS	138				hypothetical protein
BEAMACEP_03373	CDS	93				hypothetical protein
BEAMACEP_03374	CDS	93				hypothetical protein
BEAMACEP_03375	CDS	105				hypothetical protein
BEAMACEP_03376	CDS	153				hypothetical protein
BEAMACEP_03377	CDS	111				hypothetical protein
BEAMACEP_03378	CDS	93				hypothetical protein
BEAMACEP_03379	CDS	201				hypothetical protein
BEAMACEP_03380	CDS	129				hypothetical protein
BEAMACEP_03381	CDS	138				hypothetical protein
BEAMACEP_03382	CDS	114				hypothetical protein
BEAMACEP_03383	CDS	168				hypothetical protein
BEAMACEP_03384	CDS	225				hypothetical protein
BEAMACEP_03385	CDS	93				hypothetical protein
BEAMACEP_03386	CDS	102				hypothetical protein
BEAMACEP_03387	CDS	93				hypothetical protein
BEAMACEP_03388	CDS	138				hypothetical protein
BEAMACEP_03389	CDS	138				hypothetical protein
BEAMACEP_03390	CDS	234				hypothetical protein
BEAMACEP_03391	CDS	120				hypothetical protein
BEAMACEP_03392	CDS	93				hypothetical protein
BEAMACEP_03393	CDS	102				hypothetical protein
BEAMACEP_03394	CDS	129				hypothetical protein
BEAMACEP_03395	CDS	111				hypothetical protein
BEAMACEP_03396	CDS	171				hypothetical protein
BEAMACEP_03397	CDS	138				hypothetical protein
BEAMACEP_03398	CDS	93				hypothetical protein
BEAMACEP_03399	CDS	93				hypothetical protein
BEAMACEP_03400	CDS	123				hypothetical protein
BEAMACEP_03401	CDS	144				hypothetical protein
BEAMACEP_03402	CDS	93				hypothetical protein
BEAMACEP_03403	CDS	117				hypothetical protein
BEAMACEP_03404	CDS	93				hypothetical protein
BEAMACEP_03405	CDS	132				hypothetical protein
BEAMACEP_03406	CDS	159				hypothetical protein
BEAMACEP_03407	CDS	93				hypothetical protein
BEAMACEP_03408	CDS	93				hypothetical protein
BEAMACEP_03409	CDS	117				hypothetical protein
BEAMACEP_03410	CDS	93				hypothetical protein
BEAMACEP_03411	CDS	93				hypothetical protein
BEAMACEP_03412	CDS	135				hypothetical protein
BEAMACEP_03413	CDS	96				hypothetical protein
BEAMACEP_03414	CDS	129				hypothetical protein
BEAMACEP_03415	CDS	126				hypothetical protein
BEAMACEP_03416	CDS	96				hypothetical protein
BEAMACEP_03417	CDS	126				hypothetical protein
BEAMACEP_03418	CDS	171				hypothetical protein
BEAMACEP_03419	CDS	138				hypothetical protein
BEAMACEP_03420	CDS	93				hypothetical protein
BEAMACEP_03421	CDS	129				hypothetical protein
BEAMACEP_03422	CDS	117				hypothetical protein
BEAMACEP_03423	CDS	93				hypothetical protein
BEAMACEP_03424	CDS	129				hypothetical protein
BEAMACEP_03425	CDS	138				hypothetical protein
BEAMACEP_03426	CDS	234				hypothetical protein
BEAMACEP_03427	CDS	138				hypothetical protein
BEAMACEP_03428	CDS	114				hypothetical protein
BEAMACEP_03429	CDS	93				hypothetical protein
BEAMACEP_03430	CDS	129				hypothetical protein
BEAMACEP_03431	CDS	174				hypothetical protein
BEAMACEP_03432	CDS	138				hypothetical protein
BEAMACEP_03433	CDS	93				hypothetical protein
BEAMACEP_03434	CDS	135				hypothetical protein
BEAMACEP_03435	CDS	114				hypothetical protein
BEAMACEP_03436	CDS	129				hypothetical protein
BEAMACEP_03437	CDS	150				hypothetical protein
BEAMACEP_03438	CDS	93				hypothetical protein
BEAMACEP_03439	CDS	93				hypothetical protein
BEAMACEP_03440	CDS	93				hypothetical protein
BEAMACEP_03441	CDS	96				hypothetical protein
BEAMACEP_03442	CDS	90				hypothetical protein
BEAMACEP_03443	CDS	138				hypothetical protein
BEAMACEP_03444	CDS	93				hypothetical protein
BEAMACEP_03445	CDS	93				hypothetical protein
BEAMACEP_03446	CDS	120				hypothetical protein
BEAMACEP_03447	CDS	165				hypothetical protein
BEAMACEP_03448	CDS	93				hypothetical protein
BEAMACEP_03449	CDS	93				hypothetical protein
BEAMACEP_03450	CDS	129				hypothetical protein
BEAMACEP_03451	CDS	93				hypothetical protein
BEAMACEP_03452	CDS	138				hypothetical protein
BEAMACEP_03453	CDS	93				hypothetical protein
BEAMACEP_03454	CDS	93				hypothetical protein
BEAMACEP_03455	CDS	216				hypothetical protein
BEAMACEP_03456	CDS	93				hypothetical protein
BEAMACEP_03457	CDS	99				hypothetical protein
BEAMACEP_03458	CDS	93				hypothetical protein
BEAMACEP_03459	CDS	234				hypothetical protein
BEAMACEP_03460	CDS	117				hypothetical protein
BEAMACEP_03461	CDS	102				hypothetical protein
BEAMACEP_03462	CDS	105				hypothetical protein
BEAMACEP_03463	CDS	126				hypothetical protein
BEAMACEP_03464	CDS	120				hypothetical protein
BEAMACEP_03465	CDS	132				hypothetical protein
BEAMACEP_03466	CDS	93				hypothetical protein
BEAMACEP_03467	CDS	120				hypothetical protein
BEAMACEP_03468	CDS	234				hypothetical protein
BEAMACEP_03469	CDS	138				hypothetical protein
BEAMACEP_03470	CDS	132				hypothetical protein
BEAMACEP_03471	CDS	117				hypothetical protein
BEAMACEP_03472	CDS	93				hypothetical protein
BEAMACEP_03473	CDS	96				hypothetical protein
BEAMACEP_03474	CDS	90				hypothetical protein
BEAMACEP_03475	CDS	138				hypothetical protein
BEAMACEP_03476	CDS	96				hypothetical protein
BEAMACEP_03477	CDS	138				hypothetical protein
BEAMACEP_03478	CDS	216				hypothetical protein
BEAMACEP_03479	CDS	120				hypothetical protein
BEAMACEP_03480	CDS	132				hypothetical protein
BEAMACEP_03481	CDS	210				hypothetical protein
BEAMACEP_03482	CDS	132				hypothetical protein
BEAMACEP_03483	CDS	102				hypothetical protein
BEAMACEP_03484	CDS	93				hypothetical protein
BEAMACEP_03485	CDS	129				hypothetical protein
BEAMACEP_03486	CDS	93				hypothetical protein
BEAMACEP_03487	CDS	93				hypothetical protein
BEAMACEP_03488	CDS	93				hypothetical protein
BEAMACEP_03489	CDS	93				hypothetical protein
BEAMACEP_03490	CDS	129				hypothetical protein
BEAMACEP_03491	CDS	93				hypothetical protein
BEAMACEP_03492	CDS	93				hypothetical protein
BEAMACEP_03493	CDS	93				hypothetical protein
BEAMACEP_03494	CDS	120				hypothetical protein
BEAMACEP_03495	CDS	129				hypothetical protein
BEAMACEP_03496	CDS	93				hypothetical protein
BEAMACEP_03497	CDS	126				hypothetical protein
BEAMACEP_03498	CDS	129				hypothetical protein
BEAMACEP_03499	CDS	93				hypothetical protein
BEAMACEP_03500	CDS	93				hypothetical protein
BEAMACEP_03501	CDS	138				hypothetical protein
BEAMACEP_03502	CDS	138				hypothetical protein
BEAMACEP_03503	CDS	117				hypothetical protein
BEAMACEP_03504	CDS	93				hypothetical protein
BEAMACEP_03505	CDS	123				hypothetical protein
BEAMACEP_03506	CDS	108				hypothetical protein
BEAMACEP_03507	CDS	93				hypothetical protein
BEAMACEP_03508	CDS	93				hypothetical protein
BEAMACEP_03509	CDS	117				hypothetical protein
BEAMACEP_03510	CDS	147				hypothetical protein
BEAMACEP_03511	CDS	93				hypothetical protein
BEAMACEP_03512	CDS	210				hypothetical protein
BEAMACEP_03513	CDS	129				hypothetical protein
BEAMACEP_03514	CDS	162				hypothetical protein
BEAMACEP_03515	CDS	129				hypothetical protein
BEAMACEP_03516	CDS	138				hypothetical protein
BEAMACEP_03517	CDS	123				hypothetical protein
BEAMACEP_03518	CDS	93				hypothetical protein
BEAMACEP_03519	CDS	93				hypothetical protein
BEAMACEP_03520	CDS	129				hypothetical protein
BEAMACEP_03521	CDS	132				hypothetical protein
BEAMACEP_03522	CDS	123				hypothetical protein
BEAMACEP_03523	CDS	147				hypothetical protein
BEAMACEP_03524	CDS	93				hypothetical protein
BEAMACEP_03525	CDS	93				hypothetical protein
BEAMACEP_03526	CDS	147				hypothetical protein
BEAMACEP_03527	CDS	120				hypothetical protein
BEAMACEP_03528	CDS	96				hypothetical protein
BEAMACEP_03529	CDS	102				hypothetical protein
BEAMACEP_03530	CDS	147				hypothetical protein
BEAMACEP_03531	CDS	96				hypothetical protein
BEAMACEP_03532	CDS	93				hypothetical protein
BEAMACEP_03533	CDS	93				hypothetical protein
BEAMACEP_03534	CDS	93				hypothetical protein
BEAMACEP_03535	CDS	96				hypothetical protein
BEAMACEP_03536	CDS	102				hypothetical protein
BEAMACEP_03537	CDS	102				hypothetical protein
BEAMACEP_03538	CDS	120				hypothetical protein
BEAMACEP_03539	CDS	117				hypothetical protein
BEAMACEP_03540	CDS	219				hypothetical protein
BEAMACEP_03541	CDS	120				hypothetical protein
BEAMACEP_03542	CDS	93				hypothetical protein
BEAMACEP_03543	CDS	129				hypothetical protein
BEAMACEP_03544	CDS	144				hypothetical protein
BEAMACEP_03545	CDS	93				hypothetical protein
BEAMACEP_03546	CDS	93				hypothetical protein
BEAMACEP_03547	CDS	102				hypothetical protein
BEAMACEP_03548	CDS	114				hypothetical protein
BEAMACEP_03549	CDS	93				hypothetical protein
BEAMACEP_03550	CDS	96				hypothetical protein
BEAMACEP_03551	CDS	93				hypothetical protein
BEAMACEP_03552	CDS	138				hypothetical protein
BEAMACEP_03553	CDS	114				hypothetical protein
BEAMACEP_03554	CDS	129				hypothetical protein
BEAMACEP_03555	CDS	108				hypothetical protein
BEAMACEP_03556	CDS	147				hypothetical protein
BEAMACEP_03557	CDS	117				hypothetical protein
BEAMACEP_03558	CDS	93				hypothetical protein
BEAMACEP_03559	CDS	93				hypothetical protein
BEAMACEP_03560	CDS	129				hypothetical protein
BEAMACEP_03561	CDS	138				hypothetical protein
BEAMACEP_03562	CDS	93				hypothetical protein
BEAMACEP_03563	CDS	129				hypothetical protein
BEAMACEP_03564	CDS	132				hypothetical protein
BEAMACEP_03565	CDS	144				hypothetical protein
BEAMACEP_03566	CDS	93				hypothetical protein
BEAMACEP_03567	CDS	114				hypothetical protein
BEAMACEP_03568	CDS	93				hypothetical protein
BEAMACEP_03569	CDS	117				hypothetical protein
BEAMACEP_03570	CDS	117				hypothetical protein
BEAMACEP_03571	CDS	93				hypothetical protein
BEAMACEP_03572	CDS	135				hypothetical protein
BEAMACEP_03573	CDS	132				hypothetical protein
BEAMACEP_03574	CDS	192				hypothetical protein
BEAMACEP_03575	CDS	147				hypothetical protein
BEAMACEP_03576	CDS	93				hypothetical protein
BEAMACEP_03577	CDS	93				hypothetical protein
BEAMACEP_03578	CDS	93				hypothetical protein
BEAMACEP_03579	CDS	147				hypothetical protein
BEAMACEP_03580	CDS	102				hypothetical protein
BEAMACEP_03581	CDS	135				hypothetical protein
BEAMACEP_03582	CDS	93				hypothetical protein
BEAMACEP_03583	CDS	132				hypothetical protein
BEAMACEP_03584	CDS	111				hypothetical protein
BEAMACEP_03585	CDS	243				hypothetical protein
BEAMACEP_03586	CDS	93				hypothetical protein
BEAMACEP_03587	CDS	225				hypothetical protein
BEAMACEP_03588	CDS	93				hypothetical protein
BEAMACEP_03589	CDS	132				hypothetical protein
BEAMACEP_03590	CDS	138				hypothetical protein
BEAMACEP_03591	CDS	93				hypothetical protein
BEAMACEP_03592	CDS	123				hypothetical protein
BEAMACEP_03593	CDS	93				hypothetical protein
BEAMACEP_03594	CDS	126				hypothetical protein
BEAMACEP_03595	CDS	126				hypothetical protein
BEAMACEP_03596	CDS	147				hypothetical protein
BEAMACEP_03597	CDS	138				hypothetical protein
BEAMACEP_03598	CDS	138				hypothetical protein
BEAMACEP_03599	CDS	93				hypothetical protein
BEAMACEP_03600	CDS	108				hypothetical protein
BEAMACEP_03601	CDS	93				hypothetical protein
BEAMACEP_03602	CDS	99				hypothetical protein
BEAMACEP_03603	CDS	129				hypothetical protein
BEAMACEP_03604	CDS	126				hypothetical protein
BEAMACEP_03605	CDS	93				hypothetical protein
BEAMACEP_03606	CDS	96				hypothetical protein
BEAMACEP_03607	CDS	138				hypothetical protein
BEAMACEP_03608	CDS	225				hypothetical protein
BEAMACEP_03609	CDS	156				hypothetical protein
BEAMACEP_03610	CDS	132				hypothetical protein
BEAMACEP_03611	CDS	120				hypothetical protein
BEAMACEP_03612	CDS	225				hypothetical protein
BEAMACEP_03613	CDS	129				hypothetical protein
BEAMACEP_03614	CDS	135				hypothetical protein
BEAMACEP_03615	CDS	138				hypothetical protein
BEAMACEP_03616	CDS	90				hypothetical protein
BEAMACEP_03617	CDS	186				hypothetical protein
BEAMACEP_03618	CDS	147				hypothetical protein
BEAMACEP_03619	CDS	162				hypothetical protein
BEAMACEP_03620	CDS	93				hypothetical protein
BEAMACEP_03621	CDS	96				hypothetical protein
BEAMACEP_03622	CDS	207				hypothetical protein
BEAMACEP_03623	CDS	150				hypothetical protein
BEAMACEP_03624	CDS	129				hypothetical protein
BEAMACEP_03625	CDS	195				hypothetical protein
BEAMACEP_03626	CDS	93				hypothetical protein
BEAMACEP_03627	CDS	177				hypothetical protein
BEAMACEP_03628	CDS	147				hypothetical protein
BEAMACEP_03629	CDS	117				hypothetical protein
BEAMACEP_03630	CDS	93				hypothetical protein
BEAMACEP_03631	CDS	108				hypothetical protein
BEAMACEP_03632	CDS	102				hypothetical protein
BEAMACEP_03633	CDS	93				hypothetical protein
BEAMACEP_03634	CDS	93				hypothetical protein
BEAMACEP_03635	CDS	120				hypothetical protein
BEAMACEP_03636	CDS	93				hypothetical protein
BEAMACEP_03637	CDS	129				hypothetical protein
BEAMACEP_03638	CDS	93				hypothetical protein
BEAMACEP_03639	CDS	234				hypothetical protein
BEAMACEP_03640	CDS	93				hypothetical protein
BEAMACEP_03641	CDS	117				hypothetical protein
BEAMACEP_03642	CDS	138				hypothetical protein
BEAMACEP_03643	CDS	93				hypothetical protein
BEAMACEP_03644	CDS	132				hypothetical protein
BEAMACEP_03645	CDS	114				hypothetical protein
BEAMACEP_03646	CDS	129				hypothetical protein
BEAMACEP_03647	CDS	93				hypothetical protein
BEAMACEP_03648	CDS	93				hypothetical protein
BEAMACEP_03649	CDS	147				hypothetical protein
BEAMACEP_03650	CDS	120				hypothetical protein
BEAMACEP_03651	CDS	93				hypothetical protein
BEAMACEP_03652	CDS	93				hypothetical protein
BEAMACEP_03653	CDS	93				hypothetical protein
BEAMACEP_03654	CDS	186				hypothetical protein
BEAMACEP_03655	CDS	147				hypothetical protein
BEAMACEP_03656	CDS	138				hypothetical protein
BEAMACEP_03657	CDS	93				hypothetical protein
BEAMACEP_03658	CDS	123				hypothetical protein
BEAMACEP_03659	CDS	117				hypothetical protein
BEAMACEP_03660	CDS	123				hypothetical protein
BEAMACEP_03661	CDS	93				hypothetical protein
BEAMACEP_03662	CDS	135				hypothetical protein
BEAMACEP_03663	CDS	93				hypothetical protein
BEAMACEP_03664	CDS	93				hypothetical protein
BEAMACEP_03665	CDS	138				hypothetical protein
BEAMACEP_03666	CDS	93				hypothetical protein
BEAMACEP_03667	CDS	138				hypothetical protein
BEAMACEP_03668	CDS	93				hypothetical protein
BEAMACEP_03669	CDS	138				hypothetical protein
BEAMACEP_03670	CDS	93				hypothetical protein
BEAMACEP_03671	CDS	129				hypothetical protein
BEAMACEP_03672	CDS	96				hypothetical protein
BEAMACEP_03673	CDS	96				hypothetical protein
BEAMACEP_03674	CDS	228				hypothetical protein
BEAMACEP_03675	CDS	120				hypothetical protein
BEAMACEP_03676	CDS	129				hypothetical protein
BEAMACEP_03677	CDS	96				hypothetical protein
BEAMACEP_03678	CDS	138				hypothetical protein
BEAMACEP_03679	CDS	138				hypothetical protein
BEAMACEP_03680	CDS	138				hypothetical protein
BEAMACEP_03681	CDS	132				hypothetical protein
BEAMACEP_03682	CDS	93				hypothetical protein
BEAMACEP_03683	CDS	120				hypothetical protein
BEAMACEP_03684	CDS	126				hypothetical protein
BEAMACEP_03685	CDS	93				hypothetical protein
BEAMACEP_03686	CDS	93				hypothetical protein
BEAMACEP_03687	CDS	93				hypothetical protein
BEAMACEP_03688	CDS	114				hypothetical protein
BEAMACEP_03689	CDS	93				hypothetical protein
BEAMACEP_03690	CDS	99				hypothetical protein
BEAMACEP_03691	CDS	129				hypothetical protein
BEAMACEP_03692	CDS	93				hypothetical protein
BEAMACEP_03693	CDS	93				hypothetical protein
BEAMACEP_03694	CDS	93				hypothetical protein
BEAMACEP_03695	CDS	129				hypothetical protein
BEAMACEP_03696	CDS	93				hypothetical protein
BEAMACEP_03697	CDS	129				hypothetical protein
BEAMACEP_03698	CDS	93				hypothetical protein
BEAMACEP_03699	CDS	123				hypothetical protein
BEAMACEP_03700	CDS	129				hypothetical protein
BEAMACEP_03701	CDS	126				hypothetical protein
BEAMACEP_03702	CDS	102				hypothetical protein
BEAMACEP_03703	CDS	129				hypothetical protein
BEAMACEP_03704	CDS	123				hypothetical protein
BEAMACEP_03705	CDS	147				hypothetical protein
BEAMACEP_03706	CDS	138				hypothetical protein
BEAMACEP_03707	CDS	93				hypothetical protein
BEAMACEP_03708	CDS	129				hypothetical protein
BEAMACEP_03709	CDS	93				hypothetical protein
BEAMACEP_03710	CDS	135				hypothetical protein
BEAMACEP_03711	CDS	93				hypothetical protein
BEAMACEP_03712	CDS	180				hypothetical protein
BEAMACEP_03713	CDS	93				hypothetical protein
BEAMACEP_03714	CDS	120				hypothetical protein
BEAMACEP_03715	CDS	129				hypothetical protein
BEAMACEP_03716	CDS	201				hypothetical protein
BEAMACEP_03717	CDS	90				hypothetical protein
BEAMACEP_03718	CDS	201				hypothetical protein
BEAMACEP_03719	CDS	93				hypothetical protein
BEAMACEP_03720	CDS	138				hypothetical protein
BEAMACEP_03721	CDS	117				hypothetical protein
BEAMACEP_03722	CDS	171				hypothetical protein
BEAMACEP_03723	CDS	96				hypothetical protein
BEAMACEP_03724	CDS	93				hypothetical protein
BEAMACEP_03725	CDS	117				hypothetical protein
BEAMACEP_03726	CDS	93				hypothetical protein
BEAMACEP_03727	CDS	147				hypothetical protein
BEAMACEP_03728	CDS	234				hypothetical protein
BEAMACEP_03729	CDS	96				hypothetical protein
BEAMACEP_03730	CDS	180				hypothetical protein
BEAMACEP_03731	CDS	270				hypothetical protein
BEAMACEP_03732	CDS	135				hypothetical protein
BEAMACEP_03733	CDS	201				hypothetical protein
BEAMACEP_03734	CDS	117				hypothetical protein
BEAMACEP_03735	CDS	129				hypothetical protein
BEAMACEP_03736	CDS	114				hypothetical protein
BEAMACEP_03737	CDS	150				hypothetical protein
BEAMACEP_03738	CDS	96				hypothetical protein
BEAMACEP_03739	CDS	138				hypothetical protein
BEAMACEP_03740	CDS	96				hypothetical protein
BEAMACEP_03741	CDS	132				hypothetical protein
BEAMACEP_03742	CDS	93				hypothetical protein
BEAMACEP_03743	CDS	225				hypothetical protein
BEAMACEP_03744	CDS	219				hypothetical protein
BEAMACEP_03745	CDS	234				hypothetical protein
BEAMACEP_03746	CDS	96				hypothetical protein
BEAMACEP_03747	CDS	129				hypothetical protein
BEAMACEP_03748	CDS	93				hypothetical protein
BEAMACEP_03749	CDS	201				hypothetical protein
BEAMACEP_03750	CDS	138				hypothetical protein
BEAMACEP_03751	CDS	138				hypothetical protein
BEAMACEP_03752	CDS	93				hypothetical protein
BEAMACEP_03753	CDS	129				hypothetical protein
BEAMACEP_03754	CDS	117				hypothetical protein
BEAMACEP_03755	CDS	93				hypothetical protein
BEAMACEP_03756	CDS	93				hypothetical protein
BEAMACEP_03757	CDS	135				hypothetical protein
BEAMACEP_03758	CDS	93				hypothetical protein
BEAMACEP_03759	CDS	234				hypothetical protein
BEAMACEP_03760	CDS	138				hypothetical protein
BEAMACEP_03761	CDS	123				hypothetical protein
BEAMACEP_03762	CDS	117				hypothetical protein
BEAMACEP_03763	CDS	93				hypothetical protein
BEAMACEP_03764	CDS	135				hypothetical protein
BEAMACEP_03765	CDS	129				hypothetical protein
BEAMACEP_03766	CDS	93				hypothetical protein
BEAMACEP_03767	CDS	93				hypothetical protein
BEAMACEP_03768	CDS	129				hypothetical protein
BEAMACEP_03769	CDS	117				hypothetical protein
BEAMACEP_03770	CDS	129				hypothetical protein
BEAMACEP_03771	CDS	93				hypothetical protein
BEAMACEP_03772	CDS	120				hypothetical protein
BEAMACEP_03773	CDS	147				hypothetical protein
BEAMACEP_03774	CDS	93				hypothetical protein
BEAMACEP_03775	CDS	120				hypothetical protein
BEAMACEP_03776	CDS	96				hypothetical protein
BEAMACEP_03777	CDS	93				hypothetical protein
BEAMACEP_03778	CDS	126				hypothetical protein
BEAMACEP_03779	CDS	129				hypothetical protein
BEAMACEP_03780	CDS	93				hypothetical protein
BEAMACEP_03781	CDS	93				hypothetical protein
BEAMACEP_03782	CDS	117				hypothetical protein
BEAMACEP_03783	CDS	93				hypothetical protein
BEAMACEP_03784	CDS	111				hypothetical protein
BEAMACEP_03785	CDS	111				hypothetical protein
BEAMACEP_03786	CDS	120				hypothetical protein
BEAMACEP_03787	CDS	147				hypothetical protein
BEAMACEP_03788	CDS	129				hypothetical protein
BEAMACEP_03789	CDS	138				hypothetical protein
BEAMACEP_03790	CDS	93				hypothetical protein
BEAMACEP_03791	CDS	129				hypothetical protein
BEAMACEP_03792	CDS	129				hypothetical protein
BEAMACEP_03793	CDS	129				hypothetical protein
BEAMACEP_03794	CDS	120				hypothetical protein
BEAMACEP_03795	CDS	129				hypothetical protein
BEAMACEP_03796	CDS	126				hypothetical protein
BEAMACEP_03797	CDS	90				hypothetical protein
BEAMACEP_03798	CDS	135				hypothetical protein
BEAMACEP_03799	CDS	93				hypothetical protein
BEAMACEP_03800	CDS	138				hypothetical protein
BEAMACEP_03801	CDS	114				hypothetical protein
BEAMACEP_03802	CDS	120				hypothetical protein
BEAMACEP_03803	CDS	120				hypothetical protein
BEAMACEP_03804	CDS	138				hypothetical protein
BEAMACEP_03805	CDS	108				hypothetical protein
BEAMACEP_03806	CDS	123				hypothetical protein
BEAMACEP_03807	CDS	93				hypothetical protein
BEAMACEP_03808	CDS	138				hypothetical protein
BEAMACEP_03809	CDS	90				hypothetical protein
BEAMACEP_03810	CDS	192				hypothetical protein
BEAMACEP_03811	CDS	147				hypothetical protein
BEAMACEP_03812	CDS	93				hypothetical protein
BEAMACEP_03813	CDS	147				hypothetical protein
BEAMACEP_03814	CDS	129				hypothetical protein
BEAMACEP_03815	CDS	96				hypothetical protein
BEAMACEP_03816	CDS	216				hypothetical protein
BEAMACEP_03817	CDS	102				hypothetical protein
BEAMACEP_03818	CDS	93				hypothetical protein
BEAMACEP_03819	CDS	201				hypothetical protein
BEAMACEP_03820	CDS	120				hypothetical protein
BEAMACEP_03821	CDS	93				hypothetical protein
BEAMACEP_03822	CDS	93				hypothetical protein
BEAMACEP_03823	CDS	117				hypothetical protein
BEAMACEP_03824	CDS	93				hypothetical protein
BEAMACEP_03825	CDS	117				hypothetical protein
BEAMACEP_03826	CDS	138				hypothetical protein
BEAMACEP_03827	CDS	120				hypothetical protein
BEAMACEP_03828	CDS	126				hypothetical protein
BEAMACEP_03829	CDS	93				hypothetical protein
BEAMACEP_03830	CDS	216				hypothetical protein
BEAMACEP_03831	CDS	96				hypothetical protein
BEAMACEP_03832	CDS	96				hypothetical protein
BEAMACEP_03833	CDS	147				hypothetical protein
BEAMACEP_03834	CDS	132				hypothetical protein
BEAMACEP_03835	CDS	147				hypothetical protein
BEAMACEP_03836	CDS	129				hypothetical protein
BEAMACEP_03837	CDS	93				hypothetical protein
BEAMACEP_03838	CDS	96				hypothetical protein
BEAMACEP_03839	CDS	117				hypothetical protein
BEAMACEP_03840	CDS	102				hypothetical protein
BEAMACEP_03841	CDS	93				hypothetical protein
BEAMACEP_03842	CDS	138				hypothetical protein
BEAMACEP_03843	CDS	93				hypothetical protein
BEAMACEP_03844	CDS	93				hypothetical protein
BEAMACEP_03845	CDS	96				hypothetical protein
BEAMACEP_03846	CDS	108				hypothetical protein
BEAMACEP_03847	CDS	93				hypothetical protein
BEAMACEP_03848	CDS	96				hypothetical protein
BEAMACEP_03849	CDS	93				hypothetical protein
BEAMACEP_03850	CDS	93				hypothetical protein
BEAMACEP_03851	CDS	93				hypothetical protein
BEAMACEP_03852	CDS	93				hypothetical protein
BEAMACEP_03853	CDS	93				hypothetical protein
BEAMACEP_03854	CDS	132				hypothetical protein
BEAMACEP_03855	CDS	126				hypothetical protein
BEAMACEP_03856	CDS	108				hypothetical protein
BEAMACEP_03857	CDS	129				hypothetical protein
BEAMACEP_03858	CDS	129				hypothetical protein
BEAMACEP_03859	CDS	114				hypothetical protein
BEAMACEP_03860	CDS	150				hypothetical protein
BEAMACEP_03861	CDS	120				hypothetical protein
BEAMACEP_03862	CDS	120				hypothetical protein
BEAMACEP_03863	CDS	147				hypothetical protein
BEAMACEP_03864	CDS	93				hypothetical protein
BEAMACEP_03865	CDS	147				hypothetical protein
BEAMACEP_03866	CDS	201				hypothetical protein
BEAMACEP_03867	CDS	93				hypothetical protein
BEAMACEP_03868	CDS	96				hypothetical protein
BEAMACEP_03869	CDS	225				hypothetical protein
BEAMACEP_03870	CDS	126				hypothetical protein
BEAMACEP_03871	CDS	138				hypothetical protein
BEAMACEP_03872	CDS	96				hypothetical protein
BEAMACEP_03873	CDS	105				hypothetical protein
BEAMACEP_03874	CDS	93				hypothetical protein
BEAMACEP_03875	CDS	105				hypothetical protein
BEAMACEP_03876	CDS	93				hypothetical protein
BEAMACEP_03877	CDS	93				hypothetical protein
BEAMACEP_03878	CDS	138				hypothetical protein
BEAMACEP_03879	CDS	171				hypothetical protein
BEAMACEP_03880	CDS	93				hypothetical protein
BEAMACEP_03881	CDS	123				hypothetical protein
BEAMACEP_03882	CDS	96				hypothetical protein
BEAMACEP_03883	CDS	93				hypothetical protein
BEAMACEP_03884	CDS	117				hypothetical protein
BEAMACEP_03885	CDS	117				hypothetical protein
BEAMACEP_03886	CDS	135				hypothetical protein
BEAMACEP_03887	CDS	93				hypothetical protein
BEAMACEP_03888	CDS	96				hypothetical protein
BEAMACEP_03889	CDS	93				hypothetical protein
BEAMACEP_03890	CDS	93				hypothetical protein
BEAMACEP_03891	CDS	93				hypothetical protein
BEAMACEP_03892	CDS	180				hypothetical protein
BEAMACEP_03893	CDS	129				hypothetical protein
BEAMACEP_03894	CDS	171				hypothetical protein
BEAMACEP_03895	CDS	99				hypothetical protein
BEAMACEP_03896	CDS	105				hypothetical protein
BEAMACEP_03897	CDS	96				hypothetical protein
BEAMACEP_03898	CDS	114				hypothetical protein
BEAMACEP_03899	CDS	96				hypothetical protein
BEAMACEP_03900	CDS	96				hypothetical protein
BEAMACEP_03901	CDS	96				hypothetical protein
BEAMACEP_03902	CDS	159				hypothetical protein
BEAMACEP_03903	CDS	90				hypothetical protein
BEAMACEP_03904	CDS	138				hypothetical protein
BEAMACEP_03905	CDS	147				hypothetical protein
BEAMACEP_03906	CDS	138				hypothetical protein
BEAMACEP_03907	CDS	96				hypothetical protein
BEAMACEP_03908	CDS	93				hypothetical protein
BEAMACEP_03909	CDS	102				hypothetical protein
BEAMACEP_03910	CDS	120				hypothetical protein
BEAMACEP_03911	CDS	96				hypothetical protein
BEAMACEP_03912	CDS	225				hypothetical protein
BEAMACEP_03913	CDS	93				hypothetical protein
BEAMACEP_03914	CDS	117				hypothetical protein
BEAMACEP_03915	CDS	90				hypothetical protein
BEAMACEP_03916	CDS	93				hypothetical protein
BEAMACEP_03917	CDS	213				hypothetical protein
BEAMACEP_03918	CDS	147				hypothetical protein
BEAMACEP_03919	CDS	120				hypothetical protein
BEAMACEP_03920	CDS	93				hypothetical protein
BEAMACEP_03921	CDS	120				hypothetical protein
BEAMACEP_03922	CDS	93				hypothetical protein
BEAMACEP_03923	CDS	138				hypothetical protein
BEAMACEP_03924	CDS	96				hypothetical protein
BEAMACEP_03925	CDS	129				hypothetical protein
BEAMACEP_03926	CDS	96				hypothetical protein
BEAMACEP_03927	CDS	147				hypothetical protein
BEAMACEP_03928	CDS	102				hypothetical protein
BEAMACEP_03929	CDS	132				hypothetical protein
BEAMACEP_03930	CDS	93				hypothetical protein
BEAMACEP_03931	CDS	129				hypothetical protein
BEAMACEP_03932	CDS	96				hypothetical protein
BEAMACEP_03933	CDS	93				hypothetical protein
BEAMACEP_03934	CDS	180				hypothetical protein
BEAMACEP_03935	CDS	99				hypothetical protein
BEAMACEP_03936	CDS	114				hypothetical protein
BEAMACEP_03937	CDS	93				hypothetical protein
BEAMACEP_03938	CDS	129				hypothetical protein
BEAMACEP_03939	CDS	93				hypothetical protein
BEAMACEP_03940	CDS	117				hypothetical protein
BEAMACEP_03941	CDS	117				hypothetical protein
BEAMACEP_03942	CDS	162				hypothetical protein
BEAMACEP_03943	CDS	114				hypothetical protein
BEAMACEP_03944	CDS	120				hypothetical protein
BEAMACEP_03945	CDS	144				hypothetical protein
BEAMACEP_03946	CDS	117				hypothetical protein
BEAMACEP_03947	CDS	129				hypothetical protein
BEAMACEP_03948	CDS	129				hypothetical protein
BEAMACEP_03949	CDS	93				hypothetical protein
BEAMACEP_03950	CDS	93				hypothetical protein
BEAMACEP_03951	CDS	114				hypothetical protein
BEAMACEP_03952	CDS	138				hypothetical protein
BEAMACEP_03953	CDS	144				hypothetical protein
BEAMACEP_03954	CDS	138				hypothetical protein
BEAMACEP_03955	CDS	138				hypothetical protein
BEAMACEP_03956	CDS	93				hypothetical protein
BEAMACEP_03957	CDS	117				hypothetical protein
BEAMACEP_03958	CDS	138				hypothetical protein
BEAMACEP_03959	CDS	93				hypothetical protein
BEAMACEP_03960	CDS	129				hypothetical protein
BEAMACEP_03961	CDS	138				hypothetical protein
BEAMACEP_03962	CDS	129				hypothetical protein
BEAMACEP_03963	CDS	120				hypothetical protein
BEAMACEP_03964	CDS	93				hypothetical protein
BEAMACEP_03965	CDS	129				hypothetical protein
BEAMACEP_03966	CDS	126				hypothetical protein
BEAMACEP_03967	CDS	96				hypothetical protein
BEAMACEP_03968	CDS	102				hypothetical protein
BEAMACEP_03969	CDS	114				hypothetical protein
BEAMACEP_03970	CDS	117				hypothetical protein
BEAMACEP_03971	CDS	132				hypothetical protein
BEAMACEP_03972	CDS	129				hypothetical protein
BEAMACEP_03973	CDS	117				hypothetical protein
BEAMACEP_03974	CDS	120				hypothetical protein
BEAMACEP_03975	CDS	93				hypothetical protein
BEAMACEP_03976	CDS	93				hypothetical protein
BEAMACEP_03977	CDS	93				hypothetical protein
BEAMACEP_03978	CDS	93				hypothetical protein
BEAMACEP_03979	CDS	138				hypothetical protein
BEAMACEP_03980	CDS	210				hypothetical protein
BEAMACEP_03981	CDS	138				hypothetical protein
BEAMACEP_03982	CDS	93				hypothetical protein
BEAMACEP_03983	CDS	120				hypothetical protein
BEAMACEP_03984	CDS	129				hypothetical protein
BEAMACEP_03985	CDS	126				hypothetical protein
BEAMACEP_03986	CDS	96				hypothetical protein
BEAMACEP_03987	CDS	93				hypothetical protein
BEAMACEP_03988	CDS	120				hypothetical protein
BEAMACEP_03989	CDS	117				hypothetical protein
BEAMACEP_03990	CDS	96				hypothetical protein
BEAMACEP_03991	CDS	147				hypothetical protein
BEAMACEP_03992	CDS	93				hypothetical protein
BEAMACEP_03993	CDS	120				hypothetical protein
BEAMACEP_03994	CDS	138				hypothetical protein
BEAMACEP_03995	CDS	117				hypothetical protein
BEAMACEP_03996	CDS	96				hypothetical protein
BEAMACEP_03997	CDS	129				hypothetical protein
BEAMACEP_03998	CDS	138				hypothetical protein
BEAMACEP_03999	CDS	138				hypothetical protein
BEAMACEP_04000	CDS	135				hypothetical protein
BEAMACEP_04001	CDS	93				hypothetical protein
BEAMACEP_04002	CDS	105				hypothetical protein
BEAMACEP_04003	CDS	162				hypothetical protein
BEAMACEP_04004	CDS	120				hypothetical protein
BEAMACEP_04005	CDS	99				hypothetical protein
BEAMACEP_04006	CDS	93				hypothetical protein
BEAMACEP_04007	CDS	93				hypothetical protein
BEAMACEP_04008	CDS	93				hypothetical protein
BEAMACEP_04009	CDS	93				hypothetical protein
BEAMACEP_04010	CDS	126				hypothetical protein
BEAMACEP_04011	CDS	93				hypothetical protein
BEAMACEP_04012	CDS	114				hypothetical protein
BEAMACEP_04013	CDS	138				hypothetical protein
BEAMACEP_04014	CDS	129				hypothetical protein
BEAMACEP_04015	CDS	171				hypothetical protein
BEAMACEP_04016	CDS	96				hypothetical protein
BEAMACEP_04017	CDS	138				hypothetical protein
BEAMACEP_04018	CDS	114				hypothetical protein
BEAMACEP_04019	CDS	108				hypothetical protein
BEAMACEP_04020	CDS	120				hypothetical protein
BEAMACEP_04021	CDS	138				hypothetical protein
BEAMACEP_04022	CDS	99				hypothetical protein
BEAMACEP_04023	CDS	138				hypothetical protein
BEAMACEP_04024	CDS	93				hypothetical protein
BEAMACEP_04025	CDS	96				hypothetical protein
BEAMACEP_04026	CDS	96				hypothetical protein
BEAMACEP_04027	CDS	114				hypothetical protein
BEAMACEP_04028	CDS	93				hypothetical protein
BEAMACEP_04029	CDS	132				hypothetical protein
BEAMACEP_04030	CDS	129				hypothetical protein
BEAMACEP_04031	CDS	93				hypothetical protein
BEAMACEP_04032	CDS	120				hypothetical protein
BEAMACEP_04033	CDS	99				hypothetical protein
BEAMACEP_04034	CDS	120				hypothetical protein
BEAMACEP_04035	CDS	147				hypothetical protein
BEAMACEP_04036	CDS	195				hypothetical protein
BEAMACEP_04037	CDS	93				hypothetical protein
BEAMACEP_04038	CDS	129				hypothetical protein
BEAMACEP_04039	CDS	93				hypothetical protein
BEAMACEP_04040	CDS	129				hypothetical protein
BEAMACEP_04041	CDS	102				hypothetical protein
BEAMACEP_04042	CDS	114				hypothetical protein
BEAMACEP_04043	CDS	93				hypothetical protein
BEAMACEP_04044	CDS	117				hypothetical protein
BEAMACEP_04045	CDS	102				hypothetical protein
BEAMACEP_04046	CDS	138				hypothetical protein
BEAMACEP_04047	CDS	117				hypothetical protein
BEAMACEP_04048	CDS	93				hypothetical protein
BEAMACEP_04049	CDS	138				hypothetical protein
BEAMACEP_04050	CDS	117				hypothetical protein
BEAMACEP_04051	CDS	99				hypothetical protein
BEAMACEP_04052	CDS	93				hypothetical protein
BEAMACEP_04053	CDS	147				hypothetical protein
BEAMACEP_04054	CDS	93				hypothetical protein
BEAMACEP_04055	CDS	144				hypothetical protein
BEAMACEP_04056	CDS	132				hypothetical protein
BEAMACEP_04057	CDS	120				hypothetical protein
BEAMACEP_04058	CDS	105				hypothetical protein
BEAMACEP_04059	CDS	129				hypothetical protein
BEAMACEP_04060	CDS	105				hypothetical protein
BEAMACEP_04061	CDS	129				hypothetical protein
BEAMACEP_04062	CDS	147				hypothetical protein
BEAMACEP_04063	CDS	117				hypothetical protein
BEAMACEP_04064	CDS	138				hypothetical protein
BEAMACEP_04065	CDS	138				hypothetical protein
BEAMACEP_04066	CDS	99				hypothetical protein
BEAMACEP_04067	CDS	93				hypothetical protein
BEAMACEP_04068	CDS	93				hypothetical protein
BEAMACEP_04069	CDS	129				hypothetical protein
BEAMACEP_04070	CDS	126				hypothetical protein
BEAMACEP_04071	CDS	129				hypothetical protein
BEAMACEP_04072	CDS	126				hypothetical protein
BEAMACEP_04073	CDS	93				hypothetical protein
BEAMACEP_04074	CDS	138				hypothetical protein
BEAMACEP_04075	CDS	201				hypothetical protein
BEAMACEP_04076	CDS	129				hypothetical protein
BEAMACEP_04077	CDS	114				hypothetical protein
BEAMACEP_04078	CDS	93				hypothetical protein
BEAMACEP_04079	CDS	201				hypothetical protein
BEAMACEP_04080	CDS	117				hypothetical protein
BEAMACEP_04081	CDS	93				hypothetical protein
BEAMACEP_04082	CDS	195				hypothetical protein
BEAMACEP_04083	CDS	129				hypothetical protein
BEAMACEP_04084	CDS	135				hypothetical protein
BEAMACEP_04085	CDS	123				hypothetical protein
BEAMACEP_04086	CDS	132				hypothetical protein
BEAMACEP_04087	CDS	93				hypothetical protein
BEAMACEP_04088	CDS	138				hypothetical protein
BEAMACEP_04089	CDS	93				hypothetical protein
BEAMACEP_04090	CDS	93				hypothetical protein
BEAMACEP_04091	CDS	201				hypothetical protein
BEAMACEP_04092	CDS	147				hypothetical protein
BEAMACEP_04093	CDS	93				hypothetical protein
BEAMACEP_04094	CDS	93				hypothetical protein
BEAMACEP_04095	CDS	228				hypothetical protein
BEAMACEP_04096	CDS	102				hypothetical protein
BEAMACEP_04097	CDS	96				hypothetical protein
BEAMACEP_04098	CDS	96				hypothetical protein
BEAMACEP_04099	CDS	96				hypothetical protein
BEAMACEP_04100	CDS	114				hypothetical protein
BEAMACEP_04101	CDS	93				hypothetical protein
BEAMACEP_04102	CDS	96				hypothetical protein
BEAMACEP_04103	CDS	114				hypothetical protein
BEAMACEP_04104	CDS	129				hypothetical protein
BEAMACEP_04105	CDS	93				hypothetical protein
BEAMACEP_04106	CDS	129				hypothetical protein
BEAMACEP_04107	CDS	114				hypothetical protein
BEAMACEP_04108	CDS	138				hypothetical protein
BEAMACEP_04109	CDS	117				hypothetical protein
BEAMACEP_04110	CDS	129				hypothetical protein
BEAMACEP_04111	CDS	129				hypothetical protein
BEAMACEP_04112	CDS	105				hypothetical protein
BEAMACEP_04113	CDS	129				hypothetical protein
BEAMACEP_04114	CDS	186				hypothetical protein
BEAMACEP_04115	CDS	138				hypothetical protein
BEAMACEP_04116	CDS	102				hypothetical protein
BEAMACEP_04117	CDS	93				hypothetical protein
BEAMACEP_04118	CDS	129				hypothetical protein
BEAMACEP_04119	CDS	129				hypothetical protein
BEAMACEP_04120	CDS	93				hypothetical protein
BEAMACEP_04121	CDS	147				hypothetical protein
BEAMACEP_04122	CDS	123				hypothetical protein
BEAMACEP_04123	CDS	117				hypothetical protein
BEAMACEP_04124	CDS	129				hypothetical protein
BEAMACEP_04125	CDS	129				hypothetical protein
BEAMACEP_04126	CDS	93				hypothetical protein
BEAMACEP_04127	CDS	138				hypothetical protein
BEAMACEP_04128	CDS	93				hypothetical protein
BEAMACEP_04129	CDS	138				hypothetical protein
BEAMACEP_04130	CDS	132				hypothetical protein
BEAMACEP_04131	CDS	108				hypothetical protein
BEAMACEP_04132	CDS	93				hypothetical protein
BEAMACEP_04133	CDS	138				hypothetical protein
BEAMACEP_04134	CDS	93				hypothetical protein
BEAMACEP_04135	CDS	201				hypothetical protein
BEAMACEP_04136	CDS	126				hypothetical protein
BEAMACEP_04137	CDS	210				hypothetical protein
BEAMACEP_04138	CDS	147				hypothetical protein
BEAMACEP_04139	CDS	93				hypothetical protein
BEAMACEP_04140	CDS	138				hypothetical protein
BEAMACEP_04141	CDS	99				hypothetical protein
BEAMACEP_04142	CDS	129				hypothetical protein
BEAMACEP_04143	CDS	96				hypothetical protein
BEAMACEP_04144	CDS	93				hypothetical protein
BEAMACEP_04145	CDS	102				hypothetical protein
BEAMACEP_04146	CDS	234				hypothetical protein
BEAMACEP_04147	CDS	93				hypothetical protein
BEAMACEP_04148	CDS	93				hypothetical protein
BEAMACEP_04149	CDS	93				hypothetical protein
BEAMACEP_04150	CDS	117				hypothetical protein
BEAMACEP_04151	CDS	126				hypothetical protein
BEAMACEP_04152	CDS	114				hypothetical protein
BEAMACEP_04153	CDS	93				hypothetical protein
BEAMACEP_04154	CDS	129				hypothetical protein
BEAMACEP_04155	CDS	117				hypothetical protein
BEAMACEP_04156	CDS	93				hypothetical protein
BEAMACEP_04157	CDS	126				hypothetical protein
BEAMACEP_04158	CDS	93				hypothetical protein
BEAMACEP_04159	CDS	147				hypothetical protein
BEAMACEP_04160	CDS	129				hypothetical protein
BEAMACEP_04161	CDS	234				hypothetical protein
BEAMACEP_04162	CDS	120				hypothetical protein
BEAMACEP_04163	CDS	93				hypothetical protein
BEAMACEP_04164	CDS	132				hypothetical protein
BEAMACEP_04165	CDS	96				hypothetical protein
BEAMACEP_04166	CDS	147				hypothetical protein
BEAMACEP_04167	CDS	111				hypothetical protein
BEAMACEP_04168	CDS	96				hypothetical protein
BEAMACEP_04169	CDS	96				hypothetical protein
BEAMACEP_04170	CDS	93				hypothetical protein
BEAMACEP_04171	CDS	147				hypothetical protein
BEAMACEP_04172	CDS	99				hypothetical protein
BEAMACEP_04173	CDS	129				hypothetical protein
BEAMACEP_04174	CDS	93				hypothetical protein
BEAMACEP_04175	CDS	129				hypothetical protein
BEAMACEP_04176	CDS	96				hypothetical protein
BEAMACEP_04177	CDS	93				hypothetical protein
BEAMACEP_04178	CDS	129				hypothetical protein
BEAMACEP_04179	CDS	129				hypothetical protein
BEAMACEP_04180	CDS	93				hypothetical protein
BEAMACEP_04181	CDS	93				hypothetical protein
BEAMACEP_04182	CDS	96				hypothetical protein
BEAMACEP_04183	CDS	129				hypothetical protein
BEAMACEP_04184	CDS	93				hypothetical protein
BEAMACEP_04185	CDS	93				hypothetical protein
BEAMACEP_04186	CDS	96				hypothetical protein
BEAMACEP_04187	CDS	117				hypothetical protein
BEAMACEP_04188	CDS	90				hypothetical protein
BEAMACEP_04189	CDS	126				hypothetical protein
BEAMACEP_04190	CDS	117				hypothetical protein
BEAMACEP_04191	CDS	138				hypothetical protein
BEAMACEP_04192	CDS	132				hypothetical protein
BEAMACEP_04193	CDS	93				hypothetical protein
BEAMACEP_04194	CDS	93				hypothetical protein
BEAMACEP_04195	CDS	93				hypothetical protein
BEAMACEP_04196	CDS	114				hypothetical protein
BEAMACEP_04197	CDS	114				hypothetical protein
BEAMACEP_04198	CDS	96				hypothetical protein
BEAMACEP_04199	CDS	96				hypothetical protein
BEAMACEP_04200	CDS	99				hypothetical protein
BEAMACEP_04201	CDS	117				hypothetical protein
BEAMACEP_04202	CDS	117				hypothetical protein
BEAMACEP_04203	CDS	114				hypothetical protein
BEAMACEP_04204	CDS	201				hypothetical protein
BEAMACEP_04205	CDS	114				hypothetical protein
BEAMACEP_04206	CDS	138				hypothetical protein
BEAMACEP_04207	CDS	117				hypothetical protein
BEAMACEP_04208	CDS	138				hypothetical protein
BEAMACEP_04209	CDS	93				hypothetical protein
BEAMACEP_04210	CDS	93				hypothetical protein
BEAMACEP_04211	CDS	129				hypothetical protein
BEAMACEP_04212	CDS	93				hypothetical protein
BEAMACEP_04213	CDS	138				hypothetical protein
BEAMACEP_04214	CDS	135				hypothetical protein
BEAMACEP_04215	CDS	105				hypothetical protein
BEAMACEP_04216	CDS	117				hypothetical protein
BEAMACEP_04217	CDS	147				hypothetical protein
BEAMACEP_04218	CDS	129				hypothetical protein
BEAMACEP_04219	CDS	117				hypothetical protein
BEAMACEP_04220	CDS	138				hypothetical protein
BEAMACEP_04221	CDS	126				hypothetical protein
BEAMACEP_04222	CDS	111				hypothetical protein
BEAMACEP_04223	CDS	132				hypothetical protein
BEAMACEP_04224	CDS	117				hypothetical protein
BEAMACEP_04225	CDS	138				hypothetical protein
BEAMACEP_04226	CDS	102				hypothetical protein
BEAMACEP_04227	CDS	114				hypothetical protein
BEAMACEP_04228	CDS	129				hypothetical protein
BEAMACEP_04229	CDS	93				hypothetical protein
BEAMACEP_04230	CDS	99				hypothetical protein
BEAMACEP_04231	CDS	102				hypothetical protein
BEAMACEP_04232	CDS	93				hypothetical protein
BEAMACEP_04233	CDS	129				hypothetical protein
BEAMACEP_04234	CDS	126				hypothetical protein
BEAMACEP_04235	CDS	138				hypothetical protein
BEAMACEP_04236	CDS	93				hypothetical protein
BEAMACEP_04237	CDS	129				hypothetical protein
BEAMACEP_04238	CDS	138				hypothetical protein
BEAMACEP_04239	CDS	234				hypothetical protein
BEAMACEP_04240	CDS	204				hypothetical protein
BEAMACEP_04241	CDS	129				hypothetical protein
BEAMACEP_04242	CDS	93				hypothetical protein
BEAMACEP_04243	CDS	135				hypothetical protein
BEAMACEP_04244	CDS	123				hypothetical protein
BEAMACEP_04245	CDS	138				hypothetical protein
BEAMACEP_04246	CDS	129				hypothetical protein
BEAMACEP_04247	CDS	120				hypothetical protein
BEAMACEP_04248	CDS	117				hypothetical protein
BEAMACEP_04249	CDS	261				hypothetical protein
BEAMACEP_04250	CDS	210				hypothetical protein
BEAMACEP_04251	CDS	138				hypothetical protein
BEAMACEP_04252	CDS	93				hypothetical protein
BEAMACEP_04253	CDS	96				hypothetical protein
BEAMACEP_04254	CDS	114				hypothetical protein
BEAMACEP_04255	CDS	117				hypothetical protein
BEAMACEP_04256	CDS	201				hypothetical protein
BEAMACEP_04257	CDS	117				hypothetical protein
BEAMACEP_04258	CDS	114				hypothetical protein
BEAMACEP_04259	CDS	93				hypothetical protein
BEAMACEP_04260	CDS	225				hypothetical protein
BEAMACEP_04261	CDS	129				hypothetical protein
BEAMACEP_04262	CDS	201				hypothetical protein
BEAMACEP_04263	CDS	189				hypothetical protein
BEAMACEP_04264	CDS	96				hypothetical protein
BEAMACEP_04265	CDS	129				hypothetical protein
BEAMACEP_04266	CDS	120				hypothetical protein
BEAMACEP_04267	CDS	156				hypothetical protein
BEAMACEP_04268	CDS	102				hypothetical protein
BEAMACEP_04269	CDS	114				hypothetical protein
BEAMACEP_04270	CDS	138				hypothetical protein
BEAMACEP_04271	CDS	108				hypothetical protein
BEAMACEP_04272	CDS	102				hypothetical protein
BEAMACEP_04273	CDS	93				hypothetical protein
BEAMACEP_04274	CDS	114				hypothetical protein
BEAMACEP_04275	CDS	138				hypothetical protein
BEAMACEP_04276	CDS	138				hypothetical protein
BEAMACEP_04277	CDS	138				hypothetical protein
BEAMACEP_04278	CDS	123				hypothetical protein
BEAMACEP_04279	CDS	180				hypothetical protein
BEAMACEP_04280	CDS	93				hypothetical protein
BEAMACEP_04281	CDS	186				hypothetical protein
BEAMACEP_04282	CDS	105				hypothetical protein
BEAMACEP_04283	CDS	117				hypothetical protein
BEAMACEP_04284	CDS	189				hypothetical protein
BEAMACEP_04285	CDS	93				hypothetical protein
BEAMACEP_04286	CDS	117				hypothetical protein
BEAMACEP_04287	CDS	138				hypothetical protein
BEAMACEP_04288	CDS	210				hypothetical protein
BEAMACEP_04289	CDS	216				hypothetical protein
BEAMACEP_04290	CDS	93				hypothetical protein
BEAMACEP_04291	CDS	138				hypothetical protein
BEAMACEP_04292	CDS	120				hypothetical protein
BEAMACEP_04293	CDS	147				hypothetical protein
BEAMACEP_04294	CDS	120				hypothetical protein
BEAMACEP_04295	CDS	126				hypothetical protein
BEAMACEP_04296	CDS	93				hypothetical protein
BEAMACEP_04297	CDS	201				hypothetical protein
BEAMACEP_04298	CDS	93				hypothetical protein
BEAMACEP_04299	CDS	147				hypothetical protein
BEAMACEP_04300	CDS	129				hypothetical protein
BEAMACEP_04301	CDS	120				hypothetical protein
BEAMACEP_04302	CDS	93				hypothetical protein
BEAMACEP_04303	CDS	93				hypothetical protein
BEAMACEP_04304	CDS	96				hypothetical protein
BEAMACEP_04305	CDS	93				hypothetical protein
BEAMACEP_04306	CDS	96				hypothetical protein
BEAMACEP_04307	CDS	129				hypothetical protein
BEAMACEP_04308	CDS	93				hypothetical protein
BEAMACEP_04309	CDS	138				hypothetical protein
BEAMACEP_04310	CDS	126				hypothetical protein
BEAMACEP_04311	CDS	120				hypothetical protein
BEAMACEP_04312	CDS	135				hypothetical protein
BEAMACEP_04313	CDS	93				hypothetical protein
BEAMACEP_04314	CDS	138				hypothetical protein
BEAMACEP_04315	CDS	135				hypothetical protein
BEAMACEP_04316	CDS	132				hypothetical protein
BEAMACEP_04317	CDS	117				hypothetical protein
BEAMACEP_04318	CDS	138				hypothetical protein
BEAMACEP_04319	CDS	93				hypothetical protein
BEAMACEP_04320	CDS	138				hypothetical protein
BEAMACEP_04321	CDS	93				hypothetical protein
BEAMACEP_04322	CDS	120				hypothetical protein
BEAMACEP_04323	CDS	93				hypothetical protein
BEAMACEP_04324	CDS	96				hypothetical protein
BEAMACEP_04325	CDS	132				hypothetical protein
BEAMACEP_04326	CDS	117				hypothetical protein
BEAMACEP_04327	CDS	129				hypothetical protein
BEAMACEP_04328	CDS	126				hypothetical protein
BEAMACEP_04329	CDS	171				hypothetical protein
BEAMACEP_04330	CDS	93				hypothetical protein
BEAMACEP_04331	CDS	93				hypothetical protein
BEAMACEP_04332	CDS	93				hypothetical protein
BEAMACEP_04333	CDS	90				hypothetical protein
BEAMACEP_04334	CDS	138				hypothetical protein
BEAMACEP_04335	CDS	132				hypothetical protein
BEAMACEP_04336	CDS	138				hypothetical protein
BEAMACEP_04337	CDS	120				hypothetical protein
BEAMACEP_04338	CDS	129				hypothetical protein
BEAMACEP_04339	CDS	138				hypothetical protein
BEAMACEP_04340	CDS	126				hypothetical protein
BEAMACEP_04341	CDS	114				hypothetical protein
BEAMACEP_04342	CDS	99				hypothetical protein
BEAMACEP_04343	CDS	135				hypothetical protein
BEAMACEP_04344	CDS	129				hypothetical protein
BEAMACEP_04345	CDS	129				hypothetical protein
BEAMACEP_04346	CDS	102				hypothetical protein
BEAMACEP_04347	CDS	93				hypothetical protein
BEAMACEP_04348	CDS	93				hypothetical protein
BEAMACEP_04349	CDS	138				hypothetical protein
BEAMACEP_04350	CDS	129				hypothetical protein
BEAMACEP_04351	CDS	111				hypothetical protein
BEAMACEP_04352	CDS	102				hypothetical protein
BEAMACEP_04353	CDS	129				hypothetical protein
BEAMACEP_04354	CDS	117				hypothetical protein
BEAMACEP_04355	CDS	201				hypothetical protein
BEAMACEP_04356	CDS	129				hypothetical protein
BEAMACEP_04357	CDS	132				hypothetical protein
BEAMACEP_04358	CDS	198				hypothetical protein
BEAMACEP_04359	CDS	93				hypothetical protein
BEAMACEP_04360	CDS	93				hypothetical protein
BEAMACEP_04361	CDS	126				hypothetical protein
BEAMACEP_04362	CDS	99				hypothetical protein
BEAMACEP_04363	CDS	117				hypothetical protein
BEAMACEP_04364	CDS	138				hypothetical protein
BEAMACEP_04365	CDS	93				hypothetical protein
BEAMACEP_04366	CDS	147				hypothetical protein
BEAMACEP_04367	CDS	99				hypothetical protein
BEAMACEP_04368	CDS	129				hypothetical protein
BEAMACEP_04369	CDS	105				hypothetical protein
BEAMACEP_04370	CDS	114				hypothetical protein
BEAMACEP_04371	CDS	102				hypothetical protein
BEAMACEP_04372	CDS	234				hypothetical protein
BEAMACEP_04373	CDS	93				hypothetical protein
BEAMACEP_04374	CDS	93				hypothetical protein
BEAMACEP_04375	CDS	129				hypothetical protein
BEAMACEP_04376	CDS	90				hypothetical protein
BEAMACEP_04377	CDS	210				hypothetical protein
BEAMACEP_04378	CDS	120				hypothetical protein
BEAMACEP_04379	CDS	93				hypothetical protein
BEAMACEP_04380	CDS	96				hypothetical protein
BEAMACEP_04381	CDS	138				hypothetical protein
BEAMACEP_04382	CDS	138				hypothetical protein
BEAMACEP_04383	CDS	132				hypothetical protein
BEAMACEP_04384	CDS	108				hypothetical protein
BEAMACEP_04385	CDS	201				hypothetical protein
BEAMACEP_04386	CDS	114				hypothetical protein
BEAMACEP_04387	CDS	138				hypothetical protein
BEAMACEP_04388	CDS	126				hypothetical protein
BEAMACEP_04389	CDS	225				hypothetical protein
BEAMACEP_04390	CDS	129				hypothetical protein
BEAMACEP_04391	CDS	93				hypothetical protein
BEAMACEP_04392	CDS	96				hypothetical protein
BEAMACEP_04393	CDS	129				hypothetical protein
BEAMACEP_04394	CDS	138				hypothetical protein
BEAMACEP_04395	CDS	105				hypothetical protein
BEAMACEP_04396	CDS	93				hypothetical protein
BEAMACEP_04397	CDS	93				hypothetical protein
BEAMACEP_04398	CDS	117				hypothetical protein
BEAMACEP_04399	CDS	90				hypothetical protein
BEAMACEP_04400	CDS	93				hypothetical protein
BEAMACEP_04401	CDS	93				hypothetical protein
BEAMACEP_04402	CDS	129				hypothetical protein
BEAMACEP_04403	CDS	105				hypothetical protein
BEAMACEP_04404	CDS	93				hypothetical protein
BEAMACEP_04405	CDS	96				hypothetical protein
BEAMACEP_04406	CDS	117				hypothetical protein
BEAMACEP_04407	CDS	96				hypothetical protein
BEAMACEP_04408	CDS	102				hypothetical protein
BEAMACEP_04409	CDS	126				hypothetical protein
BEAMACEP_04410	CDS	93				hypothetical protein
BEAMACEP_04411	CDS	117				hypothetical protein
BEAMACEP_04412	CDS	96				hypothetical protein
BEAMACEP_04413	CDS	93				hypothetical protein
BEAMACEP_04414	CDS	117				hypothetical protein
BEAMACEP_04415	CDS	105				hypothetical protein
BEAMACEP_04416	CDS	195				hypothetical protein
BEAMACEP_04417	CDS	132				hypothetical protein
BEAMACEP_04418	CDS	147				hypothetical protein
BEAMACEP_04419	CDS	117				hypothetical protein
BEAMACEP_04420	CDS	93				hypothetical protein
BEAMACEP_04421	CDS	108				hypothetical protein
BEAMACEP_04422	CDS	93				hypothetical protein
BEAMACEP_04423	CDS	96				hypothetical protein
BEAMACEP_04424	CDS	135				hypothetical protein
BEAMACEP_04425	CDS	186				hypothetical protein
BEAMACEP_04426	CDS	129				hypothetical protein
BEAMACEP_04427	CDS	90				hypothetical protein
BEAMACEP_04428	CDS	96				hypothetical protein
BEAMACEP_04429	CDS	138				hypothetical protein
BEAMACEP_04430	CDS	93				hypothetical protein
BEAMACEP_04431	CDS	117				hypothetical protein
BEAMACEP_04432	CDS	183				hypothetical protein
BEAMACEP_04433	CDS	102				hypothetical protein
BEAMACEP_04434	CDS	99				hypothetical protein
BEAMACEP_04435	CDS	123				hypothetical protein
BEAMACEP_04436	CDS	147				hypothetical protein
BEAMACEP_04437	CDS	96				hypothetical protein
BEAMACEP_04438	CDS	129				hypothetical protein
BEAMACEP_04439	CDS	93				hypothetical protein
BEAMACEP_04440	CDS	90				hypothetical protein
BEAMACEP_04441	CDS	117				hypothetical protein
BEAMACEP_04442	CDS	129				hypothetical protein
BEAMACEP_04443	CDS	90				hypothetical protein
BEAMACEP_04444	CDS	135				hypothetical protein
BEAMACEP_04445	CDS	138				hypothetical protein
BEAMACEP_04446	CDS	138				hypothetical protein
BEAMACEP_04447	CDS	138				hypothetical protein
BEAMACEP_04448	CDS	108				hypothetical protein
BEAMACEP_04449	CDS	171				hypothetical protein
BEAMACEP_04450	CDS	93				hypothetical protein
BEAMACEP_04451	CDS	93				hypothetical protein
BEAMACEP_04452	CDS	138				hypothetical protein
BEAMACEP_04453	CDS	129				hypothetical protein
BEAMACEP_04454	CDS	129				hypothetical protein
BEAMACEP_04455	CDS	108				hypothetical protein
BEAMACEP_04456	CDS	93				hypothetical protein
BEAMACEP_04457	CDS	126				hypothetical protein
BEAMACEP_04458	CDS	96				hypothetical protein
BEAMACEP_04459	CDS	114				hypothetical protein
BEAMACEP_04460	CDS	138				hypothetical protein
BEAMACEP_04461	CDS	93				hypothetical protein
BEAMACEP_04462	CDS	102				hypothetical protein
BEAMACEP_04463	CDS	93				hypothetical protein
BEAMACEP_04464	CDS	93				hypothetical protein
BEAMACEP_04465	CDS	138				hypothetical protein
BEAMACEP_04466	CDS	93				hypothetical protein
BEAMACEP_04467	CDS	102				hypothetical protein
BEAMACEP_04468	CDS	93				hypothetical protein
BEAMACEP_04469	CDS	93				hypothetical protein
BEAMACEP_04470	CDS	93				hypothetical protein
BEAMACEP_04471	CDS	138				hypothetical protein
BEAMACEP_04472	CDS	102				hypothetical protein
BEAMACEP_04473	CDS	117				hypothetical protein
BEAMACEP_04474	CDS	96				hypothetical protein
BEAMACEP_04475	CDS	123				hypothetical protein
BEAMACEP_04476	CDS	135				hypothetical protein
BEAMACEP_04477	CDS	138				hypothetical protein
BEAMACEP_04478	CDS	114				hypothetical protein
BEAMACEP_04479	CDS	138				hypothetical protein
BEAMACEP_04480	CDS	105				hypothetical protein
BEAMACEP_04481	CDS	120				hypothetical protein
BEAMACEP_04482	CDS	216				hypothetical protein
BEAMACEP_04483	CDS	201				hypothetical protein
BEAMACEP_04484	CDS	129				hypothetical protein
BEAMACEP_04485	CDS	117				hypothetical protein
BEAMACEP_04486	CDS	93				hypothetical protein
BEAMACEP_04487	CDS	105				hypothetical protein
BEAMACEP_04488	CDS	129				hypothetical protein
BEAMACEP_04489	CDS	93				hypothetical protein
BEAMACEP_04490	CDS	129				hypothetical protein
BEAMACEP_04491	CDS	138				hypothetical protein
BEAMACEP_04492	CDS	120				hypothetical protein
BEAMACEP_04493	CDS	129				hypothetical protein
BEAMACEP_04494	CDS	93				hypothetical protein
BEAMACEP_04495	CDS	138				hypothetical protein
BEAMACEP_04496	CDS	129				hypothetical protein
BEAMACEP_04497	CDS	93				hypothetical protein
BEAMACEP_04498	CDS	147				hypothetical protein
BEAMACEP_04499	CDS	138				hypothetical protein
BEAMACEP_04500	CDS	93				hypothetical protein
BEAMACEP_04501	CDS	129				hypothetical protein
BEAMACEP_04502	CDS	93				hypothetical protein
BEAMACEP_04503	CDS	138				hypothetical protein
BEAMACEP_04504	CDS	147				hypothetical protein
BEAMACEP_04505	CDS	93				hypothetical protein
BEAMACEP_04506	CDS	93				hypothetical protein
BEAMACEP_04507	CDS	126				hypothetical protein
BEAMACEP_04508	CDS	93				hypothetical protein
BEAMACEP_04509	CDS	114				hypothetical protein
BEAMACEP_04510	CDS	96				hypothetical protein
BEAMACEP_04511	CDS	93				hypothetical protein
BEAMACEP_04512	CDS	120				hypothetical protein
BEAMACEP_04513	CDS	117				hypothetical protein
BEAMACEP_04514	CDS	138				hypothetical protein
BEAMACEP_04515	CDS	117				hypothetical protein
BEAMACEP_04516	CDS	93				hypothetical protein
BEAMACEP_04517	CDS	93				hypothetical protein
BEAMACEP_04518	CDS	201				hypothetical protein
BEAMACEP_04519	CDS	102				hypothetical protein
BEAMACEP_04520	CDS	129				hypothetical protein
BEAMACEP_04521	CDS	165				hypothetical protein
BEAMACEP_04522	CDS	216				hypothetical protein
BEAMACEP_04523	CDS	117				hypothetical protein
BEAMACEP_04524	CDS	156				hypothetical protein
BEAMACEP_04525	CDS	129				hypothetical protein
BEAMACEP_04526	CDS	129				hypothetical protein
BEAMACEP_04527	CDS	201				hypothetical protein
BEAMACEP_04528	CDS	126				hypothetical protein
BEAMACEP_04529	CDS	96				hypothetical protein
BEAMACEP_04530	CDS	117				hypothetical protein
BEAMACEP_04531	CDS	126				hypothetical protein
BEAMACEP_04532	CDS	117				hypothetical protein
BEAMACEP_04533	CDS	96				hypothetical protein
BEAMACEP_04534	CDS	117				hypothetical protein
BEAMACEP_04535	CDS	93				hypothetical protein
BEAMACEP_04536	CDS	96				hypothetical protein
BEAMACEP_04537	CDS	96				hypothetical protein
BEAMACEP_04538	CDS	96				hypothetical protein
BEAMACEP_04539	CDS	147				hypothetical protein
BEAMACEP_04540	CDS	93				hypothetical protein
BEAMACEP_04541	CDS	114				hypothetical protein
BEAMACEP_04542	CDS	147				hypothetical protein
BEAMACEP_04543	CDS	93				hypothetical protein
BEAMACEP_04544	CDS	96				hypothetical protein
BEAMACEP_04545	CDS	120				hypothetical protein
BEAMACEP_04546	CDS	93				hypothetical protein
BEAMACEP_04547	CDS	96				hypothetical protein
BEAMACEP_04548	CDS	138				hypothetical protein
BEAMACEP_04549	CDS	96				hypothetical protein
BEAMACEP_04550	CDS	93				hypothetical protein
BEAMACEP_04551	CDS	93				hypothetical protein
BEAMACEP_04552	CDS	93				hypothetical protein
BEAMACEP_04553	CDS	93				hypothetical protein
BEAMACEP_04554	CDS	93				hypothetical protein
BEAMACEP_04555	CDS	93				hypothetical protein
BEAMACEP_04556	CDS	93				hypothetical protein
BEAMACEP_04557	CDS	93				hypothetical protein
BEAMACEP_04558	CDS	126				hypothetical protein
BEAMACEP_04559	CDS	93				hypothetical protein
BEAMACEP_04560	CDS	93				hypothetical protein
BEAMACEP_04561	CDS	93				hypothetical protein
BEAMACEP_04562	CDS	93				hypothetical protein
BEAMACEP_04563	CDS	96				hypothetical protein
BEAMACEP_04564	CDS	93				hypothetical protein
BEAMACEP_04565	CDS	93				hypothetical protein
BEAMACEP_04566	CDS	93				hypothetical protein
BEAMACEP_04567	CDS	93				hypothetical protein
BEAMACEP_04568	CDS	93				hypothetical protein
BEAMACEP_04569	CDS	93				hypothetical protein
BEAMACEP_04570	CDS	93				hypothetical protein
BEAMACEP_04571	CDS	93				hypothetical protein
BEAMACEP_04572	CDS	126				hypothetical protein
BEAMACEP_04573	CDS	93				hypothetical protein
BEAMACEP_04574	CDS	225				hypothetical protein
BEAMACEP_04575	CDS	117				hypothetical protein
BEAMACEP_04576	CDS	120				hypothetical protein
BEAMACEP_04577	CDS	99				hypothetical protein
BEAMACEP_04578	CDS	96				hypothetical protein
BEAMACEP_04579	CDS	93				hypothetical protein
BEAMACEP_04580	CDS	114				hypothetical protein
BEAMACEP_04581	CDS	93				hypothetical protein
BEAMACEP_04582	CDS	102				hypothetical protein
BEAMACEP_04583	CDS	93				hypothetical protein
BEAMACEP_04584	CDS	135				hypothetical protein
BEAMACEP_04585	CDS	135				hypothetical protein
BEAMACEP_04586	CDS	117				hypothetical protein
BEAMACEP_04587	CDS	123				hypothetical protein
BEAMACEP_04588	CDS	129				hypothetical protein
BEAMACEP_04589	CDS	132				hypothetical protein
BEAMACEP_04590	CDS	132				hypothetical protein
BEAMACEP_04591	CDS	96				hypothetical protein
BEAMACEP_04592	CDS	93				hypothetical protein
BEAMACEP_04593	CDS	156				hypothetical protein
BEAMACEP_04594	CDS	93				hypothetical protein
BEAMACEP_04595	CDS	93				hypothetical protein
BEAMACEP_04596	CDS	117				hypothetical protein
BEAMACEP_04597	CDS	201				hypothetical protein
BEAMACEP_04598	CDS	90				hypothetical protein
BEAMACEP_04599	CDS	99				hypothetical protein
BEAMACEP_04600	CDS	117				hypothetical protein
BEAMACEP_04601	CDS	114				hypothetical protein
BEAMACEP_04602	CDS	123				hypothetical protein
BEAMACEP_04603	CDS	138				hypothetical protein
BEAMACEP_04604	CDS	120				hypothetical protein
BEAMACEP_04605	CDS	93				hypothetical protein
BEAMACEP_04606	CDS	126				hypothetical protein
BEAMACEP_04607	CDS	117				hypothetical protein
BEAMACEP_04608	CDS	93				hypothetical protein
BEAMACEP_04609	CDS	117				hypothetical protein
BEAMACEP_04610	CDS	129				hypothetical protein
BEAMACEP_04611	CDS	201				hypothetical protein
BEAMACEP_04612	CDS	129				hypothetical protein
BEAMACEP_04613	CDS	129				hypothetical protein
BEAMACEP_04614	CDS	120				hypothetical protein
BEAMACEP_04615	CDS	129				hypothetical protein
BEAMACEP_04616	CDS	102				hypothetical protein
BEAMACEP_04617	CDS	123				hypothetical protein
BEAMACEP_04618	CDS	93				hypothetical protein
BEAMACEP_04619	CDS	117				hypothetical protein
BEAMACEP_04620	CDS	117				hypothetical protein
BEAMACEP_04621	CDS	93				hypothetical protein
BEAMACEP_04622	CDS	132				hypothetical protein
BEAMACEP_04623	CDS	117				hypothetical protein
BEAMACEP_04624	CDS	96				hypothetical protein
BEAMACEP_04625	CDS	138				hypothetical protein
BEAMACEP_04626	CDS	117				hypothetical protein
BEAMACEP_04627	CDS	123				hypothetical protein
BEAMACEP_04628	CDS	147				hypothetical protein
BEAMACEP_04629	CDS	105				hypothetical protein
BEAMACEP_04630	CDS	93				hypothetical protein
BEAMACEP_04631	CDS	93				hypothetical protein
BEAMACEP_04632	CDS	138				hypothetical protein
BEAMACEP_04633	CDS	96				hypothetical protein
BEAMACEP_04634	CDS	93				hypothetical protein
BEAMACEP_04635	CDS	102				hypothetical protein
BEAMACEP_04636	CDS	117				hypothetical protein
BEAMACEP_04637	CDS	93				hypothetical protein
BEAMACEP_04638	CDS	93				hypothetical protein
BEAMACEP_04639	CDS	147				hypothetical protein
BEAMACEP_04640	CDS	96				hypothetical protein
BEAMACEP_04641	CDS	210				hypothetical protein
BEAMACEP_04642	CDS	114				hypothetical protein
BEAMACEP_04643	CDS	93				hypothetical protein
BEAMACEP_04644	CDS	111				hypothetical protein
BEAMACEP_04645	CDS	93				hypothetical protein
BEAMACEP_04646	CDS	114				hypothetical protein
BEAMACEP_04647	CDS	90				hypothetical protein
BEAMACEP_04648	CDS	102				hypothetical protein
BEAMACEP_04649	CDS	129				hypothetical protein
BEAMACEP_04650	CDS	123				hypothetical protein
BEAMACEP_04651	CDS	138				hypothetical protein
BEAMACEP_04652	CDS	138				hypothetical protein
BEAMACEP_04653	CDS	171				hypothetical protein
BEAMACEP_04654	CDS	129				hypothetical protein
BEAMACEP_04655	CDS	102				hypothetical protein
BEAMACEP_04656	CDS	108				hypothetical protein
BEAMACEP_04657	CDS	192				hypothetical protein
BEAMACEP_04658	CDS	105				hypothetical protein
BEAMACEP_04659	CDS	147				hypothetical protein
BEAMACEP_04660	CDS	93				hypothetical protein
BEAMACEP_04661	CDS	231				hypothetical protein
BEAMACEP_04662	CDS	147				hypothetical protein
BEAMACEP_04663	CDS	135				hypothetical protein
BEAMACEP_04664	CDS	129				hypothetical protein
BEAMACEP_04665	CDS	138				hypothetical protein
BEAMACEP_04666	CDS	102				hypothetical protein
BEAMACEP_04667	CDS	93				hypothetical protein
BEAMACEP_04668	CDS	93				hypothetical protein
BEAMACEP_04669	CDS	138				hypothetical protein
BEAMACEP_04670	CDS	93				hypothetical protein
BEAMACEP_04671	CDS	138				hypothetical protein
BEAMACEP_04672	CDS	93				hypothetical protein
BEAMACEP_04673	CDS	120				hypothetical protein
BEAMACEP_04674	CDS	93				hypothetical protein
BEAMACEP_04675	CDS	147				hypothetical protein
BEAMACEP_04676	CDS	93				hypothetical protein
BEAMACEP_04677	CDS	126				hypothetical protein
BEAMACEP_04678	CDS	108				hypothetical protein
BEAMACEP_04679	CDS	216				hypothetical protein
BEAMACEP_04680	CDS	108				hypothetical protein
BEAMACEP_04681	CDS	93				hypothetical protein
BEAMACEP_04682	CDS	126				hypothetical protein
BEAMACEP_04683	CDS	93				hypothetical protein
BEAMACEP_04684	CDS	105				hypothetical protein
BEAMACEP_04685	CDS	96				hypothetical protein
BEAMACEP_04686	CDS	93				hypothetical protein
BEAMACEP_04687	CDS	93				hypothetical protein
BEAMACEP_04688	CDS	117				hypothetical protein
BEAMACEP_04689	CDS	117				hypothetical protein
BEAMACEP_04690	CDS	93				hypothetical protein
BEAMACEP_04691	CDS	93				hypothetical protein
BEAMACEP_04692	CDS	135				hypothetical protein
BEAMACEP_04693	CDS	90				hypothetical protein
BEAMACEP_04694	CDS	129				hypothetical protein
BEAMACEP_04695	CDS	138				hypothetical protein
BEAMACEP_04696	CDS	93				hypothetical protein
BEAMACEP_04697	CDS	147				hypothetical protein
BEAMACEP_04698	CDS	93				hypothetical protein
BEAMACEP_04699	CDS	117				hypothetical protein
BEAMACEP_04700	CDS	93				hypothetical protein
BEAMACEP_04701	CDS	126				hypothetical protein
BEAMACEP_04702	CDS	105				hypothetical protein
BEAMACEP_04703	CDS	156				hypothetical protein
BEAMACEP_04704	CDS	114				hypothetical protein
BEAMACEP_04705	CDS	93				hypothetical protein
BEAMACEP_04706	CDS	117				hypothetical protein
BEAMACEP_04707	CDS	102				hypothetical protein
BEAMACEP_04708	CDS	138				hypothetical protein
BEAMACEP_04709	CDS	225				hypothetical protein
BEAMACEP_04710	CDS	93				hypothetical protein
BEAMACEP_04711	CDS	201				hypothetical protein
BEAMACEP_04712	CDS	93				hypothetical protein
BEAMACEP_04713	CDS	138				hypothetical protein
BEAMACEP_04714	CDS	129				hypothetical protein
BEAMACEP_04715	CDS	117				hypothetical protein
BEAMACEP_04716	CDS	93				hypothetical protein
BEAMACEP_04717	CDS	210				hypothetical protein
BEAMACEP_04718	CDS	93				hypothetical protein
BEAMACEP_04719	CDS	135				hypothetical protein
BEAMACEP_04720	CDS	120				hypothetical protein
BEAMACEP_04721	CDS	171				hypothetical protein
BEAMACEP_04722	CDS	93				hypothetical protein
BEAMACEP_04723	CDS	147				hypothetical protein
BEAMACEP_04724	CDS	114				hypothetical protein
BEAMACEP_04725	CDS	177				hypothetical protein
BEAMACEP_04726	CDS	93				hypothetical protein
BEAMACEP_04727	CDS	93				hypothetical protein
BEAMACEP_04728	CDS	117				hypothetical protein
BEAMACEP_04729	CDS	210				hypothetical protein
BEAMACEP_04730	CDS	234				hypothetical protein
BEAMACEP_04731	CDS	117				hypothetical protein
BEAMACEP_04732	CDS	93				hypothetical protein
BEAMACEP_04733	CDS	147				hypothetical protein
BEAMACEP_04734	CDS	120				hypothetical protein
BEAMACEP_04735	CDS	129				hypothetical protein
BEAMACEP_04736	CDS	120				hypothetical protein
BEAMACEP_04737	CDS	117				hypothetical protein
BEAMACEP_04738	CDS	93				hypothetical protein
BEAMACEP_04739	CDS	138				hypothetical protein
BEAMACEP_04740	CDS	96				hypothetical protein
BEAMACEP_04741	CDS	93				hypothetical protein
BEAMACEP_04742	CDS	138				hypothetical protein
BEAMACEP_04743	CDS	129				hypothetical protein
BEAMACEP_04744	CDS	93				hypothetical protein
BEAMACEP_04745	CDS	93				hypothetical protein
BEAMACEP_04746	CDS	120				hypothetical protein
BEAMACEP_04747	CDS	93				hypothetical protein
BEAMACEP_04748	CDS	93				hypothetical protein
BEAMACEP_04749	CDS	225				hypothetical protein
BEAMACEP_04750	CDS	93				hypothetical protein
BEAMACEP_04751	CDS	129				hypothetical protein
BEAMACEP_04752	CDS	132				hypothetical protein
BEAMACEP_04753	CDS	93				hypothetical protein
BEAMACEP_04754	CDS	120				hypothetical protein
BEAMACEP_04755	CDS	132				hypothetical protein
BEAMACEP_04756	CDS	126				hypothetical protein
BEAMACEP_04757	CDS	93				hypothetical protein
BEAMACEP_04758	CDS	93				hypothetical protein
BEAMACEP_04759	CDS	117				hypothetical protein
BEAMACEP_04760	CDS	135				hypothetical protein
BEAMACEP_04761	CDS	96				hypothetical protein
BEAMACEP_04762	CDS	126				hypothetical protein
BEAMACEP_04763	CDS	138				hypothetical protein
BEAMACEP_04764	CDS	93				hypothetical protein
BEAMACEP_04765	CDS	138				hypothetical protein
BEAMACEP_04766	CDS	129				hypothetical protein
BEAMACEP_04767	CDS	147				hypothetical protein
BEAMACEP_04768	CDS	129				hypothetical protein
BEAMACEP_04769	CDS	117				hypothetical protein
BEAMACEP_04770	CDS	120				hypothetical protein
BEAMACEP_04771	CDS	138				hypothetical protein
BEAMACEP_04772	CDS	105				hypothetical protein
BEAMACEP_04773	CDS	93				hypothetical protein
BEAMACEP_04774	CDS	210				hypothetical protein
BEAMACEP_04775	CDS	135				hypothetical protein
BEAMACEP_04776	CDS	129				hypothetical protein
BEAMACEP_04777	CDS	93				hypothetical protein
BEAMACEP_04778	CDS	93				hypothetical protein
BEAMACEP_04779	CDS	93				hypothetical protein
BEAMACEP_04780	CDS	93				hypothetical protein
BEAMACEP_04781	CDS	93				hypothetical protein
BEAMACEP_04782	CDS	93				hypothetical protein
BEAMACEP_04783	CDS	96				hypothetical protein
BEAMACEP_04784	CDS	90				hypothetical protein
BEAMACEP_04785	CDS	93				hypothetical protein
BEAMACEP_04786	CDS	93				hypothetical protein
BEAMACEP_04787	CDS	93				hypothetical protein
BEAMACEP_04788	CDS	132				hypothetical protein
BEAMACEP_04789	CDS	90				hypothetical protein
BEAMACEP_04790	CDS	201				hypothetical protein
BEAMACEP_04791	CDS	126				hypothetical protein
BEAMACEP_04792	CDS	129				hypothetical protein
BEAMACEP_04793	CDS	105				hypothetical protein
BEAMACEP_04794	CDS	93				hypothetical protein
BEAMACEP_04795	CDS	120				hypothetical protein
BEAMACEP_04796	CDS	93				hypothetical protein
BEAMACEP_04797	CDS	225				hypothetical protein
BEAMACEP_04798	CDS	147				hypothetical protein
BEAMACEP_04799	CDS	96				hypothetical protein
BEAMACEP_04800	CDS	93				hypothetical protein
BEAMACEP_04801	CDS	129				hypothetical protein
BEAMACEP_04802	CDS	120				hypothetical protein
BEAMACEP_04803	CDS	180				hypothetical protein
BEAMACEP_04804	CDS	135				hypothetical protein
BEAMACEP_04805	CDS	96				hypothetical protein
BEAMACEP_04806	CDS	228				hypothetical protein
BEAMACEP_04807	CDS	93				hypothetical protein
BEAMACEP_04808	CDS	114				hypothetical protein
BEAMACEP_04809	CDS	132				hypothetical protein
BEAMACEP_04810	CDS	102				hypothetical protein
BEAMACEP_04811	CDS	138				hypothetical protein
BEAMACEP_04812	CDS	135				hypothetical protein
BEAMACEP_04813	CDS	138				hypothetical protein
BEAMACEP_04814	CDS	93				hypothetical protein
BEAMACEP_04815	CDS	201				hypothetical protein
BEAMACEP_04816	CDS	93				hypothetical protein
BEAMACEP_04817	CDS	93				hypothetical protein
BEAMACEP_04818	CDS	216				hypothetical protein
BEAMACEP_04819	CDS	114				hypothetical protein
BEAMACEP_04820	CDS	114				hypothetical protein
BEAMACEP_04821	CDS	93				hypothetical protein
BEAMACEP_04822	CDS	129				hypothetical protein
BEAMACEP_04823	CDS	129				hypothetical protein
BEAMACEP_04824	CDS	93				hypothetical protein
BEAMACEP_04825	CDS	126				hypothetical protein
BEAMACEP_04826	CDS	120				hypothetical protein
BEAMACEP_04827	CDS	93				hypothetical protein
BEAMACEP_04828	CDS	93				hypothetical protein
BEAMACEP_04829	CDS	93				hypothetical protein
BEAMACEP_04830	CDS	129				hypothetical protein
BEAMACEP_04831	CDS	93				hypothetical protein
BEAMACEP_04832	CDS	108				hypothetical protein
BEAMACEP_04833	CDS	96				hypothetical protein
BEAMACEP_04834	CDS	129				hypothetical protein
BEAMACEP_04835	CDS	93				hypothetical protein
BEAMACEP_04836	CDS	93				hypothetical protein
BEAMACEP_04837	CDS	147				hypothetical protein
BEAMACEP_04838	CDS	174				hypothetical protein
BEAMACEP_04839	CDS	129				hypothetical protein
BEAMACEP_04840	CDS	132				hypothetical protein
BEAMACEP_04841	CDS	129				hypothetical protein
BEAMACEP_04842	CDS	93				hypothetical protein
BEAMACEP_04843	CDS	93				hypothetical protein
BEAMACEP_04844	CDS	93				hypothetical protein
BEAMACEP_04845	CDS	120				hypothetical protein
BEAMACEP_04846	CDS	102				hypothetical protein
BEAMACEP_04847	CDS	93				hypothetical protein
BEAMACEP_04848	CDS	114				hypothetical protein
BEAMACEP_04849	CDS	93				hypothetical protein
BEAMACEP_04850	CDS	156				hypothetical protein
BEAMACEP_04851	CDS	120				hypothetical protein
BEAMACEP_04852	CDS	93				hypothetical protein
BEAMACEP_04853	CDS	93				hypothetical protein
BEAMACEP_04854	CDS	138				hypothetical protein
BEAMACEP_04855	CDS	132				hypothetical protein
BEAMACEP_04856	CDS	147				hypothetical protein
BEAMACEP_04857	CDS	180				hypothetical protein
BEAMACEP_04858	CDS	126				hypothetical protein
BEAMACEP_04859	CDS	93				hypothetical protein
BEAMACEP_04860	CDS	123				hypothetical protein
BEAMACEP_04861	CDS	132				hypothetical protein
BEAMACEP_04862	CDS	138				hypothetical protein
BEAMACEP_04863	CDS	114				hypothetical protein
BEAMACEP_04864	CDS	93				hypothetical protein
BEAMACEP_04865	CDS	93				hypothetical protein
BEAMACEP_04866	CDS	102				hypothetical protein
BEAMACEP_04867	CDS	120				hypothetical protein
BEAMACEP_04868	CDS	117				hypothetical protein
BEAMACEP_04869	CDS	93				hypothetical protein
BEAMACEP_04870	CDS	120				hypothetical protein
BEAMACEP_04871	CDS	93				hypothetical protein
BEAMACEP_04872	CDS	102				hypothetical protein
BEAMACEP_04873	CDS	114				hypothetical protein
BEAMACEP_04874	CDS	120				hypothetical protein
BEAMACEP_04875	CDS	93				hypothetical protein
BEAMACEP_04876	CDS	147				hypothetical protein
BEAMACEP_04877	CDS	156				hypothetical protein
BEAMACEP_04878	CDS	102				hypothetical protein
BEAMACEP_04879	CDS	138				hypothetical protein
BEAMACEP_04880	CDS	120				hypothetical protein
BEAMACEP_04881	CDS	93				hypothetical protein
BEAMACEP_04882	CDS	120				hypothetical protein
BEAMACEP_04883	CDS	123				hypothetical protein
BEAMACEP_04884	CDS	93				hypothetical protein
BEAMACEP_04885	CDS	93				hypothetical protein
BEAMACEP_04886	CDS	138				hypothetical protein
BEAMACEP_04887	CDS	93				hypothetical protein
BEAMACEP_04888	CDS	102				hypothetical protein
BEAMACEP_04889	CDS	96				hypothetical protein
BEAMACEP_04890	CDS	93				hypothetical protein
BEAMACEP_04891	CDS	102				hypothetical protein
BEAMACEP_04892	CDS	102				hypothetical protein
BEAMACEP_04893	CDS	171				hypothetical protein
BEAMACEP_04894	CDS	186				hypothetical protein
BEAMACEP_04895	CDS	117				hypothetical protein
BEAMACEP_04896	CDS	99				hypothetical protein
BEAMACEP_04897	CDS	114				hypothetical protein
BEAMACEP_04898	CDS	117				hypothetical protein
BEAMACEP_04899	CDS	96				hypothetical protein
BEAMACEP_04900	CDS	117				hypothetical protein
BEAMACEP_04901	CDS	93				hypothetical protein
BEAMACEP_04902	CDS	93				hypothetical protein
BEAMACEP_04903	CDS	132				hypothetical protein
BEAMACEP_04904	CDS	135				hypothetical protein
BEAMACEP_04905	CDS	93				hypothetical protein
BEAMACEP_04906	CDS	114				hypothetical protein
BEAMACEP_04907	CDS	90				hypothetical protein
BEAMACEP_04908	CDS	132				hypothetical protein
BEAMACEP_04909	CDS	99				hypothetical protein
BEAMACEP_04910	CDS	138				hypothetical protein
BEAMACEP_04911	CDS	117				hypothetical protein
BEAMACEP_04912	CDS	117				hypothetical protein
BEAMACEP_04913	CDS	93				hypothetical protein
BEAMACEP_04914	CDS	138				hypothetical protein
BEAMACEP_04915	CDS	171				hypothetical protein
BEAMACEP_04916	CDS	93				hypothetical protein
BEAMACEP_04917	CDS	135				hypothetical protein
BEAMACEP_04918	CDS	93				hypothetical protein
BEAMACEP_04919	CDS	96				hypothetical protein
BEAMACEP_04920	CDS	93				hypothetical protein
BEAMACEP_04921	CDS	126				hypothetical protein
BEAMACEP_04922	CDS	96				hypothetical protein
BEAMACEP_04923	CDS	93				hypothetical protein
BEAMACEP_04924	CDS	93				hypothetical protein
BEAMACEP_04925	CDS	120				hypothetical protein
BEAMACEP_04926	CDS	114				hypothetical protein
BEAMACEP_04927	CDS	138				hypothetical protein
BEAMACEP_04928	CDS	102				hypothetical protein
BEAMACEP_04929	CDS	132				hypothetical protein
BEAMACEP_04930	CDS	96				hypothetical protein
BEAMACEP_04931	CDS	93				hypothetical protein
BEAMACEP_04932	CDS	108				hypothetical protein
BEAMACEP_04933	CDS	105				hypothetical protein
BEAMACEP_04934	CDS	123				hypothetical protein
BEAMACEP_04935	CDS	93				hypothetical protein
BEAMACEP_04936	CDS	132				hypothetical protein
BEAMACEP_04937	CDS	102				hypothetical protein
BEAMACEP_04938	CDS	93				hypothetical protein
BEAMACEP_04939	CDS	93				hypothetical protein
BEAMACEP_04940	CDS	162				hypothetical protein
BEAMACEP_04941	CDS	93				hypothetical protein
BEAMACEP_04942	CDS	93				hypothetical protein
BEAMACEP_04943	CDS	96				hypothetical protein
BEAMACEP_04944	CDS	132				hypothetical protein
BEAMACEP_04945	CDS	93				hypothetical protein
BEAMACEP_04946	CDS	159				hypothetical protein
BEAMACEP_04947	CDS	96				hypothetical protein
BEAMACEP_04948	CDS	93				hypothetical protein
BEAMACEP_04949	CDS	105				hypothetical protein
BEAMACEP_04950	CDS	138				hypothetical protein
BEAMACEP_04951	CDS	93				hypothetical protein
BEAMACEP_04952	CDS	93				hypothetical protein
BEAMACEP_04953	CDS	93				hypothetical protein
BEAMACEP_04954	CDS	138				hypothetical protein
BEAMACEP_04955	CDS	93				hypothetical protein
BEAMACEP_04956	CDS	93				hypothetical protein
BEAMACEP_04957	CDS	126				hypothetical protein
BEAMACEP_04958	CDS	93				hypothetical protein
BEAMACEP_04959	CDS	132				hypothetical protein
BEAMACEP_04960	CDS	120				hypothetical protein
BEAMACEP_04961	CDS	93				hypothetical protein
BEAMACEP_04962	CDS	93				hypothetical protein
BEAMACEP_04963	CDS	120				hypothetical protein
BEAMACEP_04964	CDS	93				hypothetical protein
BEAMACEP_04965	CDS	93				hypothetical protein
BEAMACEP_04966	CDS	93				hypothetical protein
BEAMACEP_04967	CDS	93				hypothetical protein
BEAMACEP_04968	CDS	108				hypothetical protein
BEAMACEP_04969	CDS	120				hypothetical protein
BEAMACEP_04970	CDS	216				hypothetical protein
BEAMACEP_04971	CDS	93				hypothetical protein
BEAMACEP_04972	CDS	93				hypothetical protein
BEAMACEP_04973	CDS	93				hypothetical protein
BEAMACEP_04974	CDS	108				hypothetical protein
BEAMACEP_04975	CDS	93				hypothetical protein
BEAMACEP_04976	CDS	129				hypothetical protein
BEAMACEP_04977	CDS	138				hypothetical protein
BEAMACEP_04978	CDS	132				hypothetical protein
BEAMACEP_04979	CDS	147				hypothetical protein
BEAMACEP_04980	CDS	93				hypothetical protein
BEAMACEP_04981	CDS	117				hypothetical protein
BEAMACEP_04982	CDS	93				hypothetical protein
BEAMACEP_04983	CDS	135				hypothetical protein
BEAMACEP_04984	CDS	117				hypothetical protein
BEAMACEP_04985	CDS	147				hypothetical protein
BEAMACEP_04986	CDS	93				hypothetical protein
BEAMACEP_04987	CDS	117				hypothetical protein
BEAMACEP_04988	CDS	120				hypothetical protein
BEAMACEP_04989	CDS	93				hypothetical protein
BEAMACEP_04990	CDS	102				hypothetical protein
BEAMACEP_04991	CDS	90				hypothetical protein
BEAMACEP_04992	CDS	120				hypothetical protein
BEAMACEP_04993	CDS	120				hypothetical protein
BEAMACEP_04994	CDS	120				hypothetical protein
BEAMACEP_04995	CDS	129				hypothetical protein
BEAMACEP_04996	CDS	93				hypothetical protein
BEAMACEP_04997	CDS	138				hypothetical protein
BEAMACEP_04998	CDS	108				hypothetical protein
BEAMACEP_04999	CDS	129				hypothetical protein
BEAMACEP_05000	CDS	99				hypothetical protein
BEAMACEP_05001	CDS	93				hypothetical protein
BEAMACEP_05002	CDS	147				hypothetical protein
BEAMACEP_05003	CDS	123				hypothetical protein
BEAMACEP_05004	CDS	93				hypothetical protein
BEAMACEP_05005	CDS	138				hypothetical protein
BEAMACEP_05006	CDS	147				hypothetical protein
BEAMACEP_05007	CDS	138				hypothetical protein
BEAMACEP_05008	CDS	135				hypothetical protein
BEAMACEP_05009	CDS	93				hypothetical protein
BEAMACEP_05010	CDS	93				hypothetical protein
BEAMACEP_05011	CDS	105				hypothetical protein
BEAMACEP_05012	CDS	96				hypothetical protein
BEAMACEP_05013	CDS	96				hypothetical protein
BEAMACEP_05014	CDS	117				hypothetical protein
BEAMACEP_05015	CDS	102				hypothetical protein
BEAMACEP_05016	CDS	126				hypothetical protein
BEAMACEP_05017	CDS	147				hypothetical protein
BEAMACEP_05018	CDS	117				hypothetical protein
BEAMACEP_05019	CDS	129				hypothetical protein
BEAMACEP_05020	CDS	93				hypothetical protein
BEAMACEP_05021	CDS	138				hypothetical protein
BEAMACEP_05022	CDS	93				hypothetical protein
BEAMACEP_05023	CDS	96				hypothetical protein
BEAMACEP_05024	CDS	93				hypothetical protein
BEAMACEP_05025	CDS	108				hypothetical protein
BEAMACEP_05026	CDS	93				hypothetical protein
BEAMACEP_05027	CDS	93				hypothetical protein
BEAMACEP_05028	CDS	147				hypothetical protein
BEAMACEP_05029	CDS	93				hypothetical protein
BEAMACEP_05030	CDS	93				hypothetical protein
BEAMACEP_05031	CDS	93				hypothetical protein
BEAMACEP_05032	CDS	93				hypothetical protein
BEAMACEP_05033	CDS	93				hypothetical protein
BEAMACEP_05034	CDS	93				hypothetical protein
BEAMACEP_05035	CDS	93				hypothetical protein
BEAMACEP_05036	CDS	147				hypothetical protein
BEAMACEP_05037	CDS	120				hypothetical protein
BEAMACEP_05038	CDS	138				hypothetical protein
BEAMACEP_05039	CDS	96				hypothetical protein
BEAMACEP_05040	CDS	123				hypothetical protein
BEAMACEP_05041	CDS	93				hypothetical protein
BEAMACEP_05042	CDS	99				hypothetical protein
BEAMACEP_05043	CDS	93				hypothetical protein
BEAMACEP_05044	CDS	108				hypothetical protein
BEAMACEP_05045	CDS	132				hypothetical protein
BEAMACEP_05046	CDS	129				hypothetical protein
BEAMACEP_05047	CDS	117				hypothetical protein
BEAMACEP_05048	CDS	120				hypothetical protein
BEAMACEP_05049	CDS	108				hypothetical protein
BEAMACEP_05050	CDS	93				hypothetical protein
BEAMACEP_05051	CDS	135				hypothetical protein
BEAMACEP_05052	CDS	117				hypothetical protein
BEAMACEP_05053	CDS	93				hypothetical protein
BEAMACEP_05054	CDS	96				hypothetical protein
BEAMACEP_05055	CDS	135				hypothetical protein
BEAMACEP_05056	CDS	120				hypothetical protein
BEAMACEP_05057	CDS	93				hypothetical protein
BEAMACEP_05058	CDS	138				hypothetical protein
BEAMACEP_05059	CDS	93				hypothetical protein
BEAMACEP_05060	CDS	90				hypothetical protein
BEAMACEP_05061	CDS	93				hypothetical protein
BEAMACEP_05062	CDS	129				hypothetical protein
BEAMACEP_05063	CDS	93				hypothetical protein
BEAMACEP_05064	CDS	114				hypothetical protein
BEAMACEP_05065	CDS	126				hypothetical protein
BEAMACEP_05066	CDS	138				hypothetical protein
BEAMACEP_05067	CDS	156				hypothetical protein
BEAMACEP_05068	CDS	93				hypothetical protein
BEAMACEP_05069	CDS	114				hypothetical protein
BEAMACEP_05070	CDS	120				hypothetical protein
BEAMACEP_05071	CDS	93				hypothetical protein
BEAMACEP_05072	CDS	120				hypothetical protein
BEAMACEP_05073	CDS	93				hypothetical protein
BEAMACEP_05074	CDS	93				hypothetical protein
BEAMACEP_05075	CDS	93				hypothetical protein
BEAMACEP_05076	CDS	117				hypothetical protein
BEAMACEP_05077	CDS	117				hypothetical protein
BEAMACEP_05078	CDS	93				hypothetical protein
BEAMACEP_05079	CDS	138				hypothetical protein
BEAMACEP_05080	CDS	102				hypothetical protein
BEAMACEP_05081	CDS	105				hypothetical protein
BEAMACEP_05082	CDS	93				hypothetical protein
BEAMACEP_05083	CDS	93				hypothetical protein
BEAMACEP_05084	CDS	126				hypothetical protein
BEAMACEP_05085	CDS	135				hypothetical protein
BEAMACEP_05086	CDS	93				hypothetical protein
BEAMACEP_05087	CDS	216				hypothetical protein
BEAMACEP_05088	CDS	93				hypothetical protein
BEAMACEP_05089	CDS	135				hypothetical protein
BEAMACEP_05090	CDS	132				hypothetical protein
BEAMACEP_05091	CDS	93				hypothetical protein
BEAMACEP_05092	CDS	93				hypothetical protein
BEAMACEP_05093	CDS	108				hypothetical protein
BEAMACEP_05094	CDS	120				hypothetical protein
BEAMACEP_05095	CDS	102				hypothetical protein
BEAMACEP_05096	CDS	147				hypothetical protein
BEAMACEP_05097	CDS	195				hypothetical protein
BEAMACEP_05098	CDS	114				hypothetical protein
BEAMACEP_05099	CDS	138				hypothetical protein
BEAMACEP_05100	CDS	99				hypothetical protein
BEAMACEP_05101	CDS	120				hypothetical protein
BEAMACEP_05102	CDS	138				hypothetical protein
BEAMACEP_05103	CDS	138				hypothetical protein
BEAMACEP_05104	CDS	96				hypothetical protein
BEAMACEP_05105	CDS	93				hypothetical protein
BEAMACEP_05106	CDS	96				hypothetical protein
BEAMACEP_05107	CDS	126				hypothetical protein
BEAMACEP_05108	CDS	105				hypothetical protein
BEAMACEP_05109	CDS	117				hypothetical protein
BEAMACEP_05110	CDS	93				hypothetical protein
BEAMACEP_05111	CDS	129				hypothetical protein
BEAMACEP_05112	CDS	93				hypothetical protein
BEAMACEP_05113	CDS	93				hypothetical protein
BEAMACEP_05114	CDS	159				hypothetical protein
BEAMACEP_05115	CDS	105				hypothetical protein
BEAMACEP_05116	CDS	93				hypothetical protein
BEAMACEP_05117	CDS	177				hypothetical protein
BEAMACEP_05118	CDS	93				hypothetical protein
BEAMACEP_05119	CDS	159				hypothetical protein
BEAMACEP_05120	CDS	93				hypothetical protein
BEAMACEP_05121	CDS	99				hypothetical protein
BEAMACEP_05122	CDS	138				hypothetical protein
BEAMACEP_05123	CDS	147				hypothetical protein
BEAMACEP_05124	CDS	159				hypothetical protein
BEAMACEP_05125	CDS	114				hypothetical protein
BEAMACEP_05126	CDS	96				hypothetical protein
BEAMACEP_05127	CDS	105				hypothetical protein
BEAMACEP_05128	CDS	93				hypothetical protein
BEAMACEP_05129	CDS	117				hypothetical protein
BEAMACEP_05130	CDS	93				hypothetical protein
BEAMACEP_05131	CDS	120				hypothetical protein
BEAMACEP_05132	CDS	96				hypothetical protein
BEAMACEP_05133	CDS	93				hypothetical protein
BEAMACEP_05134	CDS	96				hypothetical protein
BEAMACEP_05135	CDS	138				hypothetical protein
BEAMACEP_05136	CDS	126				hypothetical protein
BEAMACEP_05137	CDS	117				hypothetical protein
BEAMACEP_05138	CDS	96				hypothetical protein
BEAMACEP_05139	CDS	132				hypothetical protein
BEAMACEP_05140	CDS	93				hypothetical protein
BEAMACEP_05141	CDS	93				hypothetical protein
BEAMACEP_05142	CDS	117				hypothetical protein
BEAMACEP_05143	CDS	108				hypothetical protein
BEAMACEP_05144	CDS	96				hypothetical protein
BEAMACEP_05145	CDS	129				hypothetical protein
BEAMACEP_05146	CDS	138				hypothetical protein
BEAMACEP_05147	CDS	96				hypothetical protein
BEAMACEP_05148	CDS	105				hypothetical protein
BEAMACEP_05149	CDS	138				hypothetical protein
BEAMACEP_05150	CDS	129				hypothetical protein
BEAMACEP_05151	CDS	93				hypothetical protein
BEAMACEP_05152	CDS	129				hypothetical protein
BEAMACEP_05153	CDS	120				hypothetical protein
BEAMACEP_05154	CDS	93				hypothetical protein
BEAMACEP_05155	CDS	183				hypothetical protein
BEAMACEP_05156	CDS	207				hypothetical protein
BEAMACEP_05157	CDS	93				hypothetical protein
BEAMACEP_05158	CDS	132				hypothetical protein
BEAMACEP_05159	CDS	126				hypothetical protein
BEAMACEP_05160	CDS	93				hypothetical protein
BEAMACEP_05161	CDS	93				hypothetical protein
BEAMACEP_05162	CDS	159				hypothetical protein
BEAMACEP_05163	CDS	93				hypothetical protein
BEAMACEP_05164	CDS	129				hypothetical protein
BEAMACEP_05165	CDS	105				hypothetical protein
BEAMACEP_05166	CDS	174				hypothetical protein
BEAMACEP_05167	CDS	129				hypothetical protein
BEAMACEP_05168	CDS	102				hypothetical protein
BEAMACEP_05169	CDS	117				hypothetical protein
BEAMACEP_05170	CDS	96				hypothetical protein
BEAMACEP_05171	CDS	105				hypothetical protein
BEAMACEP_05172	CDS	93				hypothetical protein
BEAMACEP_05173	CDS	102				hypothetical protein
BEAMACEP_05174	CDS	135				hypothetical protein
BEAMACEP_05175	CDS	96				hypothetical protein
BEAMACEP_05176	CDS	129				hypothetical protein
BEAMACEP_05177	CDS	93				hypothetical protein
BEAMACEP_05178	CDS	117				hypothetical protein
BEAMACEP_05179	CDS	96				hypothetical protein
BEAMACEP_05180	CDS	96				hypothetical protein
BEAMACEP_05181	CDS	93				hypothetical protein
BEAMACEP_05182	CDS	123				hypothetical protein
BEAMACEP_05183	CDS	138				hypothetical protein
BEAMACEP_05184	CDS	114				hypothetical protein
BEAMACEP_05185	CDS	138				hypothetical protein
BEAMACEP_05186	CDS	159				hypothetical protein
BEAMACEP_05187	CDS	93				hypothetical protein
BEAMACEP_05188	CDS	147				hypothetical protein
BEAMACEP_05189	CDS	129				hypothetical protein
BEAMACEP_05190	CDS	129				hypothetical protein
BEAMACEP_05191	CDS	135				hypothetical protein
BEAMACEP_05192	CDS	93				hypothetical protein
BEAMACEP_05193	CDS	93				hypothetical protein
BEAMACEP_05194	CDS	210				hypothetical protein
BEAMACEP_05195	CDS	132				hypothetical protein
BEAMACEP_05196	CDS	93				hypothetical protein
BEAMACEP_05197	CDS	93				hypothetical protein
BEAMACEP_05198	CDS	138				hypothetical protein
BEAMACEP_05199	CDS	93				hypothetical protein
BEAMACEP_05200	CDS	93				hypothetical protein
BEAMACEP_05201	CDS	93				hypothetical protein
BEAMACEP_05202	CDS	96				hypothetical protein
BEAMACEP_05203	CDS	96				hypothetical protein
BEAMACEP_05204	CDS	93				hypothetical protein
BEAMACEP_05205	CDS	123				hypothetical protein
BEAMACEP_05206	CDS	132				hypothetical protein
BEAMACEP_05207	CDS	93				hypothetical protein
BEAMACEP_05208	CDS	93				hypothetical protein
BEAMACEP_05209	CDS	117				hypothetical protein
BEAMACEP_05210	CDS	138				hypothetical protein
BEAMACEP_05211	CDS	93				hypothetical protein
BEAMACEP_05212	CDS	96				hypothetical protein
BEAMACEP_05213	CDS	93				hypothetical protein
BEAMACEP_05214	CDS	117				hypothetical protein
BEAMACEP_05215	CDS	147				hypothetical protein
BEAMACEP_05216	CDS	210				hypothetical protein
BEAMACEP_05217	CDS	138				hypothetical protein
BEAMACEP_05218	CDS	117				hypothetical protein
BEAMACEP_05219	CDS	129				hypothetical protein
BEAMACEP_05220	CDS	93				hypothetical protein
BEAMACEP_05221	CDS	120				hypothetical protein
BEAMACEP_05222	CDS	99				hypothetical protein
BEAMACEP_05223	CDS	207				hypothetical protein
BEAMACEP_05224	CDS	117				hypothetical protein
BEAMACEP_05225	CDS	117				hypothetical protein
BEAMACEP_05226	CDS	156				hypothetical protein
BEAMACEP_05227	CDS	117				hypothetical protein
BEAMACEP_05228	CDS	93				hypothetical protein
BEAMACEP_05229	CDS	96				hypothetical protein
BEAMACEP_05230	CDS	117				hypothetical protein
BEAMACEP_05231	CDS	105				hypothetical protein
BEAMACEP_05232	CDS	105				hypothetical protein
BEAMACEP_05233	CDS	93				hypothetical protein
BEAMACEP_05234	CDS	93				hypothetical protein
BEAMACEP_05235	CDS	93				hypothetical protein
BEAMACEP_05236	CDS	90				hypothetical protein
BEAMACEP_05237	CDS	96				hypothetical protein
BEAMACEP_05238	CDS	93				hypothetical protein
BEAMACEP_05239	CDS	93				hypothetical protein
BEAMACEP_05240	CDS	93				hypothetical protein
BEAMACEP_05241	CDS	93				hypothetical protein
BEAMACEP_05242	CDS	93				hypothetical protein
BEAMACEP_05243	CDS	93				hypothetical protein
BEAMACEP_05244	CDS	135				hypothetical protein
BEAMACEP_05245	CDS	126				hypothetical protein
BEAMACEP_05246	CDS	93				hypothetical protein
BEAMACEP_05247	CDS	135				hypothetical protein
BEAMACEP_05248	CDS	123				hypothetical protein
BEAMACEP_05249	CDS	120				hypothetical protein
BEAMACEP_05250	CDS	96				hypothetical protein
BEAMACEP_05251	CDS	96				hypothetical protein
BEAMACEP_05252	CDS	117				hypothetical protein
BEAMACEP_05253	CDS	93				hypothetical protein
BEAMACEP_05254	CDS	93				hypothetical protein
BEAMACEP_05255	CDS	114				hypothetical protein
BEAMACEP_05256	CDS	102				hypothetical protein
BEAMACEP_05257	CDS	114				hypothetical protein
BEAMACEP_05258	CDS	93				hypothetical protein
BEAMACEP_05259	CDS	96				hypothetical protein
BEAMACEP_05260	CDS	138				hypothetical protein
BEAMACEP_05261	CDS	93				hypothetical protein
BEAMACEP_05262	CDS	96				hypothetical protein
BEAMACEP_05263	CDS	93				hypothetical protein
BEAMACEP_05264	CDS	102				hypothetical protein
BEAMACEP_05265	CDS	171				hypothetical protein
BEAMACEP_05266	CDS	93				hypothetical protein
BEAMACEP_05267	CDS	93				hypothetical protein
BEAMACEP_05268	CDS	93				hypothetical protein
BEAMACEP_05269	CDS	99				hypothetical protein
BEAMACEP_05270	CDS	93				hypothetical protein
BEAMACEP_05271	CDS	132				hypothetical protein
BEAMACEP_05272	CDS	138				hypothetical protein
BEAMACEP_05273	CDS	129				hypothetical protein
BEAMACEP_05274	CDS	171				hypothetical protein
BEAMACEP_05275	CDS	93				hypothetical protein
BEAMACEP_05276	CDS	93				hypothetical protein
BEAMACEP_05277	CDS	99				hypothetical protein
BEAMACEP_05278	CDS	135				hypothetical protein
BEAMACEP_05279	CDS	93				hypothetical protein
BEAMACEP_05280	CDS	138				hypothetical protein
BEAMACEP_05281	CDS	138				hypothetical protein
BEAMACEP_05282	CDS	93				hypothetical protein
BEAMACEP_05283	CDS	93				hypothetical protein
BEAMACEP_05284	CDS	96				hypothetical protein
BEAMACEP_05285	CDS	120				hypothetical protein
BEAMACEP_05286	CDS	108				hypothetical protein
BEAMACEP_05287	CDS	93				hypothetical protein
BEAMACEP_05288	CDS	93				hypothetical protein
BEAMACEP_05289	CDS	126				hypothetical protein
BEAMACEP_05290	CDS	120				hypothetical protein
BEAMACEP_05291	CDS	96				hypothetical protein
BEAMACEP_05292	CDS	117				hypothetical protein
BEAMACEP_05293	CDS	117				hypothetical protein
BEAMACEP_05294	CDS	120				hypothetical protein
BEAMACEP_05295	CDS	105				hypothetical protein
BEAMACEP_05296	CDS	117				hypothetical protein
BEAMACEP_05297	CDS	93				hypothetical protein
BEAMACEP_05298	CDS	93				hypothetical protein
BEAMACEP_05299	CDS	96				hypothetical protein
BEAMACEP_05300	CDS	96				hypothetical protein
BEAMACEP_05301	CDS	96				hypothetical protein
BEAMACEP_05302	CDS	144				hypothetical protein
BEAMACEP_05303	CDS	93				hypothetical protein
BEAMACEP_05304	CDS	114				hypothetical protein
BEAMACEP_05305	CDS	96				hypothetical protein
BEAMACEP_05306	CDS	114				hypothetical protein
BEAMACEP_05307	CDS	96				hypothetical protein
BEAMACEP_05308	CDS	144				hypothetical protein
BEAMACEP_05309	CDS	171				hypothetical protein
BEAMACEP_05310	CDS	159				hypothetical protein
BEAMACEP_05311	CDS	93				hypothetical protein
BEAMACEP_05312	CDS	96				hypothetical protein
BEAMACEP_05313	CDS	93				hypothetical protein
BEAMACEP_05314	CDS	93				hypothetical protein
BEAMACEP_05315	CDS	90				hypothetical protein
BEAMACEP_05316	CDS	96				hypothetical protein
BEAMACEP_05317	CDS	93				hypothetical protein
BEAMACEP_05318	CDS	93				hypothetical protein
BEAMACEP_05319	CDS	96				hypothetical protein
BEAMACEP_05320	CDS	93				hypothetical protein
BEAMACEP_05321	CDS	93				hypothetical protein
BEAMACEP_05322	CDS	93				hypothetical protein
BEAMACEP_05323	CDS	132				hypothetical protein
BEAMACEP_05324	CDS	138				hypothetical protein
BEAMACEP_05325	CDS	132				hypothetical protein
BEAMACEP_05326	CDS	99				hypothetical protein
BEAMACEP_05327	CDS	93				hypothetical protein
BEAMACEP_05328	CDS	135				hypothetical protein
BEAMACEP_05329	CDS	135				hypothetical protein
BEAMACEP_05330	CDS	132				hypothetical protein
BEAMACEP_05331	CDS	102				hypothetical protein
BEAMACEP_05332	CDS	96				hypothetical protein
BEAMACEP_05333	CDS	93				hypothetical protein
BEAMACEP_05334	CDS	132				hypothetical protein
BEAMACEP_05335	CDS	195				hypothetical protein
BEAMACEP_05336	CDS	138				hypothetical protein
BEAMACEP_05337	CDS	126				hypothetical protein
BEAMACEP_05338	CDS	105				hypothetical protein
BEAMACEP_05339	CDS	93				hypothetical protein
BEAMACEP_05340	CDS	93				hypothetical protein
BEAMACEP_05341	CDS	96				hypothetical protein
BEAMACEP_05342	CDS	90				hypothetical protein
BEAMACEP_05343	CDS	93				hypothetical protein
BEAMACEP_05344	CDS	90				hypothetical protein
BEAMACEP_05345	CDS	117				hypothetical protein
BEAMACEP_05346	CDS	126				hypothetical protein
BEAMACEP_05347	CDS	126				hypothetical protein
BEAMACEP_05348	CDS	204				hypothetical protein
BEAMACEP_05349	CDS	147				hypothetical protein
BEAMACEP_05350	CDS	93				hypothetical protein
BEAMACEP_05351	CDS	147				hypothetical protein
BEAMACEP_05352	CDS	90				hypothetical protein
BEAMACEP_05353	CDS	108				hypothetical protein
BEAMACEP_05354	CDS	90				hypothetical protein
BEAMACEP_05355	CDS	138				hypothetical protein
BEAMACEP_05356	CDS	102				hypothetical protein
BEAMACEP_05357	CDS	93				hypothetical protein
BEAMACEP_05358	CDS	117				hypothetical protein
BEAMACEP_05359	CDS	105				hypothetical protein
BEAMACEP_05360	CDS	93				hypothetical protein
BEAMACEP_05361	CDS	117				hypothetical protein
BEAMACEP_05362	CDS	93				hypothetical protein
BEAMACEP_05363	CDS	96				hypothetical protein
BEAMACEP_05364	CDS	93				hypothetical protein
BEAMACEP_05365	CDS	135				hypothetical protein
BEAMACEP_05366	CDS	93				hypothetical protein
BEAMACEP_05367	CDS	93				hypothetical protein
BEAMACEP_05368	CDS	93				hypothetical protein
BEAMACEP_05369	CDS	93				hypothetical protein
BEAMACEP_05370	CDS	108				hypothetical protein
BEAMACEP_05371	CDS	93				hypothetical protein
BEAMACEP_05372	CDS	93				hypothetical protein
BEAMACEP_05373	CDS	135				hypothetical protein
BEAMACEP_05374	CDS	93				hypothetical protein
BEAMACEP_05375	CDS	93				hypothetical protein
BEAMACEP_05376	CDS	93				hypothetical protein
BEAMACEP_05377	CDS	138				hypothetical protein
BEAMACEP_05378	CDS	138				hypothetical protein
BEAMACEP_05379	CDS	93				hypothetical protein
BEAMACEP_05380	CDS	186				hypothetical protein
BEAMACEP_05381	CDS	120				hypothetical protein
BEAMACEP_05382	CDS	93				hypothetical protein
BEAMACEP_05383	CDS	117				hypothetical protein
BEAMACEP_05384	CDS	114				hypothetical protein
BEAMACEP_05385	CDS	216				hypothetical protein
BEAMACEP_05386	CDS	93				hypothetical protein
BEAMACEP_05387	CDS	93				hypothetical protein
BEAMACEP_05388	CDS	147				hypothetical protein
BEAMACEP_05389	CDS	108				hypothetical protein
BEAMACEP_05390	CDS	117				hypothetical protein
BEAMACEP_05391	CDS	93				hypothetical protein
BEAMACEP_05392	CDS	93				hypothetical protein
BEAMACEP_05393	CDS	114				hypothetical protein
BEAMACEP_05394	CDS	93				hypothetical protein
BEAMACEP_05395	CDS	117				hypothetical protein
BEAMACEP_05396	CDS	93				hypothetical protein
BEAMACEP_05397	CDS	93				hypothetical protein
BEAMACEP_05398	CDS	114				hypothetical protein
BEAMACEP_05399	CDS	93				hypothetical protein
BEAMACEP_05400	CDS	111				hypothetical protein
BEAMACEP_05401	CDS	204				hypothetical protein
BEAMACEP_05402	CDS	147				hypothetical protein
BEAMACEP_05403	CDS	93				hypothetical protein
BEAMACEP_05404	CDS	93				hypothetical protein
BEAMACEP_05405	CDS	93				hypothetical protein
BEAMACEP_05406	CDS	120				hypothetical protein
BEAMACEP_05407	CDS	132				hypothetical protein
BEAMACEP_05408	CDS	93				hypothetical protein
BEAMACEP_05409	CDS	138				hypothetical protein
BEAMACEP_05410	CDS	93				hypothetical protein
BEAMACEP_05411	CDS	117				hypothetical protein
BEAMACEP_05412	CDS	126				hypothetical protein
BEAMACEP_05413	CDS	102				hypothetical protein
BEAMACEP_05414	CDS	93				hypothetical protein
BEAMACEP_05415	CDS	126				hypothetical protein
BEAMACEP_05416	CDS	99				hypothetical protein
BEAMACEP_05417	CDS	93				hypothetical protein
BEAMACEP_05418	CDS	117				hypothetical protein
BEAMACEP_05419	CDS	156				hypothetical protein
BEAMACEP_05420	CDS	93				hypothetical protein
BEAMACEP_05421	CDS	114				hypothetical protein
BEAMACEP_05422	CDS	93				hypothetical protein
BEAMACEP_05423	CDS	117				hypothetical protein
BEAMACEP_05424	CDS	138				hypothetical protein
BEAMACEP_05425	CDS	108				hypothetical protein
BEAMACEP_05426	CDS	102				hypothetical protein
BEAMACEP_05427	CDS	117				hypothetical protein
BEAMACEP_05428	CDS	138				hypothetical protein
BEAMACEP_05429	CDS	114				hypothetical protein
BEAMACEP_05430	CDS	96				hypothetical protein
BEAMACEP_05431	CDS	93				hypothetical protein
BEAMACEP_05432	CDS	114				hypothetical protein
BEAMACEP_05433	CDS	93				hypothetical protein
BEAMACEP_05434	CDS	93				hypothetical protein
BEAMACEP_05435	CDS	99				hypothetical protein
BEAMACEP_05436	CDS	96				hypothetical protein
BEAMACEP_05437	CDS	138				hypothetical protein
BEAMACEP_05438	CDS	93				hypothetical protein
BEAMACEP_05439	CDS	138				hypothetical protein
BEAMACEP_05440	CDS	102				hypothetical protein
BEAMACEP_05441	CDS	93				hypothetical protein
BEAMACEP_05442	CDS	96				hypothetical protein
BEAMACEP_05443	CDS	129				hypothetical protein
BEAMACEP_05444	CDS	138				hypothetical protein
BEAMACEP_05445	CDS	117				hypothetical protein
BEAMACEP_05446	CDS	93				hypothetical protein
BEAMACEP_05447	CDS	96				hypothetical protein
BEAMACEP_05448	CDS	129				hypothetical protein
BEAMACEP_05449	CDS	102				hypothetical protein
BEAMACEP_05450	CDS	93				hypothetical protein
BEAMACEP_05451	CDS	93				hypothetical protein
BEAMACEP_05452	CDS	105				hypothetical protein
BEAMACEP_05453	CDS	93				hypothetical protein
BEAMACEP_05454	CDS	90				hypothetical protein
BEAMACEP_05455	CDS	132				hypothetical protein
BEAMACEP_05456	CDS	111				hypothetical protein
BEAMACEP_05457	CDS	96				hypothetical protein
BEAMACEP_05458	CDS	93				hypothetical protein
BEAMACEP_05459	CDS	93				hypothetical protein
BEAMACEP_05460	CDS	93				hypothetical protein
BEAMACEP_05461	CDS	93				hypothetical protein
BEAMACEP_05462	CDS	120				hypothetical protein
BEAMACEP_05463	CDS	96				hypothetical protein
BEAMACEP_05464	CDS	102				hypothetical protein
BEAMACEP_05465	CDS	93				hypothetical protein
BEAMACEP_05466	CDS	93				hypothetical protein
BEAMACEP_05467	CDS	93				hypothetical protein
BEAMACEP_05468	CDS	129				hypothetical protein
BEAMACEP_05469	CDS	93				hypothetical protein
BEAMACEP_05470	CDS	93				hypothetical protein
BEAMACEP_05471	CDS	132				hypothetical protein
BEAMACEP_05472	CDS	99				hypothetical protein
BEAMACEP_05473	CDS	159				hypothetical protein
BEAMACEP_05474	CDS	123				hypothetical protein
BEAMACEP_05475	CDS	171				hypothetical protein
BEAMACEP_05476	CDS	102				hypothetical protein
BEAMACEP_05477	CDS	96				hypothetical protein
BEAMACEP_05478	CDS	93				hypothetical protein
BEAMACEP_05479	CDS	93				hypothetical protein
BEAMACEP_05480	CDS	117				hypothetical protein
BEAMACEP_05481	CDS	138				hypothetical protein
BEAMACEP_05482	CDS	159				hypothetical protein
BEAMACEP_05483	CDS	132				hypothetical protein
BEAMACEP_05484	CDS	114				hypothetical protein
BEAMACEP_05485	CDS	93				hypothetical protein
BEAMACEP_05486	CDS	93				hypothetical protein
BEAMACEP_05487	CDS	93				hypothetical protein
BEAMACEP_05488	CDS	117				hypothetical protein
BEAMACEP_05489	CDS	171				hypothetical protein
BEAMACEP_05490	CDS	132				hypothetical protein
BEAMACEP_05491	CDS	138				hypothetical protein
BEAMACEP_05492	CDS	93				hypothetical protein
BEAMACEP_05493	CDS	129				hypothetical protein
BEAMACEP_05494	CDS	117				hypothetical protein
BEAMACEP_05495	CDS	96				hypothetical protein
BEAMACEP_05496	CDS	93				hypothetical protein
BEAMACEP_05497	CDS	93				hypothetical protein
BEAMACEP_05498	CDS	90				hypothetical protein
BEAMACEP_05499	CDS	96				hypothetical protein
BEAMACEP_05500	CDS	102				hypothetical protein
BEAMACEP_05501	CDS	138				hypothetical protein
BEAMACEP_05502	CDS	120				hypothetical protein
BEAMACEP_05503	CDS	138				hypothetical protein
BEAMACEP_05504	CDS	138				hypothetical protein
BEAMACEP_05505	CDS	93				hypothetical protein
BEAMACEP_05506	CDS	96				hypothetical protein
BEAMACEP_05507	CDS	93				hypothetical protein
BEAMACEP_05508	CDS	93				hypothetical protein
BEAMACEP_05509	CDS	96				hypothetical protein
BEAMACEP_05510	CDS	93				hypothetical protein
BEAMACEP_05511	CDS	138				hypothetical protein
BEAMACEP_05512	CDS	105				hypothetical protein
BEAMACEP_05513	CDS	129				hypothetical protein
BEAMACEP_05514	CDS	108				hypothetical protein
BEAMACEP_05515	CDS	117				hypothetical protein
BEAMACEP_05516	CDS	117				hypothetical protein
BEAMACEP_05517	CDS	93				hypothetical protein
BEAMACEP_05518	CDS	93				hypothetical protein
BEAMACEP_05519	CDS	108				hypothetical protein
BEAMACEP_05520	CDS	93				hypothetical protein
BEAMACEP_05521	CDS	114				hypothetical protein
BEAMACEP_05522	CDS	96				hypothetical protein
BEAMACEP_05523	CDS	93				hypothetical protein
BEAMACEP_05524	CDS	93				hypothetical protein
BEAMACEP_05525	CDS	117				hypothetical protein
BEAMACEP_05526	CDS	108				hypothetical protein
BEAMACEP_05527	CDS	93				hypothetical protein
BEAMACEP_05528	CDS	171				hypothetical protein
BEAMACEP_05529	CDS	96				hypothetical protein
BEAMACEP_05530	CDS	210				hypothetical protein
BEAMACEP_05531	CDS	219				hypothetical protein
BEAMACEP_05532	CDS	228				hypothetical protein
BEAMACEP_05533	CDS	93				hypothetical protein
BEAMACEP_05534	CDS	129				hypothetical protein
BEAMACEP_05535	CDS	93				hypothetical protein
BEAMACEP_05536	CDS	93				hypothetical protein
BEAMACEP_05537	CDS	93				hypothetical protein
BEAMACEP_05538	CDS	132				hypothetical protein
BEAMACEP_05539	CDS	126				hypothetical protein
BEAMACEP_05540	CDS	132				hypothetical protein
BEAMACEP_05541	CDS	90				hypothetical protein
BEAMACEP_05542	CDS	126				hypothetical protein
BEAMACEP_05543	CDS	93				hypothetical protein
BEAMACEP_05544	CDS	93				hypothetical protein
BEAMACEP_05545	CDS	114				hypothetical protein
BEAMACEP_05546	CDS	93				hypothetical protein
BEAMACEP_05547	CDS	96				hypothetical protein
BEAMACEP_05548	CDS	90				hypothetical protein
BEAMACEP_05549	CDS	120				hypothetical protein
BEAMACEP_05550	CDS	93				hypothetical protein
BEAMACEP_05551	CDS	126				hypothetical protein
BEAMACEP_05552	CDS	126				hypothetical protein
BEAMACEP_05553	CDS	96				hypothetical protein
BEAMACEP_05554	CDS	93				hypothetical protein
BEAMACEP_05555	CDS	120				hypothetical protein
BEAMACEP_05556	CDS	132				hypothetical protein
BEAMACEP_05557	CDS	135				hypothetical protein
BEAMACEP_05558	CDS	93				hypothetical protein
BEAMACEP_05559	CDS	93				hypothetical protein
BEAMACEP_05560	CDS	93				hypothetical protein
BEAMACEP_05561	CDS	117				hypothetical protein
BEAMACEP_05562	CDS	93				hypothetical protein
BEAMACEP_05563	CDS	135				hypothetical protein
BEAMACEP_05564	CDS	90				hypothetical protein
BEAMACEP_05565	CDS	117				hypothetical protein
BEAMACEP_05566	CDS	108				hypothetical protein
BEAMACEP_05567	CDS	138				hypothetical protein
BEAMACEP_05568	CDS	105				hypothetical protein
BEAMACEP_05569	CDS	96				hypothetical protein
BEAMACEP_05570	CDS	96				hypothetical protein
BEAMACEP_05571	CDS	102				hypothetical protein
BEAMACEP_05572	CDS	93				hypothetical protein
BEAMACEP_05573	CDS	93				hypothetical protein
BEAMACEP_05574	CDS	120				hypothetical protein
BEAMACEP_05575	CDS	93				hypothetical protein
BEAMACEP_05576	CDS	189				hypothetical protein
BEAMACEP_05577	CDS	93				hypothetical protein
BEAMACEP_05578	CDS	93				hypothetical protein
BEAMACEP_05579	CDS	114				hypothetical protein
BEAMACEP_05580	CDS	117				hypothetical protein
BEAMACEP_05581	CDS	93				hypothetical protein
BEAMACEP_05582	CDS	117				hypothetical protein
BEAMACEP_05583	CDS	135				hypothetical protein
BEAMACEP_05584	CDS	93				hypothetical protein
BEAMACEP_05585	CDS	129				hypothetical protein
BEAMACEP_05586	CDS	93				hypothetical protein
BEAMACEP_05587	CDS	93				hypothetical protein
BEAMACEP_05588	CDS	93				hypothetical protein
BEAMACEP_05589	CDS	105				hypothetical protein
BEAMACEP_05590	CDS	171				hypothetical protein
BEAMACEP_05591	CDS	93				hypothetical protein
BEAMACEP_05592	CDS	93				hypothetical protein
BEAMACEP_05593	CDS	120				hypothetical protein
BEAMACEP_05594	CDS	93				hypothetical protein
BEAMACEP_05595	CDS	138				hypothetical protein
BEAMACEP_05596	CDS	138				hypothetical protein
BEAMACEP_05597	CDS	93				hypothetical protein
BEAMACEP_05598	CDS	93				hypothetical protein
BEAMACEP_05599	CDS	126				hypothetical protein
BEAMACEP_05600	CDS	135				hypothetical protein
BEAMACEP_05601	CDS	120				hypothetical protein
BEAMACEP_05602	CDS	102				hypothetical protein
BEAMACEP_05603	CDS	99				hypothetical protein
BEAMACEP_05604	CDS	93				hypothetical protein
BEAMACEP_05605	CDS	201				hypothetical protein
BEAMACEP_05606	CDS	108				hypothetical protein
BEAMACEP_05607	CDS	120				hypothetical protein
BEAMACEP_05608	CDS	105				hypothetical protein
BEAMACEP_05609	CDS	117				hypothetical protein
BEAMACEP_05610	CDS	120				hypothetical protein
BEAMACEP_05611	CDS	96				hypothetical protein
BEAMACEP_05612	CDS	138				hypothetical protein
BEAMACEP_05613	CDS	93				hypothetical protein
BEAMACEP_05614	CDS	108				hypothetical protein
BEAMACEP_05615	CDS	93				hypothetical protein
BEAMACEP_05616	CDS	93				hypothetical protein
BEAMACEP_05617	CDS	93				hypothetical protein
BEAMACEP_05618	CDS	120				hypothetical protein
BEAMACEP_05619	CDS	189				hypothetical protein
BEAMACEP_05620	CDS	108				hypothetical protein
BEAMACEP_05621	CDS	96				hypothetical protein
BEAMACEP_05622	CDS	96				hypothetical protein
BEAMACEP_05623	CDS	117				hypothetical protein
BEAMACEP_05624	CDS	120				hypothetical protein
BEAMACEP_05625	CDS	96				hypothetical protein
BEAMACEP_05626	CDS	138				hypothetical protein
BEAMACEP_05627	CDS	93				hypothetical protein
BEAMACEP_05628	CDS	96				hypothetical protein
BEAMACEP_05629	CDS	102				hypothetical protein
BEAMACEP_05630	CDS	108				hypothetical protein
BEAMACEP_05631	CDS	102				hypothetical protein
BEAMACEP_05632	CDS	114				hypothetical protein
BEAMACEP_05633	CDS	105				hypothetical protein
BEAMACEP_05634	CDS	102				hypothetical protein
BEAMACEP_05635	CDS	105				hypothetical protein
BEAMACEP_05636	CDS	96				hypothetical protein
BEAMACEP_05637	CDS	132				hypothetical protein
BEAMACEP_05638	CDS	93				hypothetical protein
BEAMACEP_05639	CDS	114				hypothetical protein
BEAMACEP_05640	CDS	180				hypothetical protein
BEAMACEP_05641	CDS	99				hypothetical protein
BEAMACEP_05642	CDS	138				hypothetical protein
BEAMACEP_05643	CDS	93				hypothetical protein
BEAMACEP_05644	CDS	93				hypothetical protein
BEAMACEP_05645	CDS	96				hypothetical protein
BEAMACEP_05646	CDS	117				hypothetical protein
BEAMACEP_05647	CDS	120				hypothetical protein
BEAMACEP_05648	CDS	93				hypothetical protein
BEAMACEP_05649	CDS	120				hypothetical protein
BEAMACEP_05650	CDS	138				hypothetical protein
BEAMACEP_05651	CDS	90				hypothetical protein
BEAMACEP_05652	CDS	105				hypothetical protein
BEAMACEP_05653	CDS	108				hypothetical protein
BEAMACEP_05654	CDS	114				hypothetical protein
BEAMACEP_05655	CDS	93				hypothetical protein
BEAMACEP_05656	CDS	117				hypothetical protein
BEAMACEP_05657	CDS	138				hypothetical protein
BEAMACEP_05658	CDS	135				hypothetical protein
BEAMACEP_05659	CDS	138				hypothetical protein
BEAMACEP_05660	CDS	93				hypothetical protein
BEAMACEP_05661	CDS	138				hypothetical protein
BEAMACEP_05662	CDS	93				hypothetical protein
BEAMACEP_05663	CDS	93				hypothetical protein
BEAMACEP_05664	CDS	132				hypothetical protein
BEAMACEP_05665	CDS	93				hypothetical protein
BEAMACEP_05666	CDS	117				hypothetical protein
BEAMACEP_05667	CDS	90				hypothetical protein
BEAMACEP_05668	CDS	93				hypothetical protein
BEAMACEP_05669	CDS	105				hypothetical protein
BEAMACEP_05670	CDS	93				hypothetical protein
BEAMACEP_05671	CDS	120				hypothetical protein
BEAMACEP_05672	CDS	138				hypothetical protein
BEAMACEP_05673	CDS	96				hypothetical protein
BEAMACEP_05674	CDS	120				hypothetical protein
BEAMACEP_05675	CDS	123				hypothetical protein
BEAMACEP_05676	CDS	93				hypothetical protein
BEAMACEP_05677	CDS	96				hypothetical protein
BEAMACEP_05678	CDS	105				hypothetical protein
BEAMACEP_05679	CDS	93				hypothetical protein
BEAMACEP_05680	CDS	147				hypothetical protein
BEAMACEP_05681	CDS	93				hypothetical protein
BEAMACEP_05682	CDS	117				hypothetical protein
BEAMACEP_05683	CDS	117				hypothetical protein
BEAMACEP_05684	CDS	93				hypothetical protein
BEAMACEP_05685	CDS	111				hypothetical protein
BEAMACEP_05686	CDS	120				hypothetical protein
BEAMACEP_05687	CDS	123				hypothetical protein
BEAMACEP_05688	CDS	96				hypothetical protein
BEAMACEP_05689	CDS	120				hypothetical protein
BEAMACEP_05690	CDS	93				hypothetical protein
BEAMACEP_05691	CDS	123				hypothetical protein
BEAMACEP_05692	CDS	93				hypothetical protein
BEAMACEP_05693	CDS	93				hypothetical protein
BEAMACEP_05694	CDS	96				hypothetical protein
BEAMACEP_05695	CDS	105				hypothetical protein
BEAMACEP_05696	CDS	93				hypothetical protein
BEAMACEP_05697	CDS	156				hypothetical protein
BEAMACEP_05698	CDS	96				hypothetical protein
BEAMACEP_05699	CDS	129				hypothetical protein
BEAMACEP_05700	CDS	93				hypothetical protein
BEAMACEP_05701	CDS	114				hypothetical protein
BEAMACEP_05702	CDS	117				hypothetical protein
BEAMACEP_05703	CDS	93				hypothetical protein
BEAMACEP_05704	CDS	114				hypothetical protein
BEAMACEP_05705	CDS	93				hypothetical protein
BEAMACEP_05706	CDS	93				hypothetical protein
BEAMACEP_05707	CDS	114				hypothetical protein
BEAMACEP_05708	CDS	138				hypothetical protein
BEAMACEP_05709	CDS	171				hypothetical protein
BEAMACEP_05710	CDS	120				hypothetical protein
BEAMACEP_05711	CDS	93				hypothetical protein
BEAMACEP_05712	CDS	96				hypothetical protein
BEAMACEP_05713	CDS	129				hypothetical protein
BEAMACEP_05714	CDS	129				hypothetical protein
BEAMACEP_05715	CDS	93				hypothetical protein
BEAMACEP_05716	CDS	177				hypothetical protein
BEAMACEP_05717	CDS	117				hypothetical protein
BEAMACEP_05718	CDS	90				hypothetical protein
BEAMACEP_05719	CDS	102				hypothetical protein
BEAMACEP_05720	CDS	120				hypothetical protein
BEAMACEP_05721	CDS	93				hypothetical protein
BEAMACEP_05722	CDS	120				hypothetical protein
BEAMACEP_05723	CDS	93				hypothetical protein
BEAMACEP_05724	CDS	117				hypothetical protein
BEAMACEP_05725	CDS	114				hypothetical protein
BEAMACEP_05726	CDS	93				hypothetical protein
BEAMACEP_05727	CDS	126				hypothetical protein
BEAMACEP_05728	CDS	93				hypothetical protein
BEAMACEP_05729	CDS	96				hypothetical protein
BEAMACEP_05730	CDS	138				hypothetical protein
BEAMACEP_05731	CDS	93				hypothetical protein
BEAMACEP_05732	CDS	129				hypothetical protein
BEAMACEP_05733	CDS	93				hypothetical protein
BEAMACEP_05734	CDS	129				hypothetical protein
BEAMACEP_05735	CDS	171				hypothetical protein
BEAMACEP_05736	CDS	93				hypothetical protein
BEAMACEP_05737	CDS	141				hypothetical protein
BEAMACEP_05738	CDS	93				hypothetical protein
BEAMACEP_05739	CDS	93				hypothetical protein
BEAMACEP_05740	CDS	93				hypothetical protein
BEAMACEP_05741	CDS	108				hypothetical protein
BEAMACEP_05742	CDS	102				hypothetical protein
BEAMACEP_05743	CDS	96				hypothetical protein
BEAMACEP_05744	CDS	96				hypothetical protein
BEAMACEP_05745	CDS	102				hypothetical protein
BEAMACEP_05746	CDS	210				hypothetical protein
BEAMACEP_05747	CDS	96				hypothetical protein
BEAMACEP_05748	CDS	96				hypothetical protein
BEAMACEP_05749	CDS	93				hypothetical protein
BEAMACEP_05750	CDS	93				hypothetical protein
BEAMACEP_05751	CDS	96				hypothetical protein
BEAMACEP_05752	CDS	93				hypothetical protein
BEAMACEP_05753	CDS	159				hypothetical protein
BEAMACEP_05754	CDS	102				hypothetical protein
BEAMACEP_05755	CDS	93				hypothetical protein
BEAMACEP_05756	CDS	93				hypothetical protein
BEAMACEP_05757	CDS	111				hypothetical protein
BEAMACEP_05758	CDS	93				hypothetical protein
BEAMACEP_05759	CDS	135				hypothetical protein
BEAMACEP_05760	CDS	93				hypothetical protein
BEAMACEP_05761	CDS	93				hypothetical protein
BEAMACEP_05762	CDS	171				hypothetical protein
BEAMACEP_05763	CDS	93				hypothetical protein
BEAMACEP_05764	CDS	93				hypothetical protein
BEAMACEP_05765	CDS	129				hypothetical protein
BEAMACEP_05766	CDS	105				hypothetical protein
BEAMACEP_05767	CDS	99				hypothetical protein
BEAMACEP_05768	CDS	102				hypothetical protein
BEAMACEP_05769	CDS	102				hypothetical protein
BEAMACEP_05770	CDS	93				hypothetical protein
BEAMACEP_05771	CDS	117				hypothetical protein
BEAMACEP_05772	CDS	93				hypothetical protein
BEAMACEP_05773	CDS	90				hypothetical protein
BEAMACEP_05774	CDS	171				hypothetical protein
BEAMACEP_05775	CDS	105				hypothetical protein
BEAMACEP_05776	CDS	147				hypothetical protein
BEAMACEP_05777	CDS	93				hypothetical protein
BEAMACEP_05778	CDS	162				hypothetical protein
BEAMACEP_05779	CDS	102				hypothetical protein
BEAMACEP_05780	CDS	93				hypothetical protein
BEAMACEP_05781	CDS	135				hypothetical protein
BEAMACEP_05782	CDS	93				hypothetical protein
BEAMACEP_05783	CDS	93				hypothetical protein
BEAMACEP_05784	CDS	99				hypothetical protein
BEAMACEP_05785	CDS	93				hypothetical protein
BEAMACEP_05786	CDS	138				hypothetical protein
BEAMACEP_05787	CDS	96				hypothetical protein
BEAMACEP_05788	CDS	120				hypothetical protein
BEAMACEP_05789	CDS	135				hypothetical protein
BEAMACEP_05790	CDS	93				hypothetical protein
BEAMACEP_05791	CDS	93				hypothetical protein
BEAMACEP_05792	CDS	132				hypothetical protein
BEAMACEP_05793	CDS	93				hypothetical protein
BEAMACEP_05794	CDS	132				hypothetical protein
BEAMACEP_05795	CDS	114				hypothetical protein
BEAMACEP_05796	CDS	102				hypothetical protein
BEAMACEP_05797	CDS	105				hypothetical protein
BEAMACEP_05798	CDS	93				hypothetical protein
BEAMACEP_05799	CDS	120				hypothetical protein
BEAMACEP_05800	CDS	117				hypothetical protein
BEAMACEP_05801	CDS	93				hypothetical protein
BEAMACEP_05802	CDS	138				hypothetical protein
BEAMACEP_05803	CDS	96				hypothetical protein
BEAMACEP_05804	CDS	126				hypothetical protein
BEAMACEP_05805	CDS	93				hypothetical protein
BEAMACEP_05806	CDS	93				hypothetical protein
BEAMACEP_05807	CDS	120				hypothetical protein
BEAMACEP_05808	CDS	96				hypothetical protein
BEAMACEP_05809	CDS	102				hypothetical protein
BEAMACEP_05810	CDS	96				hypothetical protein
BEAMACEP_05811	CDS	102				hypothetical protein
BEAMACEP_05812	CDS	93				hypothetical protein
BEAMACEP_05813	CDS	117				hypothetical protein
BEAMACEP_05814	CDS	138				hypothetical protein
BEAMACEP_05815	CDS	96				hypothetical protein
BEAMACEP_05816	CDS	93				hypothetical protein
BEAMACEP_05817	CDS	129				hypothetical protein
BEAMACEP_05818	CDS	96				hypothetical protein
BEAMACEP_05819	CDS	138				hypothetical protein
BEAMACEP_05820	CDS	93				hypothetical protein
BEAMACEP_05821	CDS	93				hypothetical protein
BEAMACEP_05822	CDS	120				hypothetical protein
BEAMACEP_05823	CDS	123				hypothetical protein
BEAMACEP_05824	CDS	93				hypothetical protein
BEAMACEP_05825	CDS	93				hypothetical protein
BEAMACEP_05826	CDS	93				hypothetical protein
BEAMACEP_05827	CDS	93				hypothetical protein
BEAMACEP_05828	CDS	93				hypothetical protein
BEAMACEP_05829	CDS	96				hypothetical protein
BEAMACEP_05830	CDS	120				hypothetical protein
BEAMACEP_05831	CDS	93				hypothetical protein
BEAMACEP_05832	CDS	93				hypothetical protein
BEAMACEP_05833	CDS	93				hypothetical protein
BEAMACEP_05834	CDS	120				hypothetical protein
BEAMACEP_05835	CDS	96				hypothetical protein
BEAMACEP_05836	CDS	138				hypothetical protein
BEAMACEP_05837	CDS	129				hypothetical protein
BEAMACEP_05838	CDS	114				hypothetical protein
BEAMACEP_05839	CDS	138				hypothetical protein
BEAMACEP_05840	CDS	93				hypothetical protein
BEAMACEP_05841	CDS	117				hypothetical protein
BEAMACEP_05842	CDS	93				hypothetical protein
BEAMACEP_05843	CDS	147				hypothetical protein
BEAMACEP_05844	CDS	93				hypothetical protein
BEAMACEP_05845	CDS	102				hypothetical protein
BEAMACEP_05846	CDS	147				hypothetical protein
BEAMACEP_05847	CDS	96				hypothetical protein
BEAMACEP_05848	CDS	174				hypothetical protein
BEAMACEP_05849	CDS	93				hypothetical protein
BEAMACEP_05850	CDS	102				hypothetical protein
BEAMACEP_05851	CDS	93				hypothetical protein
BEAMACEP_05852	CDS	117				hypothetical protein
BEAMACEP_05853	CDS	126				hypothetical protein
BEAMACEP_05854	CDS	123				hypothetical protein
BEAMACEP_05855	CDS	117				hypothetical protein
BEAMACEP_05856	CDS	123				hypothetical protein
BEAMACEP_05857	CDS	93				hypothetical protein
BEAMACEP_05858	CDS	105				hypothetical protein
BEAMACEP_05859	CDS	123				hypothetical protein
BEAMACEP_05860	CDS	93				hypothetical protein
BEAMACEP_05861	CDS	132				hypothetical protein
BEAMACEP_05862	CDS	132				hypothetical protein
BEAMACEP_05863	CDS	93				hypothetical protein
BEAMACEP_05864	CDS	93				hypothetical protein
BEAMACEP_05865	CDS	105				hypothetical protein
BEAMACEP_05866	CDS	138				hypothetical protein
BEAMACEP_05867	CDS	153				hypothetical protein
BEAMACEP_05868	CDS	96				hypothetical protein
BEAMACEP_05869	CDS	93				hypothetical protein
BEAMACEP_05870	CDS	180				hypothetical protein
BEAMACEP_05871	CDS	138				hypothetical protein
BEAMACEP_05872	CDS	108				hypothetical protein
BEAMACEP_05873	CDS	102				hypothetical protein
BEAMACEP_05874	CDS	93				hypothetical protein
BEAMACEP_05875	CDS	117				hypothetical protein
BEAMACEP_05876	CDS	138				hypothetical protein
BEAMACEP_05877	CDS	93				hypothetical protein
BEAMACEP_05878	CDS	117				hypothetical protein
BEAMACEP_05879	CDS	135				hypothetical protein
BEAMACEP_05880	CDS	93				hypothetical protein
BEAMACEP_05881	CDS	138				hypothetical protein
BEAMACEP_05882	CDS	135				hypothetical protein
BEAMACEP_05883	CDS	93				hypothetical protein
BEAMACEP_05884	CDS	93				hypothetical protein
BEAMACEP_05885	CDS	93				hypothetical protein
BEAMACEP_05886	CDS	117				hypothetical protein
BEAMACEP_05887	CDS	93				hypothetical protein
BEAMACEP_05888	CDS	135				hypothetical protein
BEAMACEP_05889	CDS	138				hypothetical protein
BEAMACEP_05890	CDS	102				hypothetical protein
BEAMACEP_05891	CDS	111				hypothetical protein
BEAMACEP_05892	CDS	96				hypothetical protein
BEAMACEP_05893	CDS	117				hypothetical protein
BEAMACEP_05894	CDS	180				hypothetical protein
BEAMACEP_05895	CDS	93				hypothetical protein
BEAMACEP_05896	CDS	132				hypothetical protein
BEAMACEP_05897	CDS	99				hypothetical protein
BEAMACEP_05898	CDS	93				hypothetical protein
BEAMACEP_05899	CDS	93				hypothetical protein
BEAMACEP_05900	CDS	201				hypothetical protein
BEAMACEP_05901	CDS	93				hypothetical protein
BEAMACEP_05902	CDS	117				hypothetical protein
BEAMACEP_05903	CDS	117				hypothetical protein
BEAMACEP_05904	CDS	93				hypothetical protein
BEAMACEP_05905	CDS	117				hypothetical protein
BEAMACEP_05906	CDS	132				hypothetical protein
BEAMACEP_05907	CDS	93				hypothetical protein
BEAMACEP_05908	CDS	132				hypothetical protein
BEAMACEP_05909	CDS	117				hypothetical protein
BEAMACEP_05910	CDS	135				hypothetical protein
BEAMACEP_05911	CDS	93				hypothetical protein
BEAMACEP_05912	CDS	132				hypothetical protein
BEAMACEP_05913	CDS	138				hypothetical protein
BEAMACEP_05914	CDS	93				hypothetical protein
BEAMACEP_05915	CDS	138				hypothetical protein
BEAMACEP_05916	CDS	93				hypothetical protein
BEAMACEP_05917	CDS	93				hypothetical protein
BEAMACEP_05918	CDS	96				hypothetical protein
BEAMACEP_05919	CDS	93				hypothetical protein
BEAMACEP_05920	CDS	105				hypothetical protein
BEAMACEP_05921	CDS	120				hypothetical protein
BEAMACEP_05922	CDS	108				hypothetical protein
BEAMACEP_05923	CDS	93				hypothetical protein
BEAMACEP_05924	CDS	117				hypothetical protein
BEAMACEP_05925	CDS	120				hypothetical protein
BEAMACEP_05926	CDS	120				hypothetical protein
BEAMACEP_05927	CDS	114				hypothetical protein
BEAMACEP_05928	CDS	93				hypothetical protein
BEAMACEP_05929	CDS	93				hypothetical protein
BEAMACEP_05930	CDS	93				hypothetical protein
BEAMACEP_05931	CDS	93				hypothetical protein
BEAMACEP_05932	CDS	93				hypothetical protein
BEAMACEP_05933	CDS	99				hypothetical protein
BEAMACEP_05934	CDS	99				hypothetical protein
BEAMACEP_05935	CDS	93				hypothetical protein
BEAMACEP_05936	CDS	120				hypothetical protein
BEAMACEP_05937	CDS	117				hypothetical protein
BEAMACEP_05938	CDS	138				hypothetical protein
BEAMACEP_05939	CDS	159				hypothetical protein
BEAMACEP_05940	CDS	114				hypothetical protein
BEAMACEP_05941	CDS	93				hypothetical protein
BEAMACEP_05942	CDS	96				hypothetical protein
BEAMACEP_05943	CDS	123				hypothetical protein
BEAMACEP_05944	CDS	93				hypothetical protein
BEAMACEP_05945	CDS	93				hypothetical protein
BEAMACEP_05946	CDS	93				hypothetical protein
BEAMACEP_05947	CDS	93				hypothetical protein
BEAMACEP_05948	CDS	123				hypothetical protein
BEAMACEP_05949	CDS	96				hypothetical protein
BEAMACEP_05950	CDS	93				hypothetical protein
BEAMACEP_05951	CDS	105				hypothetical protein
BEAMACEP_05952	CDS	93				hypothetical protein
BEAMACEP_05953	CDS	117				hypothetical protein
BEAMACEP_05954	CDS	93				hypothetical protein
BEAMACEP_05955	CDS	93				hypothetical protein
BEAMACEP_05956	CDS	96				hypothetical protein
BEAMACEP_05957	CDS	189				hypothetical protein
BEAMACEP_05958	CDS	126				hypothetical protein
BEAMACEP_05959	CDS	90				hypothetical protein
BEAMACEP_05960	CDS	132				hypothetical protein
BEAMACEP_05961	CDS	117				hypothetical protein
BEAMACEP_05962	CDS	93				hypothetical protein
BEAMACEP_05963	CDS	90				hypothetical protein
BEAMACEP_05964	CDS	132				hypothetical protein
BEAMACEP_05965	CDS	93				hypothetical protein
BEAMACEP_05966	CDS	159				hypothetical protein
BEAMACEP_05967	CDS	117				hypothetical protein
BEAMACEP_05968	CDS	93				hypothetical protein
BEAMACEP_05969	CDS	93				hypothetical protein
BEAMACEP_05970	CDS	96				hypothetical protein
BEAMACEP_05971	CDS	93				hypothetical protein
BEAMACEP_05972	CDS	135				hypothetical protein
BEAMACEP_05973	CDS	129				hypothetical protein
BEAMACEP_05974	CDS	138				hypothetical protein
BEAMACEP_05975	CDS	135				hypothetical protein
BEAMACEP_05976	CDS	117				hypothetical protein
BEAMACEP_05977	CDS	96				hypothetical protein
BEAMACEP_05978	CDS	120				hypothetical protein
BEAMACEP_05979	CDS	105				hypothetical protein
BEAMACEP_05980	CDS	147				hypothetical protein
BEAMACEP_05981	CDS	93				hypothetical protein
BEAMACEP_05982	CDS	102				hypothetical protein
BEAMACEP_05983	CDS	93				hypothetical protein
BEAMACEP_05984	CDS	120				hypothetical protein
BEAMACEP_05985	CDS	93				hypothetical protein
BEAMACEP_05986	CDS	159				hypothetical protein
BEAMACEP_05987	CDS	93				hypothetical protein
BEAMACEP_05988	CDS	99				hypothetical protein
BEAMACEP_05989	CDS	123				hypothetical protein
BEAMACEP_05990	CDS	138				hypothetical protein
BEAMACEP_05991	CDS	126				hypothetical protein
BEAMACEP_05992	CDS	96				hypothetical protein
BEAMACEP_05993	CDS	126				hypothetical protein
BEAMACEP_05994	CDS	93				hypothetical protein
BEAMACEP_05995	CDS	93				hypothetical protein
BEAMACEP_05996	CDS	93				hypothetical protein
BEAMACEP_05997	CDS	120				hypothetical protein
BEAMACEP_05998	CDS	99				hypothetical protein
BEAMACEP_05999	CDS	93				hypothetical protein
BEAMACEP_06000	CDS	132				hypothetical protein
BEAMACEP_06001	CDS	102				hypothetical protein
BEAMACEP_06002	CDS	93				hypothetical protein
BEAMACEP_06003	CDS	93				hypothetical protein
BEAMACEP_06004	CDS	93				hypothetical protein
BEAMACEP_06005	CDS	120				hypothetical protein
BEAMACEP_06006	CDS	117				hypothetical protein
BEAMACEP_06007	CDS	120				hypothetical protein
BEAMACEP_06008	CDS	93				hypothetical protein
BEAMACEP_06009	CDS	93				hypothetical protein
BEAMACEP_06010	CDS	135				hypothetical protein
BEAMACEP_06011	CDS	114				hypothetical protein
BEAMACEP_06012	CDS	93				hypothetical protein
BEAMACEP_06013	CDS	96				hypothetical protein
BEAMACEP_06014	CDS	129				hypothetical protein
BEAMACEP_06015	CDS	138				hypothetical protein
BEAMACEP_06016	CDS	93				hypothetical protein
BEAMACEP_06017	CDS	117				hypothetical protein
BEAMACEP_06018	CDS	93				hypothetical protein
BEAMACEP_06019	CDS	102				hypothetical protein
BEAMACEP_06020	CDS	93				hypothetical protein
BEAMACEP_06021	CDS	138				hypothetical protein
BEAMACEP_06022	CDS	120				hypothetical protein
BEAMACEP_06023	CDS	114				hypothetical protein
BEAMACEP_06024	CDS	138				hypothetical protein
BEAMACEP_06025	CDS	93				hypothetical protein
BEAMACEP_06026	CDS	93				hypothetical protein
BEAMACEP_06027	CDS	192				hypothetical protein
BEAMACEP_06028	CDS	90				hypothetical protein
BEAMACEP_06029	CDS	120				hypothetical protein
BEAMACEP_06030	CDS	102				hypothetical protein
BEAMACEP_06031	CDS	96				hypothetical protein
BEAMACEP_06032	CDS	132				hypothetical protein
BEAMACEP_06033	CDS	117				hypothetical protein
BEAMACEP_06034	CDS	96				hypothetical protein
BEAMACEP_06035	CDS	93				hypothetical protein
BEAMACEP_06036	CDS	96				hypothetical protein
BEAMACEP_06037	CDS	120				hypothetical protein
BEAMACEP_06038	CDS	138				hypothetical protein
BEAMACEP_06039	CDS	93				hypothetical protein
BEAMACEP_06040	CDS	111				hypothetical protein
BEAMACEP_06041	CDS	96				hypothetical protein
BEAMACEP_06042	CDS	138				hypothetical protein
BEAMACEP_06043	CDS	120				hypothetical protein
BEAMACEP_06044	CDS	96				hypothetical protein
BEAMACEP_06045	CDS	117				hypothetical protein
BEAMACEP_06046	CDS	96				hypothetical protein
BEAMACEP_06047	CDS	129				hypothetical protein
BEAMACEP_06048	CDS	93				hypothetical protein
BEAMACEP_06049	CDS	90				hypothetical protein
BEAMACEP_06050	CDS	138				hypothetical protein
BEAMACEP_06051	CDS	117				hypothetical protein
BEAMACEP_06052	CDS	96				hypothetical protein
BEAMACEP_06053	CDS	93				hypothetical protein
BEAMACEP_06054	CDS	138				hypothetical protein
BEAMACEP_06055	CDS	93				hypothetical protein
BEAMACEP_06056	CDS	93				hypothetical protein
BEAMACEP_06057	CDS	93				hypothetical protein
BEAMACEP_06058	CDS	138				hypothetical protein
BEAMACEP_06059	CDS	93				hypothetical protein
BEAMACEP_06060	CDS	105				hypothetical protein
BEAMACEP_06061	CDS	93				hypothetical protein
BEAMACEP_06062	CDS	186				hypothetical protein
BEAMACEP_06063	CDS	93				hypothetical protein
BEAMACEP_06064	CDS	93				hypothetical protein
BEAMACEP_06065	CDS	99				hypothetical protein
BEAMACEP_06066	CDS	93				hypothetical protein
BEAMACEP_06067	CDS	96				hypothetical protein
BEAMACEP_06068	CDS	96				hypothetical protein
BEAMACEP_06069	CDS	114				hypothetical protein
BEAMACEP_06070	CDS	93				hypothetical protein
BEAMACEP_06071	CDS	93				hypothetical protein
BEAMACEP_06072	CDS	138				hypothetical protein
BEAMACEP_06073	CDS	93				hypothetical protein
BEAMACEP_06074	CDS	123				hypothetical protein
BEAMACEP_06075	CDS	120				hypothetical protein
BEAMACEP_06076	CDS	93				hypothetical protein
BEAMACEP_06077	CDS	93				hypothetical protein
BEAMACEP_06078	CDS	93				hypothetical protein
BEAMACEP_06079	CDS	93				hypothetical protein
BEAMACEP_06080	CDS	93				hypothetical protein
BEAMACEP_06081	CDS	117				hypothetical protein
BEAMACEP_06082	CDS	93				hypothetical protein
BEAMACEP_06083	CDS	93				hypothetical protein
BEAMACEP_06084	CDS	102				hypothetical protein
BEAMACEP_06085	CDS	180				hypothetical protein
BEAMACEP_06086	CDS	96				hypothetical protein
BEAMACEP_06087	CDS	93				hypothetical protein
BEAMACEP_06088	CDS	93				hypothetical protein
BEAMACEP_06089	CDS	96				hypothetical protein
BEAMACEP_06090	CDS	93				hypothetical protein
BEAMACEP_06091	CDS	114				hypothetical protein
BEAMACEP_06092	CDS	192				hypothetical protein
BEAMACEP_06093	CDS	93				hypothetical protein
BEAMACEP_06094	CDS	93				hypothetical protein
BEAMACEP_06095	CDS	93				hypothetical protein
BEAMACEP_06096	CDS	171				hypothetical protein
BEAMACEP_06097	CDS	93				hypothetical protein
BEAMACEP_06098	CDS	93				hypothetical protein
BEAMACEP_06099	CDS	117				hypothetical protein
BEAMACEP_06100	CDS	93				hypothetical protein
BEAMACEP_06101	CDS	117				hypothetical protein
BEAMACEP_06102	CDS	96				hypothetical protein
BEAMACEP_06103	CDS	96				hypothetical protein
BEAMACEP_06104	CDS	132				hypothetical protein
BEAMACEP_06105	CDS	126				hypothetical protein
BEAMACEP_06106	CDS	93				hypothetical protein
BEAMACEP_06107	CDS	117				hypothetical protein
BEAMACEP_06108	CDS	198				hypothetical protein
BEAMACEP_06109	CDS	93				hypothetical protein
BEAMACEP_06110	CDS	132				hypothetical protein
BEAMACEP_06111	CDS	99				hypothetical protein
BEAMACEP_06112	CDS	93				hypothetical protein
BEAMACEP_06113	CDS	126				hypothetical protein
BEAMACEP_06114	CDS	93				hypothetical protein
BEAMACEP_06115	CDS	93				hypothetical protein
BEAMACEP_06116	CDS	93				hypothetical protein
BEAMACEP_06117	CDS	117				hypothetical protein
BEAMACEP_06118	CDS	138				hypothetical protein
BEAMACEP_06119	CDS	99				hypothetical protein
BEAMACEP_06120	CDS	117				hypothetical protein
BEAMACEP_06121	CDS	108				hypothetical protein
BEAMACEP_06122	CDS	105				hypothetical protein
BEAMACEP_06123	CDS	93				hypothetical protein
BEAMACEP_06124	CDS	132				hypothetical protein
BEAMACEP_06125	CDS	93				hypothetical protein
BEAMACEP_06126	CDS	96				hypothetical protein
BEAMACEP_06127	CDS	135				hypothetical protein
BEAMACEP_06128	CDS	93				hypothetical protein
BEAMACEP_06129	CDS	93				hypothetical protein
BEAMACEP_06130	CDS	93				hypothetical protein
BEAMACEP_06131	CDS	123				hypothetical protein
BEAMACEP_06132	CDS	93				hypothetical protein
BEAMACEP_06133	CDS	99				hypothetical protein
BEAMACEP_06134	CDS	102				hypothetical protein
BEAMACEP_06135	CDS	93				hypothetical protein
BEAMACEP_06136	CDS	90				hypothetical protein
BEAMACEP_06137	CDS	159				hypothetical protein
BEAMACEP_06138	CDS	93				hypothetical protein
BEAMACEP_06139	CDS	93				hypothetical protein
BEAMACEP_06140	CDS	120				hypothetical protein
BEAMACEP_06141	CDS	105				hypothetical protein
BEAMACEP_06142	CDS	126				hypothetical protein
BEAMACEP_06143	CDS	129				hypothetical protein
BEAMACEP_06144	CDS	126				hypothetical protein
BEAMACEP_06145	CDS	114				hypothetical protein
BEAMACEP_06146	CDS	138				hypothetical protein
BEAMACEP_06147	CDS	120				hypothetical protein
BEAMACEP_06148	CDS	93				hypothetical protein
BEAMACEP_06149	CDS	138				hypothetical protein
BEAMACEP_06150	CDS	99				hypothetical protein
BEAMACEP_06151	CDS	114				hypothetical protein
BEAMACEP_06152	CDS	120				hypothetical protein
BEAMACEP_06153	CDS	93				hypothetical protein
BEAMACEP_06154	CDS	93				hypothetical protein
BEAMACEP_06155	CDS	123				hypothetical protein
BEAMACEP_06156	CDS	111				hypothetical protein
BEAMACEP_06157	CDS	165				hypothetical protein
BEAMACEP_06158	CDS	117				hypothetical protein
BEAMACEP_06159	CDS	93				hypothetical protein
BEAMACEP_06160	CDS	93				hypothetical protein
BEAMACEP_06161	CDS	114				hypothetical protein
BEAMACEP_06162	CDS	120				hypothetical protein
BEAMACEP_06163	CDS	114				hypothetical protein
BEAMACEP_06164	CDS	105				hypothetical protein
BEAMACEP_06165	CDS	93				hypothetical protein
BEAMACEP_06166	CDS	93				hypothetical protein
BEAMACEP_06167	CDS	138				hypothetical protein
BEAMACEP_06168	CDS	93				hypothetical protein
BEAMACEP_06169	CDS	93				hypothetical protein
BEAMACEP_06170	CDS	138				hypothetical protein
BEAMACEP_06171	CDS	126				hypothetical protein
BEAMACEP_06172	CDS	120				hypothetical protein
BEAMACEP_06173	CDS	180				hypothetical protein
BEAMACEP_06174	CDS	93				hypothetical protein
BEAMACEP_06175	CDS	156				hypothetical protein
BEAMACEP_06176	CDS	93				hypothetical protein
BEAMACEP_06177	CDS	96				hypothetical protein
BEAMACEP_06178	CDS	96				hypothetical protein
BEAMACEP_06179	CDS	96				hypothetical protein
BEAMACEP_06180	CDS	132				hypothetical protein
BEAMACEP_06181	CDS	120				hypothetical protein
BEAMACEP_06182	CDS	126				hypothetical protein
BEAMACEP_06183	CDS	138				hypothetical protein
BEAMACEP_06184	CDS	93				hypothetical protein
BEAMACEP_06185	CDS	93				hypothetical protein
BEAMACEP_06186	CDS	93				hypothetical protein
BEAMACEP_06187	CDS	93				hypothetical protein
BEAMACEP_06188	CDS	93				hypothetical protein
BEAMACEP_06189	CDS	93				hypothetical protein
BEAMACEP_06190	CDS	147				hypothetical protein
BEAMACEP_06191	CDS	93				hypothetical protein
BEAMACEP_06192	CDS	120				hypothetical protein
BEAMACEP_06193	CDS	171				hypothetical protein
BEAMACEP_06194	CDS	93				hypothetical protein
BEAMACEP_06195	CDS	93				hypothetical protein
BEAMACEP_06196	CDS	93				hypothetical protein
BEAMACEP_06197	CDS	171				hypothetical protein
BEAMACEP_06198	CDS	93				hypothetical protein
BEAMACEP_06199	CDS	93				hypothetical protein
BEAMACEP_06200	CDS	120				hypothetical protein
BEAMACEP_06201	CDS	102				hypothetical protein
BEAMACEP_06202	CDS	138				hypothetical protein
BEAMACEP_06203	CDS	93				hypothetical protein
BEAMACEP_06204	CDS	117				hypothetical protein
BEAMACEP_06205	CDS	93				hypothetical protein
BEAMACEP_06206	CDS	144				hypothetical protein
BEAMACEP_06207	CDS	120				hypothetical protein
BEAMACEP_06208	CDS	138				hypothetical protein
BEAMACEP_06209	CDS	93				hypothetical protein
BEAMACEP_06210	CDS	120				hypothetical protein
BEAMACEP_06211	CDS	138				hypothetical protein
BEAMACEP_06212	CDS	93				hypothetical protein
BEAMACEP_06213	CDS	147				hypothetical protein
BEAMACEP_06214	CDS	93				hypothetical protein
BEAMACEP_06215	CDS	117				hypothetical protein
BEAMACEP_06216	CDS	117				hypothetical protein
BEAMACEP_06217	CDS	138				hypothetical protein
BEAMACEP_06218	CDS	93				hypothetical protein
BEAMACEP_06219	CDS	93				hypothetical protein
BEAMACEP_06220	CDS	138				hypothetical protein
BEAMACEP_06221	CDS	93				hypothetical protein
BEAMACEP_06222	CDS	96				hypothetical protein
BEAMACEP_06223	CDS	93				hypothetical protein
BEAMACEP_06224	CDS	96				hypothetical protein
BEAMACEP_06225	CDS	99				hypothetical protein
BEAMACEP_06226	CDS	93				hypothetical protein
BEAMACEP_06227	CDS	165				hypothetical protein
BEAMACEP_06228	CDS	93				hypothetical protein
BEAMACEP_06229	CDS	93				hypothetical protein
BEAMACEP_06230	CDS	93				hypothetical protein
BEAMACEP_06231	CDS	117				hypothetical protein
BEAMACEP_06232	CDS	120				hypothetical protein
BEAMACEP_06233	CDS	93				hypothetical protein
BEAMACEP_06234	CDS	96				hypothetical protein
BEAMACEP_06235	CDS	93				hypothetical protein
BEAMACEP_06236	CDS	96				hypothetical protein
BEAMACEP_06237	CDS	108				hypothetical protein
BEAMACEP_06238	CDS	102				hypothetical protein
BEAMACEP_06239	CDS	96				hypothetical protein
BEAMACEP_06240	CDS	174				hypothetical protein
BEAMACEP_06241	CDS	117				hypothetical protein
BEAMACEP_06242	CDS	132				hypothetical protein
BEAMACEP_06243	CDS	93				hypothetical protein
BEAMACEP_06244	CDS	147				hypothetical protein
BEAMACEP_06245	CDS	93				hypothetical protein
BEAMACEP_06246	CDS	132				hypothetical protein
BEAMACEP_06247	CDS	93				hypothetical protein
BEAMACEP_06248	CDS	93				hypothetical protein
BEAMACEP_06249	CDS	93				hypothetical protein
BEAMACEP_06250	CDS	93				hypothetical protein
BEAMACEP_06251	CDS	93				hypothetical protein
BEAMACEP_06252	CDS	93				hypothetical protein
BEAMACEP_06253	CDS	93				hypothetical protein
BEAMACEP_06254	CDS	123				hypothetical protein
BEAMACEP_06255	CDS	159				hypothetical protein
BEAMACEP_06256	CDS	96				hypothetical protein
BEAMACEP_06257	CDS	93				hypothetical protein
BEAMACEP_06258	CDS	120				hypothetical protein
BEAMACEP_06259	CDS	90				hypothetical protein
BEAMACEP_06260	CDS	93				hypothetical protein
BEAMACEP_06261	CDS	93				hypothetical protein
BEAMACEP_06262	CDS	129				hypothetical protein
BEAMACEP_06263	CDS	90				hypothetical protein
BEAMACEP_06264	CDS	114				hypothetical protein
BEAMACEP_06265	CDS	138				hypothetical protein
BEAMACEP_06266	CDS	138				hypothetical protein
BEAMACEP_06267	CDS	171				hypothetical protein
BEAMACEP_06268	CDS	135				hypothetical protein
BEAMACEP_06269	CDS	93				hypothetical protein
BEAMACEP_06270	CDS	93				hypothetical protein
BEAMACEP_06271	CDS	105				hypothetical protein
BEAMACEP_06272	CDS	99				hypothetical protein
BEAMACEP_06273	CDS	120				hypothetical protein
BEAMACEP_06274	CDS	93				hypothetical protein
BEAMACEP_06275	CDS	117				hypothetical protein
BEAMACEP_06276	CDS	108				hypothetical protein
BEAMACEP_06277	CDS	138				hypothetical protein
BEAMACEP_06278	CDS	117				hypothetical protein
BEAMACEP_06279	CDS	93				hypothetical protein
BEAMACEP_06280	CDS	138				hypothetical protein
BEAMACEP_06281	CDS	93				hypothetical protein
BEAMACEP_06282	CDS	138				hypothetical protein
BEAMACEP_06283	CDS	102				hypothetical protein
BEAMACEP_06284	CDS	93				hypothetical protein
BEAMACEP_06285	CDS	120				hypothetical protein
BEAMACEP_06286	CDS	93				hypothetical protein
BEAMACEP_06287	CDS	93				hypothetical protein
BEAMACEP_06288	CDS	93				hypothetical protein
BEAMACEP_06289	CDS	93				hypothetical protein
BEAMACEP_06290	CDS	96				hypothetical protein
BEAMACEP_06291	CDS	93				hypothetical protein
BEAMACEP_06292	CDS	93				hypothetical protein
BEAMACEP_06293	CDS	93				hypothetical protein
BEAMACEP_06294	CDS	120				hypothetical protein
BEAMACEP_06295	CDS	102				hypothetical protein
BEAMACEP_06296	CDS	126				hypothetical protein
BEAMACEP_06297	CDS	105				hypothetical protein
BEAMACEP_06298	CDS	192				hypothetical protein
BEAMACEP_06299	CDS	93				hypothetical protein
BEAMACEP_06300	CDS	93				hypothetical protein
BEAMACEP_06301	CDS	93				hypothetical protein
BEAMACEP_06302	CDS	93				hypothetical protein
BEAMACEP_06303	CDS	99				hypothetical protein
BEAMACEP_06304	CDS	96				hypothetical protein
BEAMACEP_06305	CDS	114				hypothetical protein
BEAMACEP_06306	CDS	171				hypothetical protein
BEAMACEP_06307	CDS	96				hypothetical protein
BEAMACEP_06308	CDS	93				hypothetical protein
BEAMACEP_06309	CDS	102				hypothetical protein
BEAMACEP_06310	CDS	96				hypothetical protein
BEAMACEP_06311	CDS	144				hypothetical protein
BEAMACEP_06312	CDS	120				hypothetical protein
BEAMACEP_06313	CDS	93				hypothetical protein
BEAMACEP_06314	CDS	93				hypothetical protein
BEAMACEP_06315	CDS	126				hypothetical protein
BEAMACEP_06316	CDS	135				hypothetical protein
BEAMACEP_06317	CDS	108				hypothetical protein
BEAMACEP_06318	CDS	93				hypothetical protein
BEAMACEP_06319	CDS	117				hypothetical protein
BEAMACEP_06320	CDS	111				hypothetical protein
BEAMACEP_06321	CDS	114				hypothetical protein
BEAMACEP_06322	CDS	96				hypothetical protein
BEAMACEP_06323	CDS	102				hypothetical protein
BEAMACEP_06324	CDS	135				hypothetical protein
BEAMACEP_06325	CDS	93				hypothetical protein
BEAMACEP_06326	CDS	93				hypothetical protein
BEAMACEP_06327	CDS	96				hypothetical protein
BEAMACEP_06328	CDS	132				hypothetical protein
BEAMACEP_06329	CDS	138				hypothetical protein
BEAMACEP_06330	CDS	111				hypothetical protein
BEAMACEP_06331	CDS	93				hypothetical protein
BEAMACEP_06332	CDS	117				hypothetical protein
BEAMACEP_06333	CDS	138				hypothetical protein
BEAMACEP_06334	CDS	93				hypothetical protein
BEAMACEP_06335	CDS	93				hypothetical protein
BEAMACEP_06336	CDS	93				hypothetical protein
BEAMACEP_06337	CDS	117				hypothetical protein
BEAMACEP_06338	CDS	102				hypothetical protein
BEAMACEP_06339	CDS	117				hypothetical protein
BEAMACEP_06340	CDS	138				hypothetical protein
BEAMACEP_06341	CDS	174				hypothetical protein
BEAMACEP_06342	CDS	102				hypothetical protein
BEAMACEP_06343	CDS	147				hypothetical protein
BEAMACEP_06344	CDS	93				hypothetical protein
BEAMACEP_06345	CDS	156				hypothetical protein
BEAMACEP_06346	CDS	93				hypothetical protein
BEAMACEP_06347	CDS	96				hypothetical protein
BEAMACEP_06348	CDS	96				hypothetical protein
BEAMACEP_06349	CDS	96				hypothetical protein
BEAMACEP_06350	CDS	117				hypothetical protein
BEAMACEP_06351	CDS	93				hypothetical protein
BEAMACEP_06352	CDS	201				hypothetical protein
BEAMACEP_06353	CDS	96				hypothetical protein
BEAMACEP_06354	CDS	114				hypothetical protein
BEAMACEP_06355	CDS	111				hypothetical protein
BEAMACEP_06356	CDS	117				hypothetical protein
BEAMACEP_06357	CDS	93				hypothetical protein
BEAMACEP_06358	CDS	93				hypothetical protein
BEAMACEP_06359	CDS	93				hypothetical protein
BEAMACEP_06360	CDS	120				hypothetical protein
BEAMACEP_06361	CDS	156				hypothetical protein
BEAMACEP_06362	CDS	93				hypothetical protein
BEAMACEP_06363	CDS	132				hypothetical protein
BEAMACEP_06364	CDS	93				hypothetical protein
BEAMACEP_06365	CDS	105				hypothetical protein
BEAMACEP_06366	CDS	93				hypothetical protein
BEAMACEP_06367	CDS	117				hypothetical protein
BEAMACEP_06368	CDS	93				hypothetical protein
BEAMACEP_06369	CDS	93				hypothetical protein
BEAMACEP_06370	CDS	93				hypothetical protein
BEAMACEP_06371	CDS	90				hypothetical protein
BEAMACEP_06372	CDS	120				hypothetical protein
BEAMACEP_06373	CDS	93				hypothetical protein
BEAMACEP_06374	CDS	90				hypothetical protein
BEAMACEP_06375	CDS	120				hypothetical protein
BEAMACEP_06376	CDS	117				hypothetical protein
BEAMACEP_06377	CDS	93				hypothetical protein
BEAMACEP_06378	CDS	138				hypothetical protein
BEAMACEP_06379	CDS	147				hypothetical protein
BEAMACEP_06380	CDS	126				hypothetical protein
BEAMACEP_06381	CDS	93				hypothetical protein
BEAMACEP_06382	CDS	90				hypothetical protein
BEAMACEP_06383	CDS	96				hypothetical protein
BEAMACEP_06384	CDS	93				hypothetical protein
BEAMACEP_06385	CDS	96				hypothetical protein
BEAMACEP_06386	CDS	138				hypothetical protein
BEAMACEP_06387	CDS	138				hypothetical protein
BEAMACEP_06388	CDS	93				hypothetical protein
BEAMACEP_06389	CDS	96				hypothetical protein
BEAMACEP_06390	CDS	129				hypothetical protein
BEAMACEP_06391	CDS	117				hypothetical protein
BEAMACEP_06392	CDS	174				hypothetical protein
BEAMACEP_06393	CDS	93				hypothetical protein
BEAMACEP_06394	CDS	93				hypothetical protein
BEAMACEP_06395	CDS	93				hypothetical protein
BEAMACEP_06396	CDS	138				hypothetical protein
BEAMACEP_06397	CDS	93				hypothetical protein
BEAMACEP_06398	CDS	135				hypothetical protein
BEAMACEP_06399	CDS	93				hypothetical protein
BEAMACEP_06400	CDS	138				hypothetical protein
BEAMACEP_06401	CDS	123				hypothetical protein
BEAMACEP_06402	CDS	93				hypothetical protein
BEAMACEP_06403	CDS	93				hypothetical protein
BEAMACEP_06404	CDS	93				hypothetical protein
BEAMACEP_06405	CDS	96				hypothetical protein
BEAMACEP_06406	CDS	93				hypothetical protein
BEAMACEP_06407	CDS	114				hypothetical protein
BEAMACEP_06408	CDS	135				hypothetical protein
BEAMACEP_06409	CDS	138				hypothetical protein
BEAMACEP_06410	CDS	138				hypothetical protein
BEAMACEP_06411	CDS	105				hypothetical protein
BEAMACEP_06412	CDS	141				hypothetical protein
BEAMACEP_06413	CDS	102				hypothetical protein
BEAMACEP_06414	CDS	120				hypothetical protein
BEAMACEP_06415	CDS	96				hypothetical protein
BEAMACEP_06416	CDS	93				hypothetical protein
BEAMACEP_06417	CDS	159				hypothetical protein
BEAMACEP_06418	CDS	105				hypothetical protein
BEAMACEP_06419	CDS	132				hypothetical protein
BEAMACEP_06420	CDS	195				hypothetical protein
BEAMACEP_06421	CDS	93				hypothetical protein
BEAMACEP_06422	CDS	147				hypothetical protein
BEAMACEP_06423	CDS	135				hypothetical protein
BEAMACEP_06424	CDS	93				hypothetical protein
BEAMACEP_06425	CDS	93				hypothetical protein
BEAMACEP_06426	CDS	129				hypothetical protein
BEAMACEP_06427	CDS	102				hypothetical protein
BEAMACEP_06428	CDS	93				hypothetical protein
BEAMACEP_06429	CDS	138				hypothetical protein
BEAMACEP_06430	CDS	117				hypothetical protein
BEAMACEP_06431	CDS	114				hypothetical protein
BEAMACEP_06432	CDS	156				hypothetical protein
BEAMACEP_06433	CDS	138				hypothetical protein
BEAMACEP_06434	CDS	129				hypothetical protein
BEAMACEP_06435	CDS	93				hypothetical protein
BEAMACEP_06436	CDS	93				hypothetical protein
BEAMACEP_06437	CDS	93				hypothetical protein
BEAMACEP_06438	CDS	93				hypothetical protein
BEAMACEP_06439	CDS	93				hypothetical protein
BEAMACEP_06440	CDS	93				hypothetical protein
BEAMACEP_06441	CDS	120				hypothetical protein
BEAMACEP_06442	CDS	96				hypothetical protein
BEAMACEP_06443	CDS	138				hypothetical protein
BEAMACEP_06444	CDS	111				hypothetical protein
BEAMACEP_06445	CDS	93				hypothetical protein
BEAMACEP_06446	CDS	120				hypothetical protein
BEAMACEP_06447	CDS	93				hypothetical protein
BEAMACEP_06448	CDS	93				hypothetical protein
BEAMACEP_06449	CDS	159				hypothetical protein
BEAMACEP_06450	CDS	99				hypothetical protein
BEAMACEP_06451	CDS	117				hypothetical protein
BEAMACEP_06452	CDS	96				hypothetical protein
BEAMACEP_06453	CDS	93				hypothetical protein
BEAMACEP_06454	CDS	93				hypothetical protein
BEAMACEP_06455	CDS	129				hypothetical protein
BEAMACEP_06456	CDS	93				hypothetical protein
BEAMACEP_06457	CDS	93				hypothetical protein
BEAMACEP_06458	CDS	126				hypothetical protein
BEAMACEP_06459	CDS	93				hypothetical protein
BEAMACEP_06460	CDS	129				hypothetical protein
BEAMACEP_06461	CDS	150				hypothetical protein
BEAMACEP_06462	CDS	93				hypothetical protein
BEAMACEP_06463	CDS	129				hypothetical protein
BEAMACEP_06464	CDS	138				hypothetical protein
BEAMACEP_06465	CDS	120				hypothetical protein
BEAMACEP_06466	CDS	96				hypothetical protein
BEAMACEP_06467	CDS	144				hypothetical protein
BEAMACEP_06468	CDS	93				hypothetical protein
BEAMACEP_06469	CDS	120				hypothetical protein
BEAMACEP_06470	CDS	102				hypothetical protein
BEAMACEP_06471	CDS	117				hypothetical protein
BEAMACEP_06472	CDS	93				hypothetical protein
BEAMACEP_06473	CDS	93				hypothetical protein
BEAMACEP_06474	CDS	93				hypothetical protein
BEAMACEP_06475	CDS	93				hypothetical protein
BEAMACEP_06476	CDS	114				hypothetical protein
BEAMACEP_06477	CDS	93				hypothetical protein
BEAMACEP_06478	CDS	159				hypothetical protein
BEAMACEP_06479	CDS	126				hypothetical protein
BEAMACEP_06480	CDS	96				hypothetical protein
BEAMACEP_06481	CDS	102				hypothetical protein
BEAMACEP_06482	CDS	93				hypothetical protein
BEAMACEP_06483	CDS	147				hypothetical protein
BEAMACEP_06484	CDS	93				hypothetical protein
BEAMACEP_06485	CDS	93				hypothetical protein
BEAMACEP_06486	CDS	129				hypothetical protein
BEAMACEP_06487	CDS	93				hypothetical protein
BEAMACEP_06488	CDS	93				hypothetical protein
BEAMACEP_06489	CDS	96				hypothetical protein
BEAMACEP_06490	CDS	138				hypothetical protein
BEAMACEP_06491	CDS	180				hypothetical protein
BEAMACEP_06492	CDS	93				hypothetical protein
BEAMACEP_06493	CDS	93				hypothetical protein
BEAMACEP_06494	CDS	93				hypothetical protein
BEAMACEP_06495	CDS	114				hypothetical protein
BEAMACEP_06496	CDS	96				hypothetical protein
BEAMACEP_06497	CDS	96				hypothetical protein
BEAMACEP_06498	CDS	93				hypothetical protein
BEAMACEP_06499	CDS	138				hypothetical protein
BEAMACEP_06500	CDS	93				hypothetical protein
BEAMACEP_06501	CDS	120				hypothetical protein
BEAMACEP_06502	CDS	138				hypothetical protein
BEAMACEP_06503	CDS	93				hypothetical protein
BEAMACEP_06504	CDS	138				hypothetical protein
BEAMACEP_06505	CDS	102				hypothetical protein
BEAMACEP_06506	CDS	117				hypothetical protein
BEAMACEP_06507	CDS	129				hypothetical protein
BEAMACEP_06508	CDS	102				hypothetical protein
BEAMACEP_06509	CDS	132				hypothetical protein
BEAMACEP_06510	CDS	93				hypothetical protein
BEAMACEP_06511	CDS	93				hypothetical protein
BEAMACEP_06512	CDS	123				hypothetical protein
BEAMACEP_06513	CDS	156				hypothetical protein
BEAMACEP_06514	CDS	96				hypothetical protein
BEAMACEP_06515	CDS	93				hypothetical protein
BEAMACEP_06516	CDS	105				hypothetical protein
BEAMACEP_06517	CDS	138				hypothetical protein
BEAMACEP_06518	CDS	96				hypothetical protein
BEAMACEP_06519	CDS	147				hypothetical protein
BEAMACEP_06520	CDS	102				hypothetical protein
BEAMACEP_06521	CDS	93				hypothetical protein
BEAMACEP_06522	CDS	96				hypothetical protein
BEAMACEP_06523	CDS	129				hypothetical protein
BEAMACEP_06524	CDS	132				hypothetical protein
BEAMACEP_06525	CDS	93				hypothetical protein
BEAMACEP_06526	CDS	93				hypothetical protein
BEAMACEP_06527	CDS	93				hypothetical protein
BEAMACEP_06528	CDS	117				hypothetical protein
BEAMACEP_06529	CDS	120				hypothetical protein
BEAMACEP_06530	CDS	138				hypothetical protein
BEAMACEP_06531	CDS	96				hypothetical protein
BEAMACEP_06532	CDS	117				hypothetical protein
BEAMACEP_06533	CDS	93				hypothetical protein
BEAMACEP_06534	CDS	120				hypothetical protein
BEAMACEP_06535	CDS	96				hypothetical protein
BEAMACEP_06536	CDS	114				hypothetical protein
BEAMACEP_06537	CDS	90				hypothetical protein
BEAMACEP_06538	CDS	123				hypothetical protein
BEAMACEP_06539	CDS	96				hypothetical protein
BEAMACEP_06540	CDS	93				hypothetical protein
BEAMACEP_06541	CDS	99				hypothetical protein
BEAMACEP_06542	CDS	96				hypothetical protein
BEAMACEP_06543	CDS	135				hypothetical protein
BEAMACEP_06544	CDS	132				hypothetical protein
BEAMACEP_06545	CDS	93				hypothetical protein
BEAMACEP_06546	CDS	129				hypothetical protein
BEAMACEP_06547	CDS	117				hypothetical protein
BEAMACEP_06548	CDS	165				hypothetical protein
BEAMACEP_06549	CDS	93				hypothetical protein
BEAMACEP_06550	CDS	96				hypothetical protein
BEAMACEP_06551	CDS	93				hypothetical protein
BEAMACEP_06552	CDS	117				hypothetical protein
BEAMACEP_06553	CDS	138				hypothetical protein
BEAMACEP_06554	CDS	102				hypothetical protein
BEAMACEP_06555	CDS	93				hypothetical protein
BEAMACEP_06556	CDS	135				hypothetical protein
BEAMACEP_06557	CDS	96				hypothetical protein
BEAMACEP_06558	CDS	99				hypothetical protein
BEAMACEP_06559	CDS	93				hypothetical protein
BEAMACEP_06560	CDS	105				hypothetical protein
BEAMACEP_06561	CDS	93				hypothetical protein
BEAMACEP_06562	CDS	117				hypothetical protein
BEAMACEP_06563	CDS	138				hypothetical protein
BEAMACEP_06564	CDS	120				hypothetical protein
BEAMACEP_06565	CDS	147				hypothetical protein
BEAMACEP_06566	CDS	120				hypothetical protein
BEAMACEP_06567	CDS	204				hypothetical protein
BEAMACEP_06568	CDS	99				hypothetical protein
BEAMACEP_06569	CDS	93				hypothetical protein
BEAMACEP_06570	CDS	93				hypothetical protein
BEAMACEP_06571	CDS	117				hypothetical protein
BEAMACEP_06572	CDS	93				hypothetical protein
BEAMACEP_06573	CDS	138				hypothetical protein
BEAMACEP_06574	CDS	102				hypothetical protein
BEAMACEP_06575	CDS	102				hypothetical protein
BEAMACEP_06576	CDS	105				hypothetical protein
BEAMACEP_06577	CDS	138				hypothetical protein
BEAMACEP_06578	CDS	171				hypothetical protein
BEAMACEP_06579	CDS	138				hypothetical protein
BEAMACEP_06580	CDS	138				hypothetical protein
BEAMACEP_06581	CDS	105				hypothetical protein
BEAMACEP_06582	CDS	120				hypothetical protein
BEAMACEP_06583	CDS	120				hypothetical protein
BEAMACEP_06584	CDS	102				hypothetical protein
BEAMACEP_06585	CDS	102				hypothetical protein
BEAMACEP_06586	CDS	132				hypothetical protein
BEAMACEP_06587	CDS	108				hypothetical protein
BEAMACEP_06588	CDS	99				hypothetical protein
BEAMACEP_06589	CDS	186				hypothetical protein
BEAMACEP_06590	CDS	93				hypothetical protein
BEAMACEP_06591	CDS	96				hypothetical protein
BEAMACEP_06592	CDS	93				hypothetical protein
BEAMACEP_06593	CDS	102				hypothetical protein
BEAMACEP_06594	CDS	132				hypothetical protein
BEAMACEP_06595	CDS	93				hypothetical protein
BEAMACEP_06596	CDS	93				hypothetical protein
BEAMACEP_06597	CDS	129				hypothetical protein
BEAMACEP_06598	CDS	93				hypothetical protein
BEAMACEP_06599	CDS	147				hypothetical protein
BEAMACEP_06600	CDS	129				hypothetical protein
BEAMACEP_06601	CDS	108				hypothetical protein
BEAMACEP_06602	CDS	141				hypothetical protein
BEAMACEP_06603	CDS	93				hypothetical protein
BEAMACEP_06604	CDS	117				hypothetical protein
BEAMACEP_06605	CDS	159				hypothetical protein
BEAMACEP_06606	CDS	114				hypothetical protein
BEAMACEP_06607	CDS	102				hypothetical protein
BEAMACEP_06608	CDS	93				hypothetical protein
BEAMACEP_06609	CDS	93				hypothetical protein
BEAMACEP_06610	CDS	105				hypothetical protein
BEAMACEP_06611	CDS	138				hypothetical protein
BEAMACEP_06612	CDS	138				hypothetical protein
BEAMACEP_06613	CDS	114				hypothetical protein
BEAMACEP_06614	CDS	96				hypothetical protein
BEAMACEP_06615	CDS	132				hypothetical protein
BEAMACEP_06616	CDS	117				hypothetical protein
BEAMACEP_06617	CDS	129				hypothetical protein
BEAMACEP_06618	CDS	120				hypothetical protein
BEAMACEP_06619	CDS	99				hypothetical protein
BEAMACEP_06620	CDS	132				hypothetical protein
BEAMACEP_06621	CDS	93				hypothetical protein
BEAMACEP_06622	CDS	93				hypothetical protein
BEAMACEP_06623	CDS	117				hypothetical protein
BEAMACEP_06624	CDS	105				hypothetical protein
BEAMACEP_06625	CDS	150				hypothetical protein
BEAMACEP_06626	CDS	120				hypothetical protein
BEAMACEP_06627	CDS	126				hypothetical protein
BEAMACEP_06628	CDS	129				hypothetical protein
BEAMACEP_06629	CDS	117				hypothetical protein
BEAMACEP_06630	CDS	105				hypothetical protein
BEAMACEP_06631	CDS	108				hypothetical protein
BEAMACEP_06632	CDS	93				hypothetical protein
BEAMACEP_06633	CDS	93				hypothetical protein
BEAMACEP_06634	CDS	93				hypothetical protein
BEAMACEP_06635	CDS	96				hypothetical protein
BEAMACEP_06636	CDS	96				hypothetical protein
BEAMACEP_06637	CDS	138				hypothetical protein
BEAMACEP_06638	CDS	102				hypothetical protein
BEAMACEP_06639	CDS	132				hypothetical protein
BEAMACEP_06640	CDS	138				hypothetical protein
BEAMACEP_06641	CDS	105				hypothetical protein
BEAMACEP_06642	CDS	90				hypothetical protein
BEAMACEP_06643	CDS	117				hypothetical protein
BEAMACEP_06644	CDS	93				hypothetical protein
BEAMACEP_06645	CDS	93				hypothetical protein
BEAMACEP_06646	CDS	93				hypothetical protein
BEAMACEP_06647	CDS	99				hypothetical protein
BEAMACEP_06648	CDS	93				hypothetical protein
BEAMACEP_06649	CDS	195				hypothetical protein
BEAMACEP_06650	CDS	114				hypothetical protein
BEAMACEP_06651	CDS	132				hypothetical protein
BEAMACEP_06652	CDS	93				hypothetical protein
BEAMACEP_06653	CDS	93				hypothetical protein
BEAMACEP_06654	CDS	93				hypothetical protein
BEAMACEP_06655	CDS	99				hypothetical protein
BEAMACEP_06656	CDS	93				hypothetical protein
BEAMACEP_06657	CDS	129				hypothetical protein
BEAMACEP_06658	CDS	129				hypothetical protein
BEAMACEP_06659	CDS	96				hypothetical protein
BEAMACEP_06660	CDS	117				hypothetical protein
BEAMACEP_06661	CDS	126				hypothetical protein
BEAMACEP_06662	CDS	93				hypothetical protein
BEAMACEP_06663	CDS	93				hypothetical protein
BEAMACEP_06664	CDS	99				hypothetical protein
BEAMACEP_06665	CDS	93				hypothetical protein
BEAMACEP_06666	CDS	171				hypothetical protein
BEAMACEP_06667	CDS	93				hypothetical protein
BEAMACEP_06668	CDS	123				hypothetical protein
BEAMACEP_06669	CDS	165				hypothetical protein
BEAMACEP_06670	CDS	96				hypothetical protein
BEAMACEP_06671	CDS	138				hypothetical protein
BEAMACEP_06672	CDS	108				hypothetical protein
BEAMACEP_06673	CDS	126				hypothetical protein
BEAMACEP_06674	CDS	93				hypothetical protein
BEAMACEP_06675	CDS	93				hypothetical protein
BEAMACEP_06676	CDS	117				hypothetical protein
BEAMACEP_06677	CDS	138				hypothetical protein
BEAMACEP_06678	CDS	102				hypothetical protein
BEAMACEP_06679	CDS	93				hypothetical protein
BEAMACEP_06680	CDS	105				hypothetical protein
BEAMACEP_06681	CDS	138				hypothetical protein
BEAMACEP_06682	CDS	159				hypothetical protein
BEAMACEP_06683	CDS	117				hypothetical protein
BEAMACEP_06684	CDS	99				hypothetical protein
BEAMACEP_06685	CDS	117				hypothetical protein
BEAMACEP_06686	CDS	99				hypothetical protein
BEAMACEP_06687	CDS	93				hypothetical protein
BEAMACEP_06688	CDS	132				hypothetical protein
BEAMACEP_06689	CDS	93				hypothetical protein
BEAMACEP_06690	CDS	93				hypothetical protein
BEAMACEP_06691	CDS	96				hypothetical protein
BEAMACEP_06692	CDS	93				hypothetical protein
BEAMACEP_06693	CDS	138				hypothetical protein
BEAMACEP_06694	CDS	138				hypothetical protein
BEAMACEP_06695	CDS	138				hypothetical protein
BEAMACEP_06696	CDS	120				hypothetical protein
BEAMACEP_06697	CDS	93				hypothetical protein
BEAMACEP_06698	CDS	222				hypothetical protein
BEAMACEP_06699	CDS	108				hypothetical protein
BEAMACEP_06700	CDS	93				hypothetical protein
BEAMACEP_06701	CDS	93				hypothetical protein
BEAMACEP_06702	CDS	138				hypothetical protein
BEAMACEP_06703	CDS	171				hypothetical protein
BEAMACEP_06704	CDS	93				hypothetical protein
BEAMACEP_06705	CDS	120				hypothetical protein
BEAMACEP_06706	CDS	93				hypothetical protein
BEAMACEP_06707	CDS	114				hypothetical protein
BEAMACEP_06708	CDS	93				hypothetical protein
BEAMACEP_06709	CDS	120				hypothetical protein
BEAMACEP_06710	CDS	120				hypothetical protein
BEAMACEP_06711	CDS	93				hypothetical protein
BEAMACEP_06712	CDS	117				hypothetical protein
BEAMACEP_06713	CDS	135				hypothetical protein
BEAMACEP_06714	CDS	147				hypothetical protein
BEAMACEP_06715	CDS	93				hypothetical protein
BEAMACEP_06716	CDS	117				hypothetical protein
BEAMACEP_06717	CDS	93				hypothetical protein
BEAMACEP_06718	CDS	93				hypothetical protein
BEAMACEP_06719	CDS	117				hypothetical protein
BEAMACEP_06720	CDS	93				hypothetical protein
BEAMACEP_06721	CDS	210				hypothetical protein
BEAMACEP_06722	CDS	138				hypothetical protein
BEAMACEP_06723	CDS	141				hypothetical protein
BEAMACEP_06724	CDS	96				hypothetical protein
BEAMACEP_06725	CDS	120				hypothetical protein
BEAMACEP_06726	CDS	93				hypothetical protein
BEAMACEP_06727	CDS	93				hypothetical protein
BEAMACEP_06728	CDS	126				hypothetical protein
BEAMACEP_06729	CDS	138				hypothetical protein
BEAMACEP_06730	CDS	117				hypothetical protein
BEAMACEP_06731	CDS	123				hypothetical protein
BEAMACEP_06732	CDS	117				hypothetical protein
BEAMACEP_06733	CDS	93				hypothetical protein
BEAMACEP_06734	CDS	114				hypothetical protein
BEAMACEP_06735	CDS	93				hypothetical protein
BEAMACEP_06736	CDS	120				hypothetical protein
BEAMACEP_06737	CDS	93				hypothetical protein
BEAMACEP_06738	CDS	96				hypothetical protein
BEAMACEP_06739	CDS	117				hypothetical protein
BEAMACEP_06740	CDS	120				hypothetical protein
BEAMACEP_06741	CDS	117				hypothetical protein
BEAMACEP_06742	CDS	93				hypothetical protein
BEAMACEP_06743	CDS	117				hypothetical protein
BEAMACEP_06744	CDS	114				hypothetical protein
BEAMACEP_06745	CDS	102				hypothetical protein
BEAMACEP_06746	CDS	138				hypothetical protein
BEAMACEP_06747	CDS	138				hypothetical protein
BEAMACEP_06748	CDS	93				hypothetical protein
BEAMACEP_06749	CDS	93				hypothetical protein
BEAMACEP_06750	CDS	138				hypothetical protein
BEAMACEP_06751	CDS	102				hypothetical protein
BEAMACEP_06752	CDS	96				hypothetical protein
BEAMACEP_06753	CDS	93				hypothetical protein
BEAMACEP_06754	CDS	102				hypothetical protein
BEAMACEP_06755	CDS	174				hypothetical protein
BEAMACEP_06756	CDS	105				hypothetical protein
BEAMACEP_06757	CDS	105				hypothetical protein
BEAMACEP_06758	CDS	117				hypothetical protein
BEAMACEP_06759	CDS	93				hypothetical protein
BEAMACEP_06760	CDS	138				hypothetical protein
BEAMACEP_06761	CDS	99				hypothetical protein
BEAMACEP_06762	CDS	138				hypothetical protein
BEAMACEP_06763	CDS	135				hypothetical protein
BEAMACEP_06764	CDS	108				hypothetical protein
BEAMACEP_06765	CDS	93				hypothetical protein
BEAMACEP_06766	CDS	93				hypothetical protein
BEAMACEP_06767	CDS	99				hypothetical protein
BEAMACEP_06768	CDS	93				hypothetical protein
BEAMACEP_06769	CDS	102				hypothetical protein
BEAMACEP_06770	CDS	93				hypothetical protein
BEAMACEP_06771	CDS	117				hypothetical protein
BEAMACEP_06772	CDS	117				hypothetical protein
BEAMACEP_06773	CDS	93				hypothetical protein
BEAMACEP_06774	CDS	93				hypothetical protein
BEAMACEP_06775	CDS	93				hypothetical protein
BEAMACEP_06776	CDS	126				hypothetical protein
BEAMACEP_06777	CDS	120				hypothetical protein
BEAMACEP_06778	CDS	102				hypothetical protein
BEAMACEP_06779	CDS	126				hypothetical protein
BEAMACEP_06780	CDS	132				hypothetical protein
BEAMACEP_06781	CDS	93				hypothetical protein
BEAMACEP_06782	CDS	93				hypothetical protein
BEAMACEP_06783	CDS	120				hypothetical protein
BEAMACEP_06784	CDS	117				hypothetical protein
BEAMACEP_06785	CDS	93				hypothetical protein
BEAMACEP_06786	CDS	93				hypothetical protein
BEAMACEP_06787	CDS	93				hypothetical protein
BEAMACEP_06788	CDS	105				hypothetical protein
BEAMACEP_06789	CDS	93				hypothetical protein
BEAMACEP_06790	CDS	129				hypothetical protein
BEAMACEP_06791	CDS	138				hypothetical protein
BEAMACEP_06792	CDS	93				hypothetical protein
BEAMACEP_06793	CDS	93				hypothetical protein
BEAMACEP_06794	CDS	96				hypothetical protein
BEAMACEP_06795	CDS	135				hypothetical protein
BEAMACEP_06796	CDS	147				hypothetical protein
BEAMACEP_06797	CDS	93				hypothetical protein
BEAMACEP_06798	CDS	93				hypothetical protein
BEAMACEP_06799	CDS	96				hypothetical protein
BEAMACEP_06800	CDS	93				hypothetical protein
BEAMACEP_06801	CDS	90				hypothetical protein
BEAMACEP_06802	CDS	138				hypothetical protein
BEAMACEP_06803	CDS	138				hypothetical protein
BEAMACEP_06804	CDS	138				hypothetical protein
BEAMACEP_06805	CDS	117				hypothetical protein
BEAMACEP_06806	CDS	93				hypothetical protein
BEAMACEP_06807	CDS	117				hypothetical protein
BEAMACEP_06808	CDS	117				hypothetical protein
BEAMACEP_06809	CDS	93				hypothetical protein
BEAMACEP_06810	CDS	171				hypothetical protein
BEAMACEP_06811	CDS	93				hypothetical protein
BEAMACEP_06812	CDS	102				hypothetical protein
BEAMACEP_06813	CDS	93				hypothetical protein
BEAMACEP_06814	CDS	99				hypothetical protein
BEAMACEP_06815	CDS	132				hypothetical protein
BEAMACEP_06816	CDS	138				hypothetical protein
BEAMACEP_06817	CDS	138				hypothetical protein
BEAMACEP_06818	CDS	93				hypothetical protein
BEAMACEP_06819	CDS	117				hypothetical protein
BEAMACEP_06820	CDS	120				hypothetical protein
BEAMACEP_06821	CDS	93				hypothetical protein
BEAMACEP_06822	CDS	93				hypothetical protein
BEAMACEP_06823	CDS	93				hypothetical protein
BEAMACEP_06824	CDS	114				hypothetical protein
BEAMACEP_06825	CDS	138				hypothetical protein
BEAMACEP_06826	CDS	93				hypothetical protein
BEAMACEP_06827	CDS	93				hypothetical protein
BEAMACEP_06828	CDS	93				hypothetical protein
BEAMACEP_06829	CDS	93				hypothetical protein
BEAMACEP_06830	CDS	93				hypothetical protein
BEAMACEP_06831	CDS	93				hypothetical protein
BEAMACEP_06832	CDS	93				hypothetical protein
BEAMACEP_06833	CDS	120				hypothetical protein
BEAMACEP_06834	CDS	132				hypothetical protein
BEAMACEP_06835	CDS	147				hypothetical protein
BEAMACEP_06836	CDS	114				hypothetical protein
BEAMACEP_06837	CDS	93				hypothetical protein
BEAMACEP_06838	CDS	93				hypothetical protein
BEAMACEP_06839	CDS	93				hypothetical protein
BEAMACEP_06840	CDS	93				hypothetical protein
BEAMACEP_06841	CDS	120				hypothetical protein
BEAMACEP_06842	CDS	93				hypothetical protein
BEAMACEP_06843	CDS	117				hypothetical protein
BEAMACEP_06844	CDS	96				hypothetical protein
BEAMACEP_06845	CDS	120				hypothetical protein
BEAMACEP_06846	CDS	114				hypothetical protein
BEAMACEP_06847	CDS	102				hypothetical protein
BEAMACEP_06848	CDS	159				hypothetical protein
BEAMACEP_06849	CDS	129				hypothetical protein
BEAMACEP_06850	CDS	171				hypothetical protein
BEAMACEP_06851	CDS	93				hypothetical protein
BEAMACEP_06852	CDS	93				hypothetical protein
BEAMACEP_06853	CDS	117				hypothetical protein
BEAMACEP_06854	CDS	102				hypothetical protein
BEAMACEP_06855	CDS	96				hypothetical protein
BEAMACEP_06856	CDS	132				hypothetical protein
BEAMACEP_06857	CDS	93				hypothetical protein
BEAMACEP_06858	CDS	93				hypothetical protein
BEAMACEP_06859	CDS	120				hypothetical protein
BEAMACEP_06860	CDS	96				hypothetical protein
BEAMACEP_06861	CDS	102				hypothetical protein
BEAMACEP_06862	CDS	96				hypothetical protein
BEAMACEP_06863	CDS	93				hypothetical protein
BEAMACEP_06864	CDS	132				hypothetical protein
BEAMACEP_06865	CDS	150				hypothetical protein
BEAMACEP_06866	CDS	96				hypothetical protein
BEAMACEP_06867	CDS	117				hypothetical protein
BEAMACEP_06868	CDS	117				hypothetical protein
BEAMACEP_06869	CDS	129				hypothetical protein
BEAMACEP_06870	CDS	99				hypothetical protein
BEAMACEP_06871	CDS	93				hypothetical protein
BEAMACEP_06872	CDS	90				hypothetical protein
BEAMACEP_06873	CDS	123				hypothetical protein
BEAMACEP_06874	CDS	141				hypothetical protein
BEAMACEP_06875	CDS	96				hypothetical protein
BEAMACEP_06876	CDS	93				hypothetical protein
BEAMACEP_06877	CDS	96				hypothetical protein
BEAMACEP_06878	CDS	93				hypothetical protein
BEAMACEP_06879	CDS	93				hypothetical protein
BEAMACEP_06880	CDS	93				hypothetical protein
BEAMACEP_06881	CDS	138				hypothetical protein
BEAMACEP_06882	CDS	96				hypothetical protein
BEAMACEP_06883	CDS	93				hypothetical protein
BEAMACEP_06884	CDS	171				hypothetical protein
BEAMACEP_06885	CDS	93				hypothetical protein
BEAMACEP_06886	CDS	93				hypothetical protein
BEAMACEP_06887	CDS	117				hypothetical protein
BEAMACEP_06888	CDS	105				hypothetical protein
BEAMACEP_06889	CDS	93				hypothetical protein
BEAMACEP_06890	CDS	126				hypothetical protein
BEAMACEP_06891	CDS	93				hypothetical protein
BEAMACEP_06892	CDS	126				hypothetical protein
BEAMACEP_06893	CDS	159				hypothetical protein
BEAMACEP_06894	CDS	93				hypothetical protein
BEAMACEP_06895	CDS	96				hypothetical protein
BEAMACEP_06896	CDS	96				hypothetical protein
BEAMACEP_06897	CDS	93				hypothetical protein
BEAMACEP_06898	CDS	93				hypothetical protein
BEAMACEP_06899	CDS	111				hypothetical protein
BEAMACEP_06900	CDS	93				hypothetical protein
BEAMACEP_06901	CDS	90				hypothetical protein
BEAMACEP_06902	CDS	93				hypothetical protein
BEAMACEP_06903	CDS	93				hypothetical protein
BEAMACEP_06904	CDS	108				hypothetical protein
BEAMACEP_06905	CDS	105				hypothetical protein
BEAMACEP_06906	CDS	96				hypothetical protein
BEAMACEP_06907	CDS	117				hypothetical protein
BEAMACEP_06908	CDS	93				hypothetical protein
BEAMACEP_06909	CDS	147				hypothetical protein
BEAMACEP_06910	CDS	126				hypothetical protein
BEAMACEP_06911	CDS	93				hypothetical protein
BEAMACEP_06912	CDS	138				hypothetical protein
BEAMACEP_06913	CDS	96				hypothetical protein
BEAMACEP_06914	CDS	159				hypothetical protein
BEAMACEP_06915	CDS	147				hypothetical protein
BEAMACEP_06916	CDS	93				hypothetical protein
BEAMACEP_06917	CDS	93				hypothetical protein
BEAMACEP_06918	CDS	93				hypothetical protein
BEAMACEP_06919	CDS	123				hypothetical protein
BEAMACEP_06920	CDS	120				hypothetical protein
BEAMACEP_06921	CDS	93				hypothetical protein
BEAMACEP_06922	CDS	123				hypothetical protein
BEAMACEP_06923	CDS	108				hypothetical protein
BEAMACEP_06924	CDS	99				hypothetical protein
BEAMACEP_06925	CDS	117				hypothetical protein
BEAMACEP_06926	CDS	117				hypothetical protein
BEAMACEP_06927	CDS	93				hypothetical protein
BEAMACEP_06928	CDS	126				hypothetical protein
BEAMACEP_06929	CDS	93				hypothetical protein
BEAMACEP_06930	CDS	93				hypothetical protein
BEAMACEP_06931	CDS	162				hypothetical protein
BEAMACEP_06932	CDS	138				hypothetical protein
BEAMACEP_06933	CDS	132				hypothetical protein
BEAMACEP_06934	CDS	171				hypothetical protein
BEAMACEP_06935	CDS	93				hypothetical protein
BEAMACEP_06936	CDS	114				hypothetical protein
BEAMACEP_06937	CDS	93				hypothetical protein
BEAMACEP_06938	CDS	138				hypothetical protein
BEAMACEP_06939	CDS	102				hypothetical protein
BEAMACEP_06940	CDS	102				hypothetical protein
BEAMACEP_06941	CDS	105				hypothetical protein
BEAMACEP_06942	CDS	126				hypothetical protein
BEAMACEP_06943	CDS	138				hypothetical protein
BEAMACEP_06944	CDS	93				hypothetical protein
BEAMACEP_06945	CDS	120				hypothetical protein
BEAMACEP_06946	CDS	138				hypothetical protein
BEAMACEP_06947	CDS	96				hypothetical protein
BEAMACEP_06948	CDS	96				hypothetical protein
BEAMACEP_06949	CDS	93				hypothetical protein
BEAMACEP_06950	CDS	123				hypothetical protein
BEAMACEP_06951	CDS	138				hypothetical protein
BEAMACEP_06952	CDS	96				hypothetical protein
BEAMACEP_06953	CDS	108				hypothetical protein
BEAMACEP_06954	CDS	93				hypothetical protein
BEAMACEP_06955	CDS	102				hypothetical protein
BEAMACEP_06956	CDS	93				hypothetical protein
BEAMACEP_06957	CDS	114				hypothetical protein
BEAMACEP_06958	CDS	93				hypothetical protein
BEAMACEP_06959	CDS	135				hypothetical protein
BEAMACEP_06960	CDS	96				hypothetical protein
BEAMACEP_06961	CDS	147				hypothetical protein
BEAMACEP_06962	CDS	123				hypothetical protein
BEAMACEP_06963	CDS	120				hypothetical protein
BEAMACEP_06964	CDS	99				hypothetical protein
BEAMACEP_06965	CDS	93				hypothetical protein
BEAMACEP_06966	CDS	96				hypothetical protein
BEAMACEP_06967	CDS	93				hypothetical protein
BEAMACEP_06968	CDS	171				hypothetical protein
BEAMACEP_06969	CDS	93				hypothetical protein
BEAMACEP_06970	CDS	93				hypothetical protein
BEAMACEP_06971	CDS	108				hypothetical protein
BEAMACEP_06972	CDS	117				hypothetical protein
BEAMACEP_06973	CDS	96				hypothetical protein
BEAMACEP_06974	CDS	93				hypothetical protein
BEAMACEP_06975	CDS	93				hypothetical protein
BEAMACEP_06976	CDS	96				hypothetical protein
BEAMACEP_06977	CDS	120				hypothetical protein
BEAMACEP_06978	CDS	201				hypothetical protein
BEAMACEP_06979	CDS	132				hypothetical protein
BEAMACEP_06980	CDS	159				hypothetical protein
BEAMACEP_06981	CDS	93				hypothetical protein
BEAMACEP_06982	CDS	93				hypothetical protein
BEAMACEP_06983	CDS	138				hypothetical protein
BEAMACEP_06984	CDS	93				hypothetical protein
BEAMACEP_06985	CDS	90				hypothetical protein
BEAMACEP_06986	CDS	102				hypothetical protein
BEAMACEP_06987	CDS	93				hypothetical protein
BEAMACEP_06988	CDS	123				hypothetical protein
BEAMACEP_06989	CDS	93				hypothetical protein
BEAMACEP_06990	CDS	117				hypothetical protein
BEAMACEP_06991	CDS	96				hypothetical protein
BEAMACEP_06992	CDS	93				hypothetical protein
BEAMACEP_06993	CDS	132				hypothetical protein
BEAMACEP_06994	CDS	132				hypothetical protein
BEAMACEP_06995	CDS	93				hypothetical protein
BEAMACEP_06996	CDS	93				hypothetical protein
BEAMACEP_06997	CDS	93				hypothetical protein
BEAMACEP_06998	CDS	126				hypothetical protein
BEAMACEP_06999	CDS	132				hypothetical protein
BEAMACEP_07000	CDS	93				hypothetical protein
BEAMACEP_07001	CDS	138				hypothetical protein
BEAMACEP_07002	CDS	195				hypothetical protein
BEAMACEP_07003	CDS	126				hypothetical protein
BEAMACEP_07004	CDS	93				hypothetical protein
BEAMACEP_07005	CDS	114				hypothetical protein
BEAMACEP_07006	CDS	93				hypothetical protein
BEAMACEP_07007	CDS	117				hypothetical protein
BEAMACEP_07008	CDS	171				hypothetical protein
BEAMACEP_07009	CDS	93				hypothetical protein
BEAMACEP_07010	CDS	93				hypothetical protein
BEAMACEP_07011	CDS	93				hypothetical protein
BEAMACEP_07012	CDS	120				hypothetical protein
BEAMACEP_07013	CDS	102				hypothetical protein
BEAMACEP_07014	CDS	93				hypothetical protein
BEAMACEP_07015	CDS	93				hypothetical protein
BEAMACEP_07016	CDS	132				hypothetical protein
BEAMACEP_07017	CDS	96				hypothetical protein
BEAMACEP_07018	CDS	114				hypothetical protein
BEAMACEP_07019	CDS	105				hypothetical protein
BEAMACEP_07020	CDS	117				hypothetical protein
BEAMACEP_07021	CDS	93				hypothetical protein
BEAMACEP_07022	CDS	117				hypothetical protein
BEAMACEP_07023	CDS	144				hypothetical protein
BEAMACEP_07024	CDS	93				hypothetical protein
BEAMACEP_07025	CDS	114				hypothetical protein
BEAMACEP_07026	CDS	96				hypothetical protein
BEAMACEP_07027	CDS	93				hypothetical protein
BEAMACEP_07028	CDS	96				hypothetical protein
BEAMACEP_07029	CDS	147				hypothetical protein
BEAMACEP_07030	CDS	117				hypothetical protein
BEAMACEP_07031	CDS	93				hypothetical protein
BEAMACEP_07032	CDS	93				hypothetical protein
BEAMACEP_07033	CDS	114				hypothetical protein
BEAMACEP_07034	CDS	93				hypothetical protein
BEAMACEP_07035	CDS	162				hypothetical protein
BEAMACEP_07036	CDS	138				hypothetical protein
BEAMACEP_07037	CDS	117				hypothetical protein
BEAMACEP_07038	CDS	108				hypothetical protein
BEAMACEP_07039	CDS	105				hypothetical protein
BEAMACEP_07040	CDS	105				hypothetical protein
BEAMACEP_07041	CDS	96				hypothetical protein
BEAMACEP_07042	CDS	165				hypothetical protein
BEAMACEP_07043	CDS	126				hypothetical protein
BEAMACEP_07044	CDS	93				hypothetical protein
BEAMACEP_07045	CDS	117				hypothetical protein
BEAMACEP_07046	CDS	96				hypothetical protein
BEAMACEP_07047	CDS	96				hypothetical protein
BEAMACEP_07048	CDS	93				hypothetical protein
BEAMACEP_07049	CDS	120				hypothetical protein
BEAMACEP_07050	CDS	135				hypothetical protein
BEAMACEP_07051	CDS	93				hypothetical protein
BEAMACEP_07052	CDS	207				hypothetical protein
BEAMACEP_07053	CDS	171				hypothetical protein
BEAMACEP_07054	CDS	102				hypothetical protein
BEAMACEP_07055	CDS	117				hypothetical protein
BEAMACEP_07056	CDS	93				hypothetical protein
BEAMACEP_07057	CDS	102				hypothetical protein
BEAMACEP_07058	CDS	96				hypothetical protein
BEAMACEP_07059	CDS	93				hypothetical protein
BEAMACEP_07060	CDS	93				hypothetical protein
BEAMACEP_07061	CDS	93				hypothetical protein
BEAMACEP_07062	CDS	93				hypothetical protein
BEAMACEP_07063	CDS	93				hypothetical protein
BEAMACEP_07064	CDS	120				hypothetical protein
BEAMACEP_07065	CDS	93				hypothetical protein
BEAMACEP_07066	CDS	93				hypothetical protein
BEAMACEP_07067	CDS	93				hypothetical protein
BEAMACEP_07068	CDS	93				hypothetical protein
BEAMACEP_07069	CDS	117				hypothetical protein
BEAMACEP_07070	CDS	138				hypothetical protein
BEAMACEP_07071	CDS	96				hypothetical protein
BEAMACEP_07072	CDS	159				hypothetical protein
BEAMACEP_07073	CDS	138				hypothetical protein
BEAMACEP_07074	CDS	93				hypothetical protein
BEAMACEP_07075	CDS	93				hypothetical protein
BEAMACEP_07076	CDS	96				hypothetical protein
BEAMACEP_07077	CDS	102				hypothetical protein
BEAMACEP_07078	CDS	102				hypothetical protein
BEAMACEP_07079	CDS	93				hypothetical protein
BEAMACEP_07080	CDS	138				hypothetical protein
BEAMACEP_07081	CDS	93				hypothetical protein
BEAMACEP_07082	CDS	117				hypothetical protein
BEAMACEP_07083	CDS	93				hypothetical protein
BEAMACEP_07084	CDS	93				hypothetical protein
BEAMACEP_07085	CDS	114				hypothetical protein
BEAMACEP_07086	CDS	96				hypothetical protein
BEAMACEP_07087	CDS	156				hypothetical protein
BEAMACEP_07088	CDS	93				hypothetical protein
BEAMACEP_07089	CDS	96				hypothetical protein
BEAMACEP_07090	CDS	93				hypothetical protein
BEAMACEP_07091	CDS	93				hypothetical protein
BEAMACEP_07092	CDS	93				hypothetical protein
BEAMACEP_07093	CDS	102				hypothetical protein
BEAMACEP_07094	CDS	147				hypothetical protein
BEAMACEP_07095	CDS	93				hypothetical protein
BEAMACEP_07096	CDS	129				hypothetical protein
BEAMACEP_07097	CDS	96				hypothetical protein
BEAMACEP_07098	CDS	108				hypothetical protein
BEAMACEP_07099	CDS	114				hypothetical protein
BEAMACEP_07100	CDS	138				hypothetical protein
BEAMACEP_07101	CDS	120				hypothetical protein
BEAMACEP_07102	CDS	138				hypothetical protein
BEAMACEP_07103	CDS	96				hypothetical protein
BEAMACEP_07104	CDS	93				hypothetical protein
BEAMACEP_07105	CDS	93				hypothetical protein
BEAMACEP_07106	CDS	93				hypothetical protein
BEAMACEP_07107	CDS	93				hypothetical protein
BEAMACEP_07108	CDS	129				hypothetical protein
BEAMACEP_07109	CDS	93				hypothetical protein
BEAMACEP_07110	CDS	93				hypothetical protein
BEAMACEP_07111	CDS	96				hypothetical protein
BEAMACEP_07112	CDS	96				hypothetical protein
BEAMACEP_07113	CDS	138				hypothetical protein
BEAMACEP_07114	CDS	123				hypothetical protein
BEAMACEP_07115	CDS	93				hypothetical protein
BEAMACEP_07116	CDS	93				hypothetical protein
BEAMACEP_07117	CDS	93				hypothetical protein
BEAMACEP_07118	CDS	201				hypothetical protein
BEAMACEP_07119	CDS	135				hypothetical protein
BEAMACEP_07120	CDS	105				hypothetical protein
BEAMACEP_07121	CDS	210				hypothetical protein
BEAMACEP_07122	CDS	147				hypothetical protein
BEAMACEP_07123	CDS	147				hypothetical protein
BEAMACEP_07124	CDS	120				hypothetical protein
BEAMACEP_07125	CDS	93				hypothetical protein
BEAMACEP_07126	CDS	93				hypothetical protein
BEAMACEP_07127	CDS	96				hypothetical protein
BEAMACEP_07128	CDS	96				hypothetical protein
BEAMACEP_07129	CDS	93				hypothetical protein
BEAMACEP_07130	CDS	204				hypothetical protein
BEAMACEP_07131	CDS	216				hypothetical protein
BEAMACEP_07132	CDS	138				hypothetical protein
BEAMACEP_07133	CDS	138				hypothetical protein
BEAMACEP_07134	CDS	93				hypothetical protein
BEAMACEP_07135	CDS	102				hypothetical protein
BEAMACEP_07136	CDS	93				hypothetical protein
BEAMACEP_07137	CDS	93				hypothetical protein
BEAMACEP_07138	CDS	102				hypothetical protein
BEAMACEP_07139	CDS	93				hypothetical protein
BEAMACEP_07140	CDS	213				hypothetical protein
BEAMACEP_07141	CDS	102				hypothetical protein
BEAMACEP_07142	CDS	108				hypothetical protein
BEAMACEP_07143	CDS	171				hypothetical protein
BEAMACEP_07144	CDS	93				hypothetical protein
BEAMACEP_07145	CDS	138				hypothetical protein
BEAMACEP_07146	CDS	135				hypothetical protein
BEAMACEP_07147	CDS	138				hypothetical protein
BEAMACEP_07148	CDS	105				hypothetical protein
BEAMACEP_07149	CDS	117				hypothetical protein
BEAMACEP_07150	CDS	189				hypothetical protein
BEAMACEP_07151	CDS	93				hypothetical protein
BEAMACEP_07152	CDS	105				hypothetical protein
BEAMACEP_07153	CDS	93				hypothetical protein
BEAMACEP_07154	CDS	96				hypothetical protein
BEAMACEP_07155	CDS	96				hypothetical protein
BEAMACEP_07156	CDS	138				hypothetical protein
BEAMACEP_07157	CDS	93				hypothetical protein
BEAMACEP_07158	CDS	90				hypothetical protein
BEAMACEP_07159	CDS	117				hypothetical protein
BEAMACEP_07160	CDS	93				hypothetical protein
BEAMACEP_07161	CDS	123				hypothetical protein
BEAMACEP_07162	CDS	129				hypothetical protein
BEAMACEP_07163	CDS	93				hypothetical protein
BEAMACEP_07164	CDS	105				hypothetical protein
BEAMACEP_07165	CDS	93				hypothetical protein
BEAMACEP_07166	CDS	96				hypothetical protein
BEAMACEP_07167	CDS	96				hypothetical protein
BEAMACEP_07168	CDS	93				hypothetical protein
BEAMACEP_07169	CDS	147				hypothetical protein
BEAMACEP_07170	CDS	102				hypothetical protein
BEAMACEP_07171	CDS	93				hypothetical protein
BEAMACEP_07172	CDS	93				hypothetical protein
BEAMACEP_07173	CDS	99				hypothetical protein
BEAMACEP_07174	CDS	117				hypothetical protein
BEAMACEP_07175	CDS	123				hypothetical protein
BEAMACEP_07176	CDS	93				hypothetical protein
BEAMACEP_07177	CDS	111				hypothetical protein
BEAMACEP_07178	CDS	93				hypothetical protein
BEAMACEP_07179	CDS	138				hypothetical protein
BEAMACEP_07180	CDS	138				hypothetical protein
BEAMACEP_07181	CDS	93				hypothetical protein
BEAMACEP_07182	CDS	105				hypothetical protein
BEAMACEP_07183	CDS	93				hypothetical protein
BEAMACEP_07184	CDS	138				hypothetical protein
BEAMACEP_07185	CDS	129				hypothetical protein
BEAMACEP_07186	CDS	102				hypothetical protein
BEAMACEP_07187	CDS	96				hypothetical protein
BEAMACEP_07188	CDS	117				hypothetical protein
BEAMACEP_07189	CDS	96				hypothetical protein
BEAMACEP_07190	CDS	93				hypothetical protein
BEAMACEP_07191	CDS	147				hypothetical protein
BEAMACEP_07192	CDS	117				hypothetical protein
BEAMACEP_07193	CDS	156				hypothetical protein
BEAMACEP_07194	CDS	93				hypothetical protein
BEAMACEP_07195	CDS	93				hypothetical protein
BEAMACEP_07196	CDS	138				hypothetical protein
BEAMACEP_07197	CDS	132				hypothetical protein
BEAMACEP_07198	CDS	93				hypothetical protein
BEAMACEP_07199	CDS	138				hypothetical protein
BEAMACEP_07200	CDS	150				hypothetical protein
BEAMACEP_07201	CDS	93				hypothetical protein
BEAMACEP_07202	CDS	93				hypothetical protein
BEAMACEP_07203	CDS	93				hypothetical protein
BEAMACEP_07204	CDS	102				hypothetical protein
BEAMACEP_07205	CDS	93				hypothetical protein
BEAMACEP_07206	CDS	93				hypothetical protein
BEAMACEP_07207	CDS	93				hypothetical protein
BEAMACEP_07208	CDS	93				hypothetical protein
BEAMACEP_07209	CDS	138				hypothetical protein
BEAMACEP_07210	CDS	93				hypothetical protein
BEAMACEP_07211	CDS	135				hypothetical protein
BEAMACEP_07212	CDS	93				hypothetical protein
BEAMACEP_07213	CDS	93				hypothetical protein
BEAMACEP_07214	CDS	93				hypothetical protein
BEAMACEP_07215	CDS	93				hypothetical protein
BEAMACEP_07216	CDS	138				hypothetical protein
BEAMACEP_07217	CDS	93				hypothetical protein
BEAMACEP_07218	CDS	207				hypothetical protein
BEAMACEP_07219	CDS	93				hypothetical protein
BEAMACEP_07220	CDS	114				hypothetical protein
BEAMACEP_07221	CDS	120				hypothetical protein
BEAMACEP_07222	CDS	93				hypothetical protein
BEAMACEP_07223	CDS	96				hypothetical protein
BEAMACEP_07224	CDS	117				hypothetical protein
BEAMACEP_07225	CDS	93				hypothetical protein
BEAMACEP_07226	CDS	102				hypothetical protein
BEAMACEP_07227	CDS	96				hypothetical protein
BEAMACEP_07228	CDS	135				hypothetical protein
BEAMACEP_07229	CDS	108				hypothetical protein
BEAMACEP_07230	CDS	138				hypothetical protein
BEAMACEP_07231	CDS	204				hypothetical protein
BEAMACEP_07232	CDS	114				hypothetical protein
BEAMACEP_07233	CDS	96				hypothetical protein
BEAMACEP_07234	CDS	156				hypothetical protein
BEAMACEP_07235	CDS	93				hypothetical protein
BEAMACEP_07236	CDS	108				hypothetical protein
BEAMACEP_07237	CDS	126				hypothetical protein
BEAMACEP_07238	CDS	132				hypothetical protein
BEAMACEP_07239	CDS	120				hypothetical protein
BEAMACEP_07240	CDS	93				hypothetical protein
BEAMACEP_07241	CDS	96				hypothetical protein
BEAMACEP_07242	CDS	93				hypothetical protein
BEAMACEP_07243	CDS	117				hypothetical protein
BEAMACEP_07244	CDS	132				hypothetical protein
BEAMACEP_07245	CDS	93				hypothetical protein
BEAMACEP_07246	CDS	93				hypothetical protein
BEAMACEP_07247	CDS	93				hypothetical protein
BEAMACEP_07248	CDS	93				hypothetical protein
BEAMACEP_07249	CDS	171				hypothetical protein
BEAMACEP_07250	CDS	93				hypothetical protein
BEAMACEP_07251	CDS	93				hypothetical protein
BEAMACEP_07252	CDS	96				hypothetical protein
BEAMACEP_07253	CDS	117				hypothetical protein
BEAMACEP_07254	CDS	93				hypothetical protein
BEAMACEP_07255	CDS	96				hypothetical protein
BEAMACEP_07256	CDS	93				hypothetical protein
BEAMACEP_07257	CDS	96				hypothetical protein
BEAMACEP_07258	CDS	93				hypothetical protein
BEAMACEP_07259	CDS	96				hypothetical protein
BEAMACEP_07260	CDS	93				hypothetical protein
BEAMACEP_07261	CDS	93				hypothetical protein
BEAMACEP_07262	CDS	132				hypothetical protein
BEAMACEP_07263	CDS	147				hypothetical protein
BEAMACEP_07264	CDS	93				hypothetical protein
BEAMACEP_07265	CDS	93				hypothetical protein
BEAMACEP_07266	CDS	129				hypothetical protein
BEAMACEP_07267	CDS	93				hypothetical protein
BEAMACEP_07268	CDS	90				hypothetical protein
BEAMACEP_07269	CDS	108				hypothetical protein
BEAMACEP_07270	CDS	96				hypothetical protein
BEAMACEP_07271	CDS	117				hypothetical protein
BEAMACEP_07272	CDS	90				hypothetical protein
BEAMACEP_07273	CDS	120				hypothetical protein
BEAMACEP_07274	CDS	114				hypothetical protein
BEAMACEP_07275	CDS	111				hypothetical protein
BEAMACEP_07276	CDS	93				hypothetical protein
BEAMACEP_07277	CDS	162				hypothetical protein
BEAMACEP_07278	CDS	132				hypothetical protein
BEAMACEP_07279	CDS	105				hypothetical protein
BEAMACEP_07280	CDS	147				hypothetical protein
BEAMACEP_07281	CDS	135				hypothetical protein
BEAMACEP_07282	CDS	96				hypothetical protein
BEAMACEP_07283	CDS	90				hypothetical protein
BEAMACEP_07284	CDS	96				hypothetical protein
BEAMACEP_07285	CDS	147				hypothetical protein
BEAMACEP_07286	CDS	117				hypothetical protein
BEAMACEP_07287	CDS	93				hypothetical protein
BEAMACEP_07288	CDS	93				hypothetical protein
BEAMACEP_07289	CDS	93				hypothetical protein
BEAMACEP_07290	CDS	114				hypothetical protein
BEAMACEP_07291	CDS	102				hypothetical protein
BEAMACEP_07292	CDS	99				hypothetical protein
BEAMACEP_07293	CDS	138				hypothetical protein
BEAMACEP_07294	CDS	120				hypothetical protein
BEAMACEP_07295	CDS	93				hypothetical protein
BEAMACEP_07296	CDS	138				hypothetical protein
BEAMACEP_07297	CDS	93				hypothetical protein
BEAMACEP_07298	CDS	93				hypothetical protein
BEAMACEP_07299	CDS	126				hypothetical protein
BEAMACEP_07300	CDS	93				hypothetical protein
BEAMACEP_07301	CDS	111				hypothetical protein
BEAMACEP_07302	CDS	99				hypothetical protein
BEAMACEP_07303	CDS	96				hypothetical protein
BEAMACEP_07304	CDS	114				hypothetical protein
BEAMACEP_07305	CDS	138				hypothetical protein
BEAMACEP_07306	CDS	96				hypothetical protein
BEAMACEP_07307	CDS	129				hypothetical protein
BEAMACEP_07308	CDS	108				hypothetical protein
BEAMACEP_07309	CDS	117				hypothetical protein
BEAMACEP_07310	CDS	93				hypothetical protein
BEAMACEP_07311	CDS	93				hypothetical protein
BEAMACEP_07312	CDS	102				hypothetical protein
BEAMACEP_07313	CDS	120				hypothetical protein
BEAMACEP_07314	CDS	99				hypothetical protein
BEAMACEP_07315	CDS	117				hypothetical protein
BEAMACEP_07316	CDS	147				hypothetical protein
BEAMACEP_07317	CDS	111				hypothetical protein
BEAMACEP_07318	CDS	93				hypothetical protein
BEAMACEP_07319	CDS	144				hypothetical protein
BEAMACEP_07320	CDS	93				hypothetical protein
BEAMACEP_07321	CDS	123				hypothetical protein
BEAMACEP_07322	CDS	93				hypothetical protein
BEAMACEP_07323	CDS	108				hypothetical protein
BEAMACEP_07324	CDS	96				hypothetical protein
BEAMACEP_07325	CDS	93				hypothetical protein
BEAMACEP_07326	CDS	162				hypothetical protein
BEAMACEP_07327	CDS	93				hypothetical protein
BEAMACEP_07328	CDS	93				hypothetical protein
BEAMACEP_07329	CDS	129				hypothetical protein
BEAMACEP_07330	CDS	93				hypothetical protein
BEAMACEP_07331	CDS	96				hypothetical protein
BEAMACEP_07332	CDS	93				hypothetical protein
BEAMACEP_07333	CDS	90				hypothetical protein
BEAMACEP_07334	CDS	102				hypothetical protein
BEAMACEP_07335	CDS	93				hypothetical protein
BEAMACEP_07336	CDS	96				hypothetical protein
BEAMACEP_07337	CDS	120				hypothetical protein
BEAMACEP_07338	CDS	93				hypothetical protein
BEAMACEP_07339	CDS	96				hypothetical protein
BEAMACEP_07340	CDS	120				hypothetical protein
BEAMACEP_07341	CDS	93				hypothetical protein
BEAMACEP_07342	CDS	102				hypothetical protein
BEAMACEP_07343	CDS	117				hypothetical protein
BEAMACEP_07344	CDS	135				hypothetical protein
BEAMACEP_07345	CDS	93				hypothetical protein
BEAMACEP_07346	CDS	93				hypothetical protein
BEAMACEP_07347	CDS	129				hypothetical protein
BEAMACEP_07348	CDS	129				hypothetical protein
BEAMACEP_07349	CDS	96				hypothetical protein
BEAMACEP_07350	CDS	93				hypothetical protein
BEAMACEP_07351	CDS	93				hypothetical protein
BEAMACEP_07352	CDS	129				hypothetical protein
BEAMACEP_07353	CDS	96				hypothetical protein
BEAMACEP_07354	CDS	225				hypothetical protein
BEAMACEP_07355	CDS	93				hypothetical protein
BEAMACEP_07356	CDS	138				hypothetical protein
BEAMACEP_07357	CDS	93				hypothetical protein
BEAMACEP_07358	CDS	93				hypothetical protein
BEAMACEP_07359	CDS	93				hypothetical protein
BEAMACEP_07360	CDS	93				hypothetical protein
BEAMACEP_07361	CDS	126				hypothetical protein
BEAMACEP_07362	CDS	120				hypothetical protein
BEAMACEP_07363	CDS	93				hypothetical protein
BEAMACEP_07364	CDS	135				hypothetical protein
BEAMACEP_07365	CDS	177				hypothetical protein
BEAMACEP_07366	CDS	93				hypothetical protein
BEAMACEP_07367	CDS	114				hypothetical protein
BEAMACEP_07368	CDS	129				hypothetical protein
BEAMACEP_07369	CDS	138				hypothetical protein
BEAMACEP_07370	CDS	117				hypothetical protein
BEAMACEP_07371	CDS	126				hypothetical protein
BEAMACEP_07372	CDS	117				hypothetical protein
BEAMACEP_07373	CDS	138				hypothetical protein
BEAMACEP_07374	CDS	102				hypothetical protein
BEAMACEP_07375	CDS	129				hypothetical protein
BEAMACEP_07376	CDS	93				hypothetical protein
BEAMACEP_07377	CDS	93				hypothetical protein
BEAMACEP_07378	CDS	129				hypothetical protein
BEAMACEP_07379	CDS	93				hypothetical protein
BEAMACEP_07380	CDS	93				hypothetical protein
BEAMACEP_07381	CDS	93				hypothetical protein
BEAMACEP_07382	CDS	132				hypothetical protein
BEAMACEP_07383	CDS	225				hypothetical protein
BEAMACEP_07384	CDS	147				hypothetical protein
BEAMACEP_07385	CDS	129				hypothetical protein
BEAMACEP_07386	CDS	120				hypothetical protein
BEAMACEP_07387	CDS	123				hypothetical protein
BEAMACEP_07388	CDS	93				hypothetical protein
BEAMACEP_07389	CDS	138				hypothetical protein
BEAMACEP_07390	CDS	129				hypothetical protein
BEAMACEP_07391	CDS	114				hypothetical protein
BEAMACEP_07392	CDS	129				hypothetical protein
BEAMACEP_07393	CDS	96				hypothetical protein
BEAMACEP_07394	CDS	114				hypothetical protein
BEAMACEP_07395	CDS	123				hypothetical protein
BEAMACEP_07396	CDS	129				hypothetical protein
BEAMACEP_07397	CDS	171				hypothetical protein
BEAMACEP_07398	CDS	96				hypothetical protein
BEAMACEP_07399	CDS	129				hypothetical protein
BEAMACEP_07400	CDS	129				hypothetical protein
BEAMACEP_07401	CDS	111				hypothetical protein
BEAMACEP_07402	CDS	99				hypothetical protein
BEAMACEP_07403	CDS	93				hypothetical protein
BEAMACEP_07404	CDS	138				hypothetical protein
BEAMACEP_07405	CDS	93				hypothetical protein
BEAMACEP_07406	CDS	129				hypothetical protein
BEAMACEP_07407	CDS	129				hypothetical protein
BEAMACEP_07408	CDS	213				hypothetical protein
BEAMACEP_07409	CDS	129				hypothetical protein
BEAMACEP_07410	CDS	162				hypothetical protein
BEAMACEP_07411	CDS	147				hypothetical protein
BEAMACEP_07412	CDS	201				hypothetical protein
BEAMACEP_07413	CDS	132				hypothetical protein
BEAMACEP_07414	CDS	93				hypothetical protein
BEAMACEP_07415	CDS	114				hypothetical protein
BEAMACEP_07416	CDS	138				hypothetical protein
BEAMACEP_07417	CDS	120				hypothetical protein
BEAMACEP_07418	CDS	93				hypothetical protein
BEAMACEP_07419	CDS	138				hypothetical protein
BEAMACEP_07420	CDS	147				hypothetical protein
BEAMACEP_07421	CDS	147				hypothetical protein
BEAMACEP_07422	CDS	129				hypothetical protein
BEAMACEP_07423	CDS	138				hypothetical protein
BEAMACEP_07424	CDS	93				hypothetical protein
BEAMACEP_07425	CDS	129				hypothetical protein
BEAMACEP_07426	CDS	96				hypothetical protein
BEAMACEP_07427	CDS	93				hypothetical protein
BEAMACEP_07428	CDS	222				hypothetical protein
BEAMACEP_07429	CDS	147				hypothetical protein
BEAMACEP_07430	CDS	96				hypothetical protein
BEAMACEP_07431	CDS	96				hypothetical protein
BEAMACEP_07432	CDS	93				hypothetical protein
BEAMACEP_07433	CDS	108				hypothetical protein
BEAMACEP_07434	CDS	132				hypothetical protein
BEAMACEP_07435	CDS	129				hypothetical protein
BEAMACEP_07436	CDS	129				hypothetical protein
BEAMACEP_07437	CDS	93				hypothetical protein
BEAMACEP_07438	CDS	96				hypothetical protein
BEAMACEP_07439	CDS	90				hypothetical protein
BEAMACEP_07440	CDS	138				hypothetical protein
BEAMACEP_07441	CDS	93				hypothetical protein
BEAMACEP_07442	CDS	102				hypothetical protein
BEAMACEP_07443	CDS	114				hypothetical protein
BEAMACEP_07444	CDS	213				hypothetical protein
BEAMACEP_07445	CDS	93				hypothetical protein
BEAMACEP_07446	CDS	129				hypothetical protein
BEAMACEP_07447	CDS	111				hypothetical protein
BEAMACEP_07448	CDS	129				hypothetical protein
BEAMACEP_07449	CDS	126				hypothetical protein
BEAMACEP_07450	CDS	93				hypothetical protein
BEAMACEP_07451	CDS	96				hypothetical protein
BEAMACEP_07452	CDS	120				hypothetical protein
BEAMACEP_07453	CDS	102				hypothetical protein
BEAMACEP_07454	CDS	93				hypothetical protein
BEAMACEP_07455	CDS	120				hypothetical protein
BEAMACEP_07456	CDS	210				hypothetical protein
BEAMACEP_07457	CDS	102				hypothetical protein
BEAMACEP_07458	CDS	93				hypothetical protein
BEAMACEP_07459	CDS	120				hypothetical protein
BEAMACEP_07460	CDS	93				hypothetical protein
BEAMACEP_07461	CDS	156				hypothetical protein
BEAMACEP_07462	CDS	105				hypothetical protein
BEAMACEP_07463	CDS	93				hypothetical protein
BEAMACEP_07464	CDS	135				hypothetical protein
BEAMACEP_07465	CDS	129				hypothetical protein
BEAMACEP_07466	CDS	93				hypothetical protein
BEAMACEP_07467	CDS	111				hypothetical protein
BEAMACEP_07468	CDS	117				hypothetical protein
BEAMACEP_07469	CDS	93				hypothetical protein
BEAMACEP_07470	CDS	135				hypothetical protein
BEAMACEP_07471	CDS	93				hypothetical protein
BEAMACEP_07472	CDS	102				hypothetical protein
BEAMACEP_07473	CDS	93				hypothetical protein
BEAMACEP_07474	CDS	195				hypothetical protein
BEAMACEP_07475	CDS	93				hypothetical protein
BEAMACEP_07476	CDS	117				hypothetical protein
BEAMACEP_07477	CDS	93				hypothetical protein
BEAMACEP_07478	CDS	111				hypothetical protein
BEAMACEP_07479	CDS	93				hypothetical protein
BEAMACEP_07480	CDS	102				hypothetical protein
BEAMACEP_07481	CDS	93				hypothetical protein
BEAMACEP_07482	CDS	120				hypothetical protein
BEAMACEP_07483	CDS	120				hypothetical protein
BEAMACEP_07484	CDS	114				hypothetical protein
BEAMACEP_07485	CDS	129				hypothetical protein
BEAMACEP_07486	CDS	135				hypothetical protein
BEAMACEP_07487	CDS	93				hypothetical protein
BEAMACEP_07488	CDS	138				hypothetical protein
BEAMACEP_07489	CDS	129				hypothetical protein
BEAMACEP_07490	CDS	201				hypothetical protein
BEAMACEP_07491	CDS	138				hypothetical protein
BEAMACEP_07492	CDS	129				hypothetical protein
BEAMACEP_07493	CDS	120				hypothetical protein
BEAMACEP_07494	CDS	129				hypothetical protein
BEAMACEP_07495	CDS	93				hypothetical protein
BEAMACEP_07496	CDS	93				hypothetical protein
BEAMACEP_07497	CDS	120				hypothetical protein
BEAMACEP_07498	CDS	138				hypothetical protein
BEAMACEP_07499	CDS	96				hypothetical protein
BEAMACEP_07500	CDS	102				hypothetical protein
BEAMACEP_07501	CDS	129				hypothetical protein
BEAMACEP_07502	CDS	93				hypothetical protein
BEAMACEP_07503	CDS	93				hypothetical protein
BEAMACEP_07504	CDS	147				hypothetical protein
BEAMACEP_07505	CDS	129				hypothetical protein
BEAMACEP_07506	CDS	93				hypothetical protein
BEAMACEP_07507	CDS	93				hypothetical protein
BEAMACEP_07508	CDS	129				hypothetical protein
BEAMACEP_07509	CDS	93				hypothetical protein
BEAMACEP_07510	CDS	129				hypothetical protein
BEAMACEP_07511	CDS	93				hypothetical protein
BEAMACEP_07512	CDS	120				hypothetical protein
BEAMACEP_07513	CDS	93				hypothetical protein
BEAMACEP_07514	CDS	93				hypothetical protein
BEAMACEP_07515	CDS	117				hypothetical protein
BEAMACEP_07516	CDS	120				hypothetical protein
BEAMACEP_07517	CDS	108				hypothetical protein
BEAMACEP_07518	CDS	99				hypothetical protein
BEAMACEP_07519	CDS	138				hypothetical protein
BEAMACEP_07520	CDS	129				hypothetical protein
BEAMACEP_07521	CDS	123				hypothetical protein
BEAMACEP_07522	CDS	129				hypothetical protein
BEAMACEP_07523	CDS	129				hypothetical protein
BEAMACEP_07524	CDS	138				hypothetical protein
BEAMACEP_07525	CDS	120				hypothetical protein
BEAMACEP_07526	CDS	102				hypothetical protein
BEAMACEP_07527	CDS	93				hypothetical protein
BEAMACEP_07528	CDS	93				hypothetical protein
BEAMACEP_07529	CDS	168				hypothetical protein
BEAMACEP_07530	CDS	93				hypothetical protein
BEAMACEP_07531	CDS	138				hypothetical protein
BEAMACEP_07532	CDS	129				hypothetical protein
BEAMACEP_07533	CDS	138				hypothetical protein
BEAMACEP_07534	CDS	138				hypothetical protein
BEAMACEP_07535	CDS	123				hypothetical protein
BEAMACEP_07536	CDS	234				hypothetical protein
BEAMACEP_07537	CDS	114				hypothetical protein
BEAMACEP_07538	CDS	93				hypothetical protein
BEAMACEP_07539	CDS	93				hypothetical protein
BEAMACEP_07540	CDS	201				hypothetical protein
BEAMACEP_07541	CDS	147				hypothetical protein
BEAMACEP_07542	CDS	138				hypothetical protein
BEAMACEP_07543	CDS	132				hypothetical protein
BEAMACEP_07544	CDS	93				hypothetical protein
BEAMACEP_07545	CDS	147				hypothetical protein
BEAMACEP_07546	CDS	138				hypothetical protein
BEAMACEP_07547	CDS	93				hypothetical protein
BEAMACEP_07548	CDS	159				hypothetical protein
BEAMACEP_07549	CDS	123				hypothetical protein
BEAMACEP_07550	CDS	96				hypothetical protein
BEAMACEP_07551	CDS	147				hypothetical protein
BEAMACEP_07552	CDS	225				hypothetical protein
BEAMACEP_07553	CDS	138				hypothetical protein
BEAMACEP_07554	CDS	99				hypothetical protein
BEAMACEP_07555	CDS	93				hypothetical protein
BEAMACEP_07556	CDS	120				hypothetical protein
BEAMACEP_07557	CDS	132				hypothetical protein
BEAMACEP_07558	CDS	138				hypothetical protein
BEAMACEP_07559	CDS	132				hypothetical protein
BEAMACEP_07560	CDS	93				hypothetical protein
BEAMACEP_07561	CDS	96				hypothetical protein
BEAMACEP_07562	CDS	129				hypothetical protein
BEAMACEP_07563	CDS	126				hypothetical protein
BEAMACEP_07564	CDS	138				hypothetical protein
BEAMACEP_07565	CDS	93				hypothetical protein
BEAMACEP_07566	CDS	96				hypothetical protein
BEAMACEP_07567	CDS	93				hypothetical protein
BEAMACEP_07568	CDS	132				hypothetical protein
BEAMACEP_07569	CDS	234				hypothetical protein
BEAMACEP_07570	CDS	90				hypothetical protein
BEAMACEP_07571	CDS	93				hypothetical protein
BEAMACEP_07572	CDS	132				hypothetical protein
BEAMACEP_07573	CDS	93				hypothetical protein
BEAMACEP_07574	CDS	147				hypothetical protein
BEAMACEP_07575	CDS	93				hypothetical protein
BEAMACEP_07576	CDS	234				hypothetical protein
BEAMACEP_07577	CDS	138				hypothetical protein
BEAMACEP_07578	CDS	129				hypothetical protein
BEAMACEP_07579	CDS	138				hypothetical protein
BEAMACEP_07580	CDS	120				hypothetical protein
BEAMACEP_07581	CDS	123				hypothetical protein
BEAMACEP_07582	CDS	129				hypothetical protein
BEAMACEP_07583	CDS	138				hypothetical protein
BEAMACEP_07584	CDS	93				hypothetical protein
BEAMACEP_07585	CDS	117				hypothetical protein
BEAMACEP_07586	CDS	93				hypothetical protein
BEAMACEP_07587	CDS	90				hypothetical protein
BEAMACEP_07588	CDS	129				hypothetical protein
BEAMACEP_07589	CDS	138				hypothetical protein
BEAMACEP_07590	CDS	96				hypothetical protein
BEAMACEP_07591	CDS	138				hypothetical protein
BEAMACEP_07592	CDS	117				hypothetical protein
BEAMACEP_07593	CDS	96				hypothetical protein
BEAMACEP_07594	CDS	132				hypothetical protein
BEAMACEP_07595	CDS	123				hypothetical protein
BEAMACEP_07596	CDS	93				hypothetical protein
BEAMACEP_07597	CDS	129				hypothetical protein
BEAMACEP_07598	CDS	93				hypothetical protein
BEAMACEP_07599	CDS	129				hypothetical protein
BEAMACEP_07600	CDS	147				hypothetical protein
BEAMACEP_07601	CDS	132				hypothetical protein
BEAMACEP_07602	CDS	147				hypothetical protein
BEAMACEP_07603	CDS	210				hypothetical protein
BEAMACEP_07604	CDS	117				hypothetical protein
BEAMACEP_07605	CDS	123				hypothetical protein
BEAMACEP_07606	CDS	93				hypothetical protein
BEAMACEP_07607	CDS	93				hypothetical protein
BEAMACEP_07608	CDS	129				hypothetical protein
BEAMACEP_07609	CDS	90				hypothetical protein
BEAMACEP_07610	CDS	129				hypothetical protein
BEAMACEP_07611	CDS	120				hypothetical protein
BEAMACEP_07612	CDS	93				hypothetical protein
BEAMACEP_07613	CDS	114				hypothetical protein
BEAMACEP_07614	CDS	102				hypothetical protein
BEAMACEP_07615	CDS	129				hypothetical protein
BEAMACEP_07616	CDS	147				hypothetical protein
BEAMACEP_07617	CDS	138				hypothetical protein
BEAMACEP_07618	CDS	129				hypothetical protein
BEAMACEP_07619	CDS	96				hypothetical protein
BEAMACEP_07620	CDS	138				hypothetical protein
BEAMACEP_07621	CDS	120				hypothetical protein
BEAMACEP_07622	CDS	93				hypothetical protein
BEAMACEP_07623	CDS	93				hypothetical protein
BEAMACEP_07624	CDS	210				hypothetical protein
BEAMACEP_07625	CDS	96				hypothetical protein
BEAMACEP_07626	CDS	102				hypothetical protein
BEAMACEP_07627	CDS	114				hypothetical protein
BEAMACEP_07628	CDS	117				hypothetical protein
BEAMACEP_07629	CDS	129				hypothetical protein
BEAMACEP_07630	CDS	120				hypothetical protein
BEAMACEP_07631	CDS	93				hypothetical protein
BEAMACEP_07632	CDS	225				hypothetical protein
BEAMACEP_07633	CDS	99				hypothetical protein
BEAMACEP_07634	CDS	120				hypothetical protein
BEAMACEP_07635	CDS	105				hypothetical protein
BEAMACEP_07636	CDS	93				hypothetical protein
BEAMACEP_07637	CDS	234				hypothetical protein
BEAMACEP_07638	CDS	132				hypothetical protein
BEAMACEP_07639	CDS	114				hypothetical protein
BEAMACEP_07640	CDS	117				hypothetical protein
BEAMACEP_07641	CDS	105				hypothetical protein
BEAMACEP_07642	CDS	129				hypothetical protein
BEAMACEP_07643	CDS	138				hypothetical protein
BEAMACEP_07644	CDS	126				hypothetical protein
BEAMACEP_07645	CDS	138				hypothetical protein
BEAMACEP_07646	CDS	93				hypothetical protein
BEAMACEP_07647	CDS	195				hypothetical protein
BEAMACEP_07648	CDS	138				hypothetical protein
BEAMACEP_07649	CDS	93				hypothetical protein
BEAMACEP_07650	CDS	117				hypothetical protein
BEAMACEP_07651	CDS	129				hypothetical protein
BEAMACEP_07652	CDS	225				hypothetical protein
BEAMACEP_07653	CDS	93				hypothetical protein
BEAMACEP_07654	CDS	138				hypothetical protein
BEAMACEP_07655	CDS	129				hypothetical protein
BEAMACEP_07656	CDS	138				hypothetical protein
BEAMACEP_07657	CDS	171				hypothetical protein
BEAMACEP_07658	CDS	147				hypothetical protein
BEAMACEP_07659	CDS	126				hypothetical protein
BEAMACEP_07660	CDS	93				hypothetical protein
BEAMACEP_07661	CDS	201				hypothetical protein
BEAMACEP_07662	CDS	93				hypothetical protein
BEAMACEP_07663	CDS	234				hypothetical protein
BEAMACEP_07664	CDS	93				hypothetical protein
BEAMACEP_07665	CDS	132				hypothetical protein
BEAMACEP_07666	CDS	117				hypothetical protein
BEAMACEP_07667	CDS	120				hypothetical protein
BEAMACEP_07668	CDS	96				hypothetical protein
BEAMACEP_07669	CDS	93				hypothetical protein
BEAMACEP_07670	CDS	93				hypothetical protein
BEAMACEP_07671	CDS	117				hypothetical protein
BEAMACEP_07672	CDS	102				hypothetical protein
BEAMACEP_07673	CDS	120				hypothetical protein
BEAMACEP_07674	CDS	132				hypothetical protein
BEAMACEP_07675	CDS	144				hypothetical protein
BEAMACEP_07676	CDS	105				hypothetical protein
BEAMACEP_07677	CDS	102				hypothetical protein
BEAMACEP_07678	CDS	93				hypothetical protein
BEAMACEP_07679	CDS	129				hypothetical protein
BEAMACEP_07680	CDS	129				hypothetical protein
BEAMACEP_07681	CDS	129				hypothetical protein
BEAMACEP_07682	CDS	120				hypothetical protein
BEAMACEP_07683	CDS	117				hypothetical protein
BEAMACEP_07684	CDS	210				hypothetical protein
BEAMACEP_07685	CDS	117				hypothetical protein
BEAMACEP_07686	CDS	129				hypothetical protein
BEAMACEP_07687	CDS	117				hypothetical protein
BEAMACEP_07688	CDS	117				hypothetical protein
BEAMACEP_07689	CDS	93				hypothetical protein
BEAMACEP_07690	CDS	216				hypothetical protein
BEAMACEP_07691	CDS	147				hypothetical protein
BEAMACEP_07692	CDS	93				hypothetical protein
BEAMACEP_07693	CDS	138				hypothetical protein
BEAMACEP_07694	CDS	132				hypothetical protein
BEAMACEP_07695	CDS	93				hypothetical protein
BEAMACEP_07696	CDS	93				hypothetical protein
BEAMACEP_07697	CDS	129				hypothetical protein
BEAMACEP_07698	CDS	93				hypothetical protein
BEAMACEP_07699	CDS	90				hypothetical protein
BEAMACEP_07700	CDS	138				hypothetical protein
BEAMACEP_07701	CDS	117				hypothetical protein
BEAMACEP_07702	CDS	93				hypothetical protein
BEAMACEP_07703	CDS	102				hypothetical protein
BEAMACEP_07704	CDS	129				hypothetical protein
BEAMACEP_07705	CDS	129				hypothetical protein
BEAMACEP_07706	CDS	201				hypothetical protein
BEAMACEP_07707	CDS	138				hypothetical protein
BEAMACEP_07708	CDS	138				hypothetical protein
BEAMACEP_07709	CDS	117				hypothetical protein
BEAMACEP_07710	CDS	132				hypothetical protein
BEAMACEP_07711	CDS	129				hypothetical protein
BEAMACEP_07712	CDS	93				hypothetical protein
BEAMACEP_07713	CDS	93				hypothetical protein
BEAMACEP_07714	CDS	225				hypothetical protein
BEAMACEP_07715	CDS	99				hypothetical protein
BEAMACEP_07716	CDS	96				hypothetical protein
BEAMACEP_07717	CDS	93				hypothetical protein
BEAMACEP_07718	CDS	93				hypothetical protein
BEAMACEP_07719	CDS	117				hypothetical protein
BEAMACEP_07720	CDS	93				hypothetical protein
BEAMACEP_07721	CDS	93				hypothetical protein
BEAMACEP_07722	CDS	129				hypothetical protein
BEAMACEP_07723	CDS	111				hypothetical protein
BEAMACEP_07724	CDS	147				hypothetical protein
BEAMACEP_07725	CDS	99				hypothetical protein
BEAMACEP_07726	CDS	93				hypothetical protein
BEAMACEP_07727	CDS	135				hypothetical protein
BEAMACEP_07728	CDS	138				hypothetical protein
BEAMACEP_07729	CDS	117				hypothetical protein
BEAMACEP_07730	CDS	234				hypothetical protein
BEAMACEP_07731	CDS	93				hypothetical protein
BEAMACEP_07732	CDS	93				hypothetical protein
BEAMACEP_07733	CDS	129				hypothetical protein
BEAMACEP_07734	CDS	129				hypothetical protein
BEAMACEP_07735	CDS	210				hypothetical protein
BEAMACEP_07736	CDS	93				hypothetical protein
BEAMACEP_07737	CDS	93				hypothetical protein
BEAMACEP_07738	CDS	138				hypothetical protein
BEAMACEP_07739	CDS	105				hypothetical protein
BEAMACEP_07740	CDS	120				hypothetical protein
BEAMACEP_07741	CDS	138				hypothetical protein
BEAMACEP_07742	CDS	225				hypothetical protein
BEAMACEP_07743	CDS	96				hypothetical protein
BEAMACEP_07744	CDS	138				hypothetical protein
BEAMACEP_07745	CDS	120				hypothetical protein
BEAMACEP_07746	CDS	234				hypothetical protein
BEAMACEP_07747	CDS	93				hypothetical protein
BEAMACEP_07748	CDS	129				hypothetical protein
BEAMACEP_07749	CDS	96				hypothetical protein
BEAMACEP_07750	CDS	129				hypothetical protein
BEAMACEP_07751	CDS	138				hypothetical protein
BEAMACEP_07752	CDS	102				hypothetical protein
BEAMACEP_07753	CDS	138				hypothetical protein
BEAMACEP_07754	CDS	93				hypothetical protein
BEAMACEP_07755	CDS	105				hypothetical protein
BEAMACEP_07756	CDS	123				hypothetical protein
BEAMACEP_07757	CDS	93				hypothetical protein
BEAMACEP_07758	CDS	138				hypothetical protein
BEAMACEP_07759	CDS	93				hypothetical protein
BEAMACEP_07760	CDS	93				hypothetical protein
BEAMACEP_07761	CDS	135				hypothetical protein
BEAMACEP_07762	CDS	129				hypothetical protein
BEAMACEP_07763	CDS	138				hypothetical protein
BEAMACEP_07764	CDS	120				hypothetical protein
BEAMACEP_07765	CDS	201				hypothetical protein
BEAMACEP_07766	CDS	120				hypothetical protein
BEAMACEP_07767	CDS	93				hypothetical protein
BEAMACEP_07768	CDS	93				hypothetical protein
BEAMACEP_07769	CDS	96				hypothetical protein
BEAMACEP_07770	CDS	120				hypothetical protein
BEAMACEP_07771	CDS	114				hypothetical protein
BEAMACEP_07772	CDS	93				hypothetical protein
BEAMACEP_07773	CDS	93				hypothetical protein
BEAMACEP_07774	CDS	93				hypothetical protein
BEAMACEP_07775	CDS	93				hypothetical protein
BEAMACEP_07776	CDS	120				hypothetical protein
BEAMACEP_07777	CDS	120				hypothetical protein
BEAMACEP_07778	CDS	120				hypothetical protein
BEAMACEP_07779	CDS	93				hypothetical protein
BEAMACEP_07780	CDS	129				hypothetical protein
BEAMACEP_07781	CDS	117				hypothetical protein
BEAMACEP_07782	CDS	135				hypothetical protein
BEAMACEP_07783	CDS	96				hypothetical protein
BEAMACEP_07784	CDS	99				hypothetical protein
BEAMACEP_07785	CDS	126				hypothetical protein
BEAMACEP_07786	CDS	147				hypothetical protein
BEAMACEP_07787	CDS	129				hypothetical protein
BEAMACEP_07788	CDS	93				hypothetical protein
BEAMACEP_07789	CDS	129				hypothetical protein
BEAMACEP_07790	CDS	120				hypothetical protein
BEAMACEP_07791	CDS	114				hypothetical protein
BEAMACEP_07792	CDS	147				hypothetical protein
BEAMACEP_07793	CDS	147				hypothetical protein
BEAMACEP_07794	CDS	114				hypothetical protein
BEAMACEP_07795	CDS	126				hypothetical protein
BEAMACEP_07796	CDS	120				hypothetical protein
BEAMACEP_07797	CDS	93				hypothetical protein
BEAMACEP_07798	CDS	93				hypothetical protein
BEAMACEP_07799	CDS	120				hypothetical protein
BEAMACEP_07800	CDS	135				hypothetical protein
BEAMACEP_07801	CDS	138				hypothetical protein
BEAMACEP_07802	CDS	138				hypothetical protein
BEAMACEP_07803	CDS	138				hypothetical protein
BEAMACEP_07804	CDS	171				hypothetical protein
BEAMACEP_07805	CDS	210				hypothetical protein
BEAMACEP_07806	CDS	129				hypothetical protein
BEAMACEP_07807	CDS	102				hypothetical protein
BEAMACEP_07808	CDS	99				hypothetical protein
BEAMACEP_07809	CDS	117				hypothetical protein
BEAMACEP_07810	CDS	147				hypothetical protein
BEAMACEP_07811	CDS	120				hypothetical protein
BEAMACEP_07812	CDS	129				hypothetical protein
BEAMACEP_07813	CDS	129				hypothetical protein
BEAMACEP_07814	CDS	198				hypothetical protein
BEAMACEP_07815	CDS	117				hypothetical protein
BEAMACEP_07816	CDS	129				hypothetical protein
BEAMACEP_07817	CDS	132				hypothetical protein
BEAMACEP_07818	CDS	138				hypothetical protein
BEAMACEP_07819	CDS	102				hypothetical protein
BEAMACEP_07820	CDS	93				hypothetical protein
BEAMACEP_07821	CDS	120				hypothetical protein
BEAMACEP_07822	CDS	117				hypothetical protein
BEAMACEP_07823	CDS	129				hypothetical protein
BEAMACEP_07824	CDS	102				hypothetical protein
BEAMACEP_07825	CDS	93				hypothetical protein
BEAMACEP_07826	CDS	129				hypothetical protein
BEAMACEP_07827	CDS	96				hypothetical protein
BEAMACEP_07828	CDS	120				hypothetical protein
BEAMACEP_07829	CDS	216				hypothetical protein
BEAMACEP_07830	CDS	129				hypothetical protein
BEAMACEP_07831	CDS	93				hypothetical protein
BEAMACEP_07832	CDS	93				hypothetical protein
BEAMACEP_07833	CDS	138				hypothetical protein
BEAMACEP_07834	CDS	234				hypothetical protein
BEAMACEP_07835	CDS	93				hypothetical protein
BEAMACEP_07836	CDS	138				hypothetical protein
BEAMACEP_07837	CDS	93				hypothetical protein
BEAMACEP_07838	CDS	210				hypothetical protein
BEAMACEP_07839	CDS	93				hypothetical protein
BEAMACEP_07840	CDS	120				hypothetical protein
BEAMACEP_07841	CDS	93				hypothetical protein
BEAMACEP_07842	CDS	117				hypothetical protein
BEAMACEP_07843	CDS	108				hypothetical protein
BEAMACEP_07844	CDS	96				hypothetical protein
BEAMACEP_07845	CDS	135				hypothetical protein
BEAMACEP_07846	CDS	93				hypothetical protein
BEAMACEP_07847	CDS	93				hypothetical protein
BEAMACEP_07848	CDS	135				hypothetical protein
BEAMACEP_07849	CDS	114				hypothetical protein
BEAMACEP_07850	CDS	93				hypothetical protein
BEAMACEP_07851	CDS	93				hypothetical protein
BEAMACEP_07852	CDS	129				hypothetical protein
BEAMACEP_07853	CDS	96				hypothetical protein
BEAMACEP_07854	CDS	105				hypothetical protein
BEAMACEP_07855	CDS	93				hypothetical protein
BEAMACEP_07856	CDS	93				hypothetical protein
BEAMACEP_07857	CDS	210				hypothetical protein
BEAMACEP_07858	CDS	129				hypothetical protein
BEAMACEP_07859	CDS	93				hypothetical protein
BEAMACEP_07860	CDS	129				hypothetical protein
BEAMACEP_07861	CDS	99				hypothetical protein
BEAMACEP_07862	CDS	93				hypothetical protein
BEAMACEP_07863	CDS	102				hypothetical protein
BEAMACEP_07864	CDS	138				hypothetical protein
BEAMACEP_07865	CDS	126				hypothetical protein
BEAMACEP_07866	CDS	225				hypothetical protein
BEAMACEP_07867	CDS	93				hypothetical protein
BEAMACEP_07868	CDS	102				hypothetical protein
BEAMACEP_07869	CDS	93				hypothetical protein
BEAMACEP_07870	CDS	93				hypothetical protein
BEAMACEP_07871	CDS	126				hypothetical protein
BEAMACEP_07872	CDS	129				hypothetical protein
BEAMACEP_07873	CDS	129				hypothetical protein
BEAMACEP_07874	CDS	201				hypothetical protein
BEAMACEP_07875	CDS	159				hypothetical protein
BEAMACEP_07876	CDS	147				hypothetical protein
BEAMACEP_07877	CDS	129				hypothetical protein
BEAMACEP_07878	CDS	129				hypothetical protein
BEAMACEP_07879	CDS	117				hypothetical protein
BEAMACEP_07880	CDS	138				hypothetical protein
BEAMACEP_07881	CDS	129				hypothetical protein
BEAMACEP_07882	CDS	117				hypothetical protein
BEAMACEP_07883	CDS	93				hypothetical protein
BEAMACEP_07884	CDS	93				hypothetical protein
BEAMACEP_07885	CDS	120				hypothetical protein
BEAMACEP_07886	CDS	93				hypothetical protein
BEAMACEP_07887	CDS	93				hypothetical protein
BEAMACEP_07888	CDS	174				hypothetical protein
BEAMACEP_07889	CDS	138				hypothetical protein
BEAMACEP_07890	CDS	147				hypothetical protein
BEAMACEP_07891	CDS	96				hypothetical protein
BEAMACEP_07892	CDS	93				hypothetical protein
BEAMACEP_07893	CDS	105				hypothetical protein
BEAMACEP_07894	CDS	96				hypothetical protein
BEAMACEP_07895	CDS	90				hypothetical protein
BEAMACEP_07896	CDS	93				hypothetical protein
BEAMACEP_07897	CDS	234				hypothetical protein
BEAMACEP_07898	CDS	147				hypothetical protein
BEAMACEP_07899	CDS	93				hypothetical protein
BEAMACEP_07900	CDS	120				hypothetical protein
BEAMACEP_07901	CDS	129				hypothetical protein
BEAMACEP_07902	CDS	93				hypothetical protein
BEAMACEP_07903	CDS	249				hypothetical protein
BEAMACEP_07904	CDS	117				hypothetical protein
BEAMACEP_07905	CDS	93				hypothetical protein
BEAMACEP_07906	CDS	138				hypothetical protein
BEAMACEP_07907	CDS	129				hypothetical protein
BEAMACEP_07908	CDS	93				hypothetical protein
BEAMACEP_07909	CDS	129				hypothetical protein
BEAMACEP_07910	CDS	93				hypothetical protein
BEAMACEP_07911	CDS	93				hypothetical protein
BEAMACEP_07912	CDS	96				hypothetical protein
BEAMACEP_07913	CDS	93				hypothetical protein
BEAMACEP_07914	CDS	93				hypothetical protein
BEAMACEP_07915	CDS	132				hypothetical protein
BEAMACEP_07916	CDS	147				hypothetical protein
BEAMACEP_07917	CDS	129				hypothetical protein
BEAMACEP_07918	CDS	123				hypothetical protein
BEAMACEP_07919	CDS	93				hypothetical protein
BEAMACEP_07920	CDS	102				hypothetical protein
BEAMACEP_07921	CDS	138				hypothetical protein
BEAMACEP_07922	CDS	96				hypothetical protein
BEAMACEP_07923	CDS	201				hypothetical protein
BEAMACEP_07924	CDS	120				hypothetical protein
BEAMACEP_07925	CDS	129				hypothetical protein
BEAMACEP_07926	CDS	129				hypothetical protein
BEAMACEP_07927	CDS	102				hypothetical protein
BEAMACEP_07928	CDS	96				hypothetical protein
BEAMACEP_07929	CDS	132				hypothetical protein
BEAMACEP_07930	CDS	93				hypothetical protein
BEAMACEP_07931	CDS	159				hypothetical protein
BEAMACEP_07932	CDS	138				hypothetical protein
BEAMACEP_07933	CDS	96				hypothetical protein
BEAMACEP_07934	CDS	129				hypothetical protein
BEAMACEP_07935	CDS	129				hypothetical protein
BEAMACEP_07936	CDS	93				hypothetical protein
BEAMACEP_07937	CDS	222				hypothetical protein
BEAMACEP_07938	CDS	114				hypothetical protein
BEAMACEP_07939	CDS	93				hypothetical protein
BEAMACEP_07940	CDS	129				hypothetical protein
BEAMACEP_07941	CDS	120				hypothetical protein
BEAMACEP_07942	CDS	135				hypothetical protein
BEAMACEP_07943	CDS	96				hypothetical protein
BEAMACEP_07944	CDS	216				hypothetical protein
BEAMACEP_07945	CDS	138				hypothetical protein
BEAMACEP_07946	CDS	93				hypothetical protein
BEAMACEP_07947	CDS	96				hypothetical protein
BEAMACEP_07948	CDS	129				hypothetical protein
BEAMACEP_07949	CDS	93				hypothetical protein
BEAMACEP_07950	CDS	117				hypothetical protein
BEAMACEP_07951	CDS	138				hypothetical protein
BEAMACEP_07952	CDS	129				hypothetical protein
BEAMACEP_07953	CDS	96				hypothetical protein
BEAMACEP_07954	CDS	93				hypothetical protein
BEAMACEP_07955	CDS	234				hypothetical protein
BEAMACEP_07956	CDS	147				hypothetical protein
BEAMACEP_07957	CDS	123				hypothetical protein
BEAMACEP_07958	CDS	93				hypothetical protein
BEAMACEP_07959	CDS	126				hypothetical protein
BEAMACEP_07960	CDS	93				hypothetical protein
BEAMACEP_07961	CDS	102				hypothetical protein
BEAMACEP_07962	CDS	129				hypothetical protein
BEAMACEP_07963	CDS	210				hypothetical protein
BEAMACEP_07964	CDS	138				hypothetical protein
BEAMACEP_07965	CDS	111				hypothetical protein
BEAMACEP_07966	CDS	129				hypothetical protein
BEAMACEP_07967	CDS	93				hypothetical protein
BEAMACEP_07968	CDS	93				hypothetical protein
BEAMACEP_07969	CDS	93				hypothetical protein
BEAMACEP_07970	CDS	102				hypothetical protein
BEAMACEP_07971	CDS	93				hypothetical protein
BEAMACEP_07972	CDS	210				hypothetical protein
BEAMACEP_07973	CDS	147				hypothetical protein
BEAMACEP_07974	CDS	117				hypothetical protein
BEAMACEP_07975	CDS	138				hypothetical protein
BEAMACEP_07976	CDS	138				hypothetical protein
BEAMACEP_07977	CDS	120				hypothetical protein
BEAMACEP_07978	CDS	138				hypothetical protein
BEAMACEP_07979	CDS	120				hypothetical protein
BEAMACEP_07980	CDS	105				hypothetical protein
BEAMACEP_07981	CDS	93				hypothetical protein
BEAMACEP_07982	CDS	129				hypothetical protein
BEAMACEP_07983	CDS	120				hypothetical protein
BEAMACEP_07984	CDS	93				hypothetical protein
BEAMACEP_07985	CDS	93				hypothetical protein
BEAMACEP_07986	CDS	114				hypothetical protein
BEAMACEP_07987	CDS	120				hypothetical protein
BEAMACEP_07988	CDS	93				hypothetical protein
BEAMACEP_07989	CDS	129				hypothetical protein
BEAMACEP_07990	CDS	129				hypothetical protein
BEAMACEP_07991	CDS	93				hypothetical protein
BEAMACEP_07992	CDS	120				hypothetical protein
BEAMACEP_07993	CDS	129				hypothetical protein
BEAMACEP_07994	CDS	138				hypothetical protein
BEAMACEP_07995	CDS	96				hypothetical protein
BEAMACEP_07996	CDS	132				hypothetical protein
BEAMACEP_07997	CDS	201				hypothetical protein
BEAMACEP_07998	CDS	210				hypothetical protein
BEAMACEP_07999	CDS	129				hypothetical protein
BEAMACEP_08000	CDS	93				hypothetical protein
BEAMACEP_08001	CDS	108				hypothetical protein
BEAMACEP_08002	CDS	129				hypothetical protein
BEAMACEP_08003	CDS	129				hypothetical protein
BEAMACEP_08004	CDS	120				hypothetical protein
BEAMACEP_08005	CDS	132				hypothetical protein
BEAMACEP_08006	CDS	93				hypothetical protein
BEAMACEP_08007	CDS	93				hypothetical protein
BEAMACEP_08008	CDS	93				hypothetical protein
BEAMACEP_08009	CDS	147				hypothetical protein
BEAMACEP_08010	CDS	165				hypothetical protein
BEAMACEP_08011	CDS	210				hypothetical protein
BEAMACEP_08012	CDS	96				hypothetical protein
BEAMACEP_08013	CDS	93				hypothetical protein
BEAMACEP_08014	CDS	117				hypothetical protein
BEAMACEP_08015	CDS	93				hypothetical protein
BEAMACEP_08016	CDS	93				hypothetical protein
BEAMACEP_08017	CDS	117				hypothetical protein
BEAMACEP_08018	CDS	117				hypothetical protein
BEAMACEP_08019	CDS	93				hypothetical protein
BEAMACEP_08020	CDS	159				hypothetical protein
BEAMACEP_08021	CDS	129				hypothetical protein
BEAMACEP_08022	CDS	153				hypothetical protein
BEAMACEP_08023	CDS	138				hypothetical protein
BEAMACEP_08024	CDS	99				hypothetical protein
BEAMACEP_08025	CDS	102				hypothetical protein
BEAMACEP_08026	CDS	90				hypothetical protein
BEAMACEP_08027	CDS	126				hypothetical protein
BEAMACEP_08028	CDS	96				hypothetical protein
BEAMACEP_08029	CDS	138				hypothetical protein
BEAMACEP_08030	CDS	99				hypothetical protein
BEAMACEP_08031	CDS	96				hypothetical protein
BEAMACEP_08032	CDS	129				hypothetical protein
BEAMACEP_08033	CDS	120				hypothetical protein
BEAMACEP_08034	CDS	114				hypothetical protein
BEAMACEP_08035	CDS	147				hypothetical protein
BEAMACEP_08036	CDS	93				hypothetical protein
BEAMACEP_08037	CDS	129				hypothetical protein
BEAMACEP_08038	CDS	93				hypothetical protein
BEAMACEP_08039	CDS	117				hypothetical protein
BEAMACEP_08040	CDS	93				hypothetical protein
BEAMACEP_08041	CDS	93				hypothetical protein
BEAMACEP_08042	CDS	114				hypothetical protein
BEAMACEP_08043	CDS	210				hypothetical protein
BEAMACEP_08044	CDS	201				hypothetical protein
BEAMACEP_08045	CDS	114				hypothetical protein
BEAMACEP_08046	CDS	102				hypothetical protein
BEAMACEP_08047	CDS	93				hypothetical protein
BEAMACEP_08048	CDS	132				hypothetical protein
BEAMACEP_08049	CDS	132				hypothetical protein
BEAMACEP_08050	CDS	117				hypothetical protein
BEAMACEP_08051	CDS	93				hypothetical protein
BEAMACEP_08052	CDS	117				hypothetical protein
BEAMACEP_08053	CDS	138				hypothetical protein
BEAMACEP_08054	CDS	93				hypothetical protein
BEAMACEP_08055	CDS	114				hypothetical protein
BEAMACEP_08056	CDS	138				hypothetical protein
BEAMACEP_08057	CDS	228				hypothetical protein
BEAMACEP_08058	CDS	132				hypothetical protein
BEAMACEP_08059	CDS	126				hypothetical protein
BEAMACEP_08060	CDS	129				hypothetical protein
BEAMACEP_08061	CDS	96				hypothetical protein
BEAMACEP_08062	CDS	120				hypothetical protein
BEAMACEP_08063	CDS	93				hypothetical protein
BEAMACEP_08064	CDS	120				hypothetical protein
BEAMACEP_08065	CDS	129				hypothetical protein
BEAMACEP_08066	CDS	138				hypothetical protein
BEAMACEP_08067	CDS	96				hypothetical protein
BEAMACEP_08068	CDS	129				hypothetical protein
BEAMACEP_08069	CDS	93				hypothetical protein
BEAMACEP_08070	CDS	96				hypothetical protein
BEAMACEP_08071	CDS	117				hypothetical protein
BEAMACEP_08072	CDS	93				hypothetical protein
BEAMACEP_08073	CDS	120				hypothetical protein
BEAMACEP_08074	CDS	93				hypothetical protein
BEAMACEP_08075	CDS	93				hypothetical protein
BEAMACEP_08076	CDS	117				hypothetical protein
BEAMACEP_08077	CDS	93				hypothetical protein
BEAMACEP_08078	CDS	117				hypothetical protein
BEAMACEP_08079	CDS	99				hypothetical protein
BEAMACEP_08080	CDS	129				hypothetical protein
BEAMACEP_08081	CDS	171				hypothetical protein
BEAMACEP_08082	CDS	93				hypothetical protein
BEAMACEP_08083	CDS	171				hypothetical protein
BEAMACEP_08084	CDS	96				hypothetical protein
BEAMACEP_08085	CDS	99				hypothetical protein
BEAMACEP_08086	CDS	96				hypothetical protein
BEAMACEP_08087	CDS	120				hypothetical protein
BEAMACEP_08088	CDS	132				hypothetical protein
BEAMACEP_08089	CDS	93				hypothetical protein
BEAMACEP_08090	CDS	138				hypothetical protein
BEAMACEP_08091	CDS	129				hypothetical protein
BEAMACEP_08092	CDS	138				hypothetical protein
BEAMACEP_08093	CDS	93				hypothetical protein
BEAMACEP_08094	CDS	120				hypothetical protein
BEAMACEP_08095	CDS	96				hypothetical protein
BEAMACEP_08096	CDS	111				hypothetical protein
BEAMACEP_08097	CDS	93				hypothetical protein
BEAMACEP_08098	CDS	93				hypothetical protein
BEAMACEP_08099	CDS	114				hypothetical protein
BEAMACEP_08100	CDS	129				hypothetical protein
BEAMACEP_08101	CDS	120				hypothetical protein
BEAMACEP_08102	CDS	123				hypothetical protein
BEAMACEP_08103	CDS	129				hypothetical protein
BEAMACEP_08104	CDS	126				hypothetical protein
BEAMACEP_08105	CDS	102				hypothetical protein
BEAMACEP_08106	CDS	93				hypothetical protein
BEAMACEP_08107	CDS	93				hypothetical protein
BEAMACEP_08108	CDS	105				hypothetical protein
BEAMACEP_08109	CDS	96				hypothetical protein
BEAMACEP_08110	CDS	129				hypothetical protein
BEAMACEP_08111	CDS	117				hypothetical protein
BEAMACEP_08112	CDS	120				hypothetical protein
BEAMACEP_08113	CDS	132				hypothetical protein
BEAMACEP_08114	CDS	93				hypothetical protein
BEAMACEP_08115	CDS	93				hypothetical protein
BEAMACEP_08116	CDS	93				hypothetical protein
BEAMACEP_08117	CDS	132				hypothetical protein
BEAMACEP_08118	CDS	117				hypothetical protein
BEAMACEP_08119	CDS	126				hypothetical protein
BEAMACEP_08120	CDS	93				hypothetical protein
BEAMACEP_08121	CDS	96				hypothetical protein
BEAMACEP_08122	CDS	102				hypothetical protein
BEAMACEP_08123	CDS	129				hypothetical protein
BEAMACEP_08124	CDS	147				hypothetical protein
BEAMACEP_08125	CDS	93				hypothetical protein
BEAMACEP_08126	CDS	129				hypothetical protein
BEAMACEP_08127	CDS	93				hypothetical protein
BEAMACEP_08128	CDS	129				hypothetical protein
BEAMACEP_08129	CDS	138				hypothetical protein
BEAMACEP_08130	CDS	129				hypothetical protein
BEAMACEP_08131	CDS	129				hypothetical protein
BEAMACEP_08132	CDS	93				hypothetical protein
BEAMACEP_08133	CDS	93				hypothetical protein
BEAMACEP_08134	CDS	156				hypothetical protein
BEAMACEP_08135	CDS	93				hypothetical protein
BEAMACEP_08136	CDS	93				hypothetical protein
BEAMACEP_08137	CDS	210				hypothetical protein
BEAMACEP_08138	CDS	129				hypothetical protein
BEAMACEP_08139	CDS	132				hypothetical protein
BEAMACEP_08140	CDS	102				hypothetical protein
BEAMACEP_08141	CDS	147				hypothetical protein
BEAMACEP_08142	CDS	93				hypothetical protein
BEAMACEP_08143	CDS	123				hypothetical protein
BEAMACEP_08144	CDS	93				hypothetical protein
BEAMACEP_08145	CDS	117				hypothetical protein
BEAMACEP_08146	CDS	96				hypothetical protein
BEAMACEP_08147	CDS	99				hypothetical protein
BEAMACEP_08148	CDS	99				hypothetical protein
BEAMACEP_08149	CDS	105				hypothetical protein
BEAMACEP_08150	CDS	225				hypothetical protein
BEAMACEP_08151	CDS	129				hypothetical protein
BEAMACEP_08152	CDS	93				hypothetical protein
BEAMACEP_08153	CDS	129				hypothetical protein
BEAMACEP_08154	CDS	93				hypothetical protein
BEAMACEP_08155	CDS	96				hypothetical protein
BEAMACEP_08156	CDS	126				hypothetical protein
BEAMACEP_08157	CDS	129				hypothetical protein
BEAMACEP_08158	CDS	93				hypothetical protein
BEAMACEP_08159	CDS	126				hypothetical protein
BEAMACEP_08160	CDS	93				hypothetical protein
BEAMACEP_08161	CDS	132				hypothetical protein
BEAMACEP_08162	CDS	135				hypothetical protein
BEAMACEP_08163	CDS	138				hypothetical protein
BEAMACEP_08164	CDS	93				hypothetical protein
BEAMACEP_08165	CDS	105				hypothetical protein
BEAMACEP_08166	CDS	216				hypothetical protein
BEAMACEP_08167	CDS	132				hypothetical protein
BEAMACEP_08168	CDS	114				hypothetical protein
BEAMACEP_08169	CDS	216				hypothetical protein
BEAMACEP_08170	CDS	129				hypothetical protein
BEAMACEP_08171	CDS	138				hypothetical protein
BEAMACEP_08172	CDS	138				hypothetical protein
BEAMACEP_08173	CDS	93				hypothetical protein
BEAMACEP_08174	CDS	96				hypothetical protein
BEAMACEP_08175	CDS	138				hypothetical protein
BEAMACEP_08176	CDS	147				hypothetical protein
BEAMACEP_08177	CDS	93				hypothetical protein
BEAMACEP_08178	CDS	135				hypothetical protein
BEAMACEP_08179	CDS	210				hypothetical protein
BEAMACEP_08180	CDS	117				hypothetical protein
BEAMACEP_08181	CDS	225				hypothetical protein
BEAMACEP_08182	CDS	93				hypothetical protein
BEAMACEP_08183	CDS	132				hypothetical protein
BEAMACEP_08184	CDS	93				hypothetical protein
BEAMACEP_08185	CDS	93				hypothetical protein
BEAMACEP_08186	CDS	147				hypothetical protein
BEAMACEP_08187	CDS	147				hypothetical protein
BEAMACEP_08188	CDS	135				hypothetical protein
BEAMACEP_08189	CDS	129				hypothetical protein
BEAMACEP_08190	CDS	138				hypothetical protein
BEAMACEP_08191	CDS	111				hypothetical protein
BEAMACEP_08192	CDS	120				hypothetical protein
BEAMACEP_08193	CDS	138				hypothetical protein
BEAMACEP_08194	CDS	129				hypothetical protein
BEAMACEP_08195	CDS	129				hypothetical protein
BEAMACEP_08196	CDS	234				hypothetical protein
BEAMACEP_08197	CDS	201				hypothetical protein
BEAMACEP_08198	CDS	225				hypothetical protein
BEAMACEP_08199	CDS	117				hypothetical protein
BEAMACEP_08200	CDS	105				hypothetical protein
BEAMACEP_08201	CDS	147				hypothetical protein
BEAMACEP_08202	CDS	159				hypothetical protein
BEAMACEP_08203	CDS	225				hypothetical protein
BEAMACEP_08204	CDS	93				hypothetical protein
BEAMACEP_08205	CDS	96				hypothetical protein
BEAMACEP_08206	CDS	147				hypothetical protein
BEAMACEP_08207	CDS	93				hypothetical protein
BEAMACEP_08208	CDS	132				hypothetical protein
BEAMACEP_08209	CDS	93				hypothetical protein
BEAMACEP_08210	CDS	96				hypothetical protein
BEAMACEP_08211	CDS	93				hypothetical protein
BEAMACEP_08212	CDS	129				hypothetical protein
BEAMACEP_08213	CDS	117				hypothetical protein
BEAMACEP_08214	CDS	93				hypothetical protein
BEAMACEP_08215	CDS	129				hypothetical protein
BEAMACEP_08216	CDS	216				hypothetical protein
BEAMACEP_08217	CDS	93				hypothetical protein
BEAMACEP_08218	CDS	93				hypothetical protein
BEAMACEP_08219	CDS	93				hypothetical protein
BEAMACEP_08220	CDS	120				hypothetical protein
BEAMACEP_08221	CDS	96				hypothetical protein
BEAMACEP_08222	CDS	114				hypothetical protein
BEAMACEP_08223	CDS	201				hypothetical protein
BEAMACEP_08224	CDS	108				hypothetical protein
BEAMACEP_08225	CDS	171				hypothetical protein
BEAMACEP_08226	CDS	225				hypothetical protein
BEAMACEP_08227	CDS	147				hypothetical protein
BEAMACEP_08228	CDS	93				hypothetical protein
BEAMACEP_08229	CDS	105				hypothetical protein
BEAMACEP_08230	CDS	96				hypothetical protein
BEAMACEP_08231	CDS	225				hypothetical protein
BEAMACEP_08232	CDS	120				hypothetical protein
BEAMACEP_08233	CDS	129				hypothetical protein
BEAMACEP_08234	CDS	225				hypothetical protein
BEAMACEP_08235	CDS	135				hypothetical protein
BEAMACEP_08236	CDS	93				hypothetical protein
BEAMACEP_08237	CDS	93				hypothetical protein
BEAMACEP_08238	CDS	210				hypothetical protein
BEAMACEP_08239	CDS	93				hypothetical protein
BEAMACEP_08240	CDS	117				hypothetical protein
BEAMACEP_08241	CDS	93				hypothetical protein
BEAMACEP_08242	CDS	135				hypothetical protein
BEAMACEP_08243	CDS	93				hypothetical protein
BEAMACEP_08244	CDS	93				hypothetical protein
BEAMACEP_08245	CDS	117				hypothetical protein
BEAMACEP_08246	CDS	147				hypothetical protein
BEAMACEP_08247	CDS	114				hypothetical protein
BEAMACEP_08248	CDS	138				hypothetical protein
BEAMACEP_08249	CDS	93				hypothetical protein
BEAMACEP_08250	CDS	138				hypothetical protein
BEAMACEP_08251	CDS	129				hypothetical protein
BEAMACEP_08252	CDS	117				hypothetical protein
BEAMACEP_08253	CDS	93				hypothetical protein
BEAMACEP_08254	CDS	96				hypothetical protein
BEAMACEP_08255	CDS	117				hypothetical protein
BEAMACEP_08256	CDS	129				hypothetical protein
BEAMACEP_08257	CDS	93				hypothetical protein
BEAMACEP_08258	CDS	93				hypothetical protein
BEAMACEP_08259	CDS	93				hypothetical protein
BEAMACEP_08260	CDS	147				hypothetical protein
BEAMACEP_08261	CDS	111				hypothetical protein
BEAMACEP_08262	CDS	93				hypothetical protein
BEAMACEP_08263	CDS	117				hypothetical protein
BEAMACEP_08264	CDS	129				hypothetical protein
BEAMACEP_08265	CDS	144				hypothetical protein
BEAMACEP_08266	CDS	96				hypothetical protein
BEAMACEP_08267	CDS	129				hypothetical protein
BEAMACEP_08268	CDS	147				hypothetical protein
BEAMACEP_08269	CDS	93				hypothetical protein
BEAMACEP_08270	CDS	138				hypothetical protein
BEAMACEP_08271	CDS	111				hypothetical protein
BEAMACEP_08272	CDS	108				hypothetical protein
BEAMACEP_08273	CDS	93				hypothetical protein
BEAMACEP_08274	CDS	93				hypothetical protein
BEAMACEP_08275	CDS	93				hypothetical protein
BEAMACEP_08276	CDS	102				hypothetical protein
BEAMACEP_08277	CDS	225				hypothetical protein
BEAMACEP_08278	CDS	96				hypothetical protein
BEAMACEP_08279	CDS	93				hypothetical protein
BEAMACEP_08280	CDS	108				hypothetical protein
BEAMACEP_08281	CDS	93				hypothetical protein
BEAMACEP_08282	CDS	117				hypothetical protein
BEAMACEP_08283	CDS	129				hypothetical protein
BEAMACEP_08284	CDS	138				hypothetical protein
BEAMACEP_08285	CDS	138				hypothetical protein
BEAMACEP_08286	CDS	129				hypothetical protein
BEAMACEP_08287	CDS	93				hypothetical protein
BEAMACEP_08288	CDS	129				hypothetical protein
BEAMACEP_08289	CDS	120				hypothetical protein
BEAMACEP_08290	CDS	126				hypothetical protein
BEAMACEP_08291	CDS	93				hypothetical protein
BEAMACEP_08292	CDS	147				hypothetical protein
BEAMACEP_08293	CDS	147				hypothetical protein
BEAMACEP_08294	CDS	129				hypothetical protein
BEAMACEP_08295	CDS	120				hypothetical protein
BEAMACEP_08296	CDS	171				hypothetical protein
BEAMACEP_08297	CDS	138				hypothetical protein
BEAMACEP_08298	CDS	93				hypothetical protein
BEAMACEP_08299	CDS	120				hypothetical protein
BEAMACEP_08300	CDS	114				hypothetical protein
BEAMACEP_08301	CDS	93				hypothetical protein
BEAMACEP_08302	CDS	93				hypothetical protein
BEAMACEP_08303	CDS	96				hypothetical protein
BEAMACEP_08304	CDS	114				hypothetical protein
BEAMACEP_08305	CDS	132				hypothetical protein
BEAMACEP_08306	CDS	96				hypothetical protein
BEAMACEP_08307	CDS	105				hypothetical protein
BEAMACEP_08308	CDS	117				hypothetical protein
BEAMACEP_08309	CDS	138				hypothetical protein
BEAMACEP_08310	CDS	120				hypothetical protein
BEAMACEP_08311	CDS	120				hypothetical protein
BEAMACEP_08312	CDS	147				hypothetical protein
BEAMACEP_08313	CDS	138				hypothetical protein
BEAMACEP_08314	CDS	93				hypothetical protein
BEAMACEP_08315	CDS	96				hypothetical protein
BEAMACEP_08316	CDS	93				hypothetical protein
BEAMACEP_08317	CDS	147				hypothetical protein
BEAMACEP_08318	CDS	96				hypothetical protein
BEAMACEP_08319	CDS	138				hypothetical protein
BEAMACEP_08320	CDS	93				hypothetical protein
BEAMACEP_08321	CDS	117				hypothetical protein
BEAMACEP_08322	CDS	96				hypothetical protein
BEAMACEP_08323	CDS	114				hypothetical protein
BEAMACEP_08324	CDS	93				hypothetical protein
BEAMACEP_08325	CDS	117				hypothetical protein
BEAMACEP_08326	CDS	138				hypothetical protein
BEAMACEP_08327	CDS	132				hypothetical protein
BEAMACEP_08328	CDS	93				hypothetical protein
BEAMACEP_08329	CDS	93				hypothetical protein
BEAMACEP_08330	CDS	93				hypothetical protein
BEAMACEP_08331	CDS	93				hypothetical protein
BEAMACEP_08332	CDS	210				hypothetical protein
BEAMACEP_08333	CDS	132				hypothetical protein
BEAMACEP_08334	CDS	225				hypothetical protein
BEAMACEP_08335	CDS	96				hypothetical protein
BEAMACEP_08336	CDS	93				hypothetical protein
BEAMACEP_08337	CDS	117				hypothetical protein
BEAMACEP_08338	CDS	93				hypothetical protein
BEAMACEP_08339	CDS	129				hypothetical protein
BEAMACEP_08340	CDS	117				hypothetical protein
BEAMACEP_08341	CDS	93				hypothetical protein
BEAMACEP_08342	CDS	117				hypothetical protein
BEAMACEP_08343	CDS	93				hypothetical protein
BEAMACEP_08344	CDS	117				hypothetical protein
BEAMACEP_08345	CDS	93				hypothetical protein
BEAMACEP_08346	CDS	93				hypothetical protein
BEAMACEP_08347	CDS	114				hypothetical protein
BEAMACEP_08348	CDS	180				hypothetical protein
BEAMACEP_08349	CDS	135				hypothetical protein
BEAMACEP_08350	CDS	117				hypothetical protein
BEAMACEP_08351	CDS	147				hypothetical protein
BEAMACEP_08352	CDS	210				hypothetical protein
BEAMACEP_08353	CDS	93				hypothetical protein
BEAMACEP_08354	CDS	114				hypothetical protein
BEAMACEP_08355	CDS	108				hypothetical protein
BEAMACEP_08356	CDS	93				hypothetical protein
BEAMACEP_08357	CDS	93				hypothetical protein
BEAMACEP_08358	CDS	144				hypothetical protein
BEAMACEP_08359	CDS	123				hypothetical protein
BEAMACEP_08360	CDS	93				hypothetical protein
BEAMACEP_08361	CDS	129				hypothetical protein
BEAMACEP_08362	CDS	96				hypothetical protein
BEAMACEP_08363	CDS	117				hypothetical protein
BEAMACEP_08364	CDS	99				hypothetical protein
BEAMACEP_08365	CDS	117				hypothetical protein
BEAMACEP_08366	CDS	129				hypothetical protein
BEAMACEP_08367	CDS	210				hypothetical protein
BEAMACEP_08368	CDS	93				hypothetical protein
BEAMACEP_08369	CDS	96				hypothetical protein
BEAMACEP_08370	CDS	225				hypothetical protein
BEAMACEP_08371	CDS	126				hypothetical protein
BEAMACEP_08372	CDS	129				hypothetical protein
BEAMACEP_08373	CDS	132				hypothetical protein
BEAMACEP_08374	CDS	96				hypothetical protein
BEAMACEP_08375	CDS	156				hypothetical protein
BEAMACEP_08376	CDS	102				hypothetical protein
BEAMACEP_08377	CDS	123				hypothetical protein
BEAMACEP_08378	CDS	93				hypothetical protein
BEAMACEP_08379	CDS	147				hypothetical protein
BEAMACEP_08380	CDS	117				hypothetical protein
BEAMACEP_08381	CDS	135				hypothetical protein
BEAMACEP_08382	CDS	138				hypothetical protein
BEAMACEP_08383	CDS	147				hypothetical protein
BEAMACEP_08384	CDS	120				hypothetical protein
BEAMACEP_08385	CDS	213				hypothetical protein
BEAMACEP_08386	CDS	138				hypothetical protein
BEAMACEP_08387	CDS	120				hypothetical protein
BEAMACEP_08388	CDS	93				hypothetical protein
BEAMACEP_08389	CDS	138				hypothetical protein
BEAMACEP_08390	CDS	117				hypothetical protein
BEAMACEP_08391	CDS	90				hypothetical protein
BEAMACEP_08392	CDS	120				hypothetical protein
BEAMACEP_08393	CDS	129				hypothetical protein
BEAMACEP_08394	CDS	93				hypothetical protein
BEAMACEP_08395	CDS	111				hypothetical protein
BEAMACEP_08396	CDS	147				hypothetical protein
BEAMACEP_08397	CDS	138				hypothetical protein
BEAMACEP_08398	CDS	93				hypothetical protein
BEAMACEP_08399	CDS	93				hypothetical protein
BEAMACEP_08400	CDS	234				hypothetical protein
BEAMACEP_08401	CDS	228				hypothetical protein
BEAMACEP_08402	CDS	93				hypothetical protein
BEAMACEP_08403	CDS	117				hypothetical protein
BEAMACEP_08404	CDS	93				hypothetical protein
BEAMACEP_08405	CDS	120				hypothetical protein
BEAMACEP_08406	CDS	93				hypothetical protein
BEAMACEP_08407	CDS	117				hypothetical protein
BEAMACEP_08408	CDS	117				hypothetical protein
BEAMACEP_08409	CDS	90				hypothetical protein
BEAMACEP_08410	CDS	129				hypothetical protein
BEAMACEP_08411	CDS	138				hypothetical protein
BEAMACEP_08412	CDS	117				hypothetical protein
BEAMACEP_08413	CDS	117				hypothetical protein
BEAMACEP_08414	CDS	117				hypothetical protein
BEAMACEP_08415	CDS	114				hypothetical protein
BEAMACEP_08416	CDS	117				hypothetical protein
BEAMACEP_08417	CDS	93				hypothetical protein
BEAMACEP_08418	CDS	129				hypothetical protein
BEAMACEP_08419	CDS	129				hypothetical protein
BEAMACEP_08420	CDS	93				hypothetical protein
BEAMACEP_08421	CDS	117				hypothetical protein
BEAMACEP_08422	CDS	129				hypothetical protein
BEAMACEP_08423	CDS	96				hypothetical protein
BEAMACEP_08424	CDS	147				hypothetical protein
BEAMACEP_08425	CDS	93				hypothetical protein
BEAMACEP_08426	CDS	111				hypothetical protein
BEAMACEP_08427	CDS	93				hypothetical protein
BEAMACEP_08428	CDS	102				hypothetical protein
BEAMACEP_08429	CDS	90				hypothetical protein
BEAMACEP_08430	CDS	90				hypothetical protein
BEAMACEP_08431	CDS	138				hypothetical protein
BEAMACEP_08432	CDS	93				hypothetical protein
BEAMACEP_08433	CDS	93				hypothetical protein
BEAMACEP_08434	CDS	138				hypothetical protein
BEAMACEP_08435	CDS	114				hypothetical protein
BEAMACEP_08436	CDS	96				hypothetical protein
BEAMACEP_08437	CDS	138				hypothetical protein
BEAMACEP_08438	CDS	132				hypothetical protein
BEAMACEP_08439	CDS	129				hypothetical protein
BEAMACEP_08440	CDS	135				hypothetical protein
BEAMACEP_08441	CDS	138				hypothetical protein
BEAMACEP_08442	CDS	126				hypothetical protein
BEAMACEP_08443	CDS	93				hypothetical protein
BEAMACEP_08444	CDS	93				hypothetical protein
BEAMACEP_08445	CDS	126				hypothetical protein
BEAMACEP_08446	CDS	120				hypothetical protein
BEAMACEP_08447	CDS	123				hypothetical protein
BEAMACEP_08448	CDS	129				hypothetical protein
BEAMACEP_08449	CDS	93				hypothetical protein
BEAMACEP_08450	CDS	93				hypothetical protein
BEAMACEP_08451	CDS	132				hypothetical protein
BEAMACEP_08452	CDS	102				hypothetical protein
BEAMACEP_08453	CDS	93				hypothetical protein
BEAMACEP_08454	CDS	135				hypothetical protein
BEAMACEP_08455	CDS	129				hypothetical protein
BEAMACEP_08456	CDS	93				hypothetical protein
BEAMACEP_08457	CDS	138				hypothetical protein
BEAMACEP_08458	CDS	105				hypothetical protein
BEAMACEP_08459	CDS	93				hypothetical protein
BEAMACEP_08460	CDS	117				hypothetical protein
BEAMACEP_08461	CDS	126				hypothetical protein
BEAMACEP_08462	CDS	129				hypothetical protein
BEAMACEP_08463	CDS	159				hypothetical protein
BEAMACEP_08464	CDS	93				hypothetical protein
BEAMACEP_08465	CDS	138				hypothetical protein
BEAMACEP_08466	CDS	147				hypothetical protein
BEAMACEP_08467	CDS	93				hypothetical protein
BEAMACEP_08468	CDS	93				hypothetical protein
BEAMACEP_08469	CDS	117				hypothetical protein
BEAMACEP_08470	CDS	96				hypothetical protein
BEAMACEP_08471	CDS	96				hypothetical protein
BEAMACEP_08472	CDS	93				hypothetical protein
BEAMACEP_08473	CDS	171				hypothetical protein
BEAMACEP_08474	CDS	114				hypothetical protein
BEAMACEP_08475	CDS	93				hypothetical protein
BEAMACEP_08476	CDS	117				hypothetical protein
BEAMACEP_08477	CDS	93				hypothetical protein
BEAMACEP_08478	CDS	117				hypothetical protein
BEAMACEP_08479	CDS	147				hypothetical protein
BEAMACEP_08480	CDS	120				hypothetical protein
BEAMACEP_08481	CDS	111				hypothetical protein
BEAMACEP_08482	CDS	105				hypothetical protein
BEAMACEP_08483	CDS	129				hypothetical protein
BEAMACEP_08484	CDS	138				hypothetical protein
BEAMACEP_08485	CDS	96				hypothetical protein
BEAMACEP_08486	CDS	129				hypothetical protein
BEAMACEP_08487	CDS	105				hypothetical protein
BEAMACEP_08488	CDS	132				hypothetical protein
BEAMACEP_08489	CDS	126				hypothetical protein
BEAMACEP_08490	CDS	93				hypothetical protein
BEAMACEP_08491	CDS	225				hypothetical protein
BEAMACEP_08492	CDS	93				hypothetical protein
BEAMACEP_08493	CDS	117				hypothetical protein
BEAMACEP_08494	CDS	120				hypothetical protein
BEAMACEP_08495	CDS	99				hypothetical protein
BEAMACEP_08496	CDS	135				hypothetical protein
BEAMACEP_08497	CDS	96				hypothetical protein
BEAMACEP_08498	CDS	117				hypothetical protein
BEAMACEP_08499	CDS	132				hypothetical protein
BEAMACEP_08500	CDS	93				hypothetical protein
BEAMACEP_08501	CDS	93				hypothetical protein
BEAMACEP_08502	CDS	93				hypothetical protein
BEAMACEP_08503	CDS	135				hypothetical protein
BEAMACEP_08504	CDS	138				hypothetical protein
BEAMACEP_08505	CDS	93				hypothetical protein
BEAMACEP_08506	CDS	129				hypothetical protein
BEAMACEP_08507	CDS	120				hypothetical protein
BEAMACEP_08508	CDS	129				hypothetical protein
BEAMACEP_08509	CDS	126				hypothetical protein
BEAMACEP_08510	CDS	114				hypothetical protein
BEAMACEP_08511	CDS	111				hypothetical protein
BEAMACEP_08512	CDS	102				hypothetical protein
BEAMACEP_08513	CDS	126				hypothetical protein
BEAMACEP_08514	CDS	129				hypothetical protein
BEAMACEP_08515	CDS	138				hypothetical protein
BEAMACEP_08516	CDS	210				hypothetical protein
BEAMACEP_08517	CDS	93				hypothetical protein
BEAMACEP_08518	CDS	147				hypothetical protein
BEAMACEP_08519	CDS	132				hypothetical protein
BEAMACEP_08520	CDS	93				hypothetical protein
BEAMACEP_08521	CDS	129				hypothetical protein
BEAMACEP_08522	CDS	120				hypothetical protein
BEAMACEP_08523	CDS	201				hypothetical protein
BEAMACEP_08524	CDS	93				hypothetical protein
BEAMACEP_08525	CDS	123				hypothetical protein
BEAMACEP_08526	CDS	129				hypothetical protein
BEAMACEP_08527	CDS	105				hypothetical protein
BEAMACEP_08528	CDS	93				hypothetical protein
BEAMACEP_08529	CDS	135				hypothetical protein
BEAMACEP_08530	CDS	138				hypothetical protein
BEAMACEP_08531	CDS	93				hypothetical protein
BEAMACEP_08532	CDS	138				hypothetical protein
BEAMACEP_08533	CDS	129				hypothetical protein
BEAMACEP_08534	CDS	201				hypothetical protein
BEAMACEP_08535	CDS	138				hypothetical protein
BEAMACEP_08536	CDS	120				hypothetical protein
BEAMACEP_08537	CDS	159				hypothetical protein
BEAMACEP_08538	CDS	114				hypothetical protein
BEAMACEP_08539	CDS	93				hypothetical protein
BEAMACEP_08540	CDS	129				hypothetical protein
BEAMACEP_08541	CDS	93				hypothetical protein
BEAMACEP_08542	CDS	138				hypothetical protein
BEAMACEP_08543	CDS	96				hypothetical protein
BEAMACEP_08544	CDS	93				hypothetical protein
BEAMACEP_08545	CDS	126				hypothetical protein
BEAMACEP_08546	CDS	123				hypothetical protein
BEAMACEP_08547	CDS	126				hypothetical protein
BEAMACEP_08548	CDS	150				hypothetical protein
BEAMACEP_08549	CDS	129				hypothetical protein
BEAMACEP_08550	CDS	129				hypothetical protein
BEAMACEP_08551	CDS	117				hypothetical protein
BEAMACEP_08552	CDS	96				hypothetical protein
BEAMACEP_08553	CDS	129				hypothetical protein
BEAMACEP_08554	CDS	129				hypothetical protein
BEAMACEP_08555	CDS	192				hypothetical protein
BEAMACEP_08556	CDS	138				hypothetical protein
BEAMACEP_08557	CDS	93				hypothetical protein
BEAMACEP_08558	CDS	126				hypothetical protein
BEAMACEP_08559	CDS	93				hypothetical protein
BEAMACEP_08560	CDS	138				hypothetical protein
BEAMACEP_08561	CDS	117				hypothetical protein
BEAMACEP_08562	CDS	96				hypothetical protein
BEAMACEP_08563	CDS	132				hypothetical protein
BEAMACEP_08564	CDS	108				hypothetical protein
BEAMACEP_08565	CDS	93				hypothetical protein
BEAMACEP_08566	CDS	132				hypothetical protein
BEAMACEP_08567	CDS	114				hypothetical protein
BEAMACEP_08568	CDS	126				hypothetical protein
BEAMACEP_08569	CDS	120				hypothetical protein
BEAMACEP_08570	CDS	93				hypothetical protein
BEAMACEP_08571	CDS	132				hypothetical protein
BEAMACEP_08572	CDS	129				hypothetical protein
BEAMACEP_08573	CDS	117				hypothetical protein
BEAMACEP_08574	CDS	162				hypothetical protein
BEAMACEP_08575	CDS	96				hypothetical protein
BEAMACEP_08576	CDS	129				hypothetical protein
BEAMACEP_08577	CDS	102				hypothetical protein
BEAMACEP_08578	CDS	102				hypothetical protein
BEAMACEP_08579	CDS	93				hypothetical protein
BEAMACEP_08580	CDS	117				hypothetical protein
BEAMACEP_08581	CDS	126				hypothetical protein
BEAMACEP_08582	CDS	138				hypothetical protein
BEAMACEP_08583	CDS	129				hypothetical protein
BEAMACEP_08584	CDS	102				hypothetical protein
BEAMACEP_08585	CDS	120				hypothetical protein
BEAMACEP_08586	CDS	132				hypothetical protein
BEAMACEP_08587	CDS	117				hypothetical protein
BEAMACEP_08588	CDS	93				hypothetical protein
BEAMACEP_08589	CDS	138				hypothetical protein
BEAMACEP_08590	CDS	93				hypothetical protein
BEAMACEP_08591	CDS	102				hypothetical protein
BEAMACEP_08592	CDS	135				hypothetical protein
BEAMACEP_08593	CDS	120				hypothetical protein
BEAMACEP_08594	CDS	108				hypothetical protein
BEAMACEP_08595	CDS	93				hypothetical protein
BEAMACEP_08596	CDS	114				hypothetical protein
BEAMACEP_08597	CDS	138				hypothetical protein
BEAMACEP_08598	CDS	93				hypothetical protein
BEAMACEP_08599	CDS	213				hypothetical protein
BEAMACEP_08600	CDS	117				hypothetical protein
BEAMACEP_08601	CDS	93				hypothetical protein
BEAMACEP_08602	CDS	114				hypothetical protein
BEAMACEP_08603	CDS	93				hypothetical protein
BEAMACEP_08604	CDS	138				hypothetical protein
BEAMACEP_08605	CDS	108				hypothetical protein
BEAMACEP_08606	CDS	147				hypothetical protein
BEAMACEP_08607	CDS	147				hypothetical protein
BEAMACEP_08608	CDS	126				hypothetical protein
BEAMACEP_08609	CDS	126				hypothetical protein
BEAMACEP_08610	CDS	93				hypothetical protein
BEAMACEP_08611	CDS	114				hypothetical protein
BEAMACEP_08612	CDS	96				hypothetical protein
BEAMACEP_08613	CDS	159				hypothetical protein
BEAMACEP_08614	CDS	129				hypothetical protein
BEAMACEP_08615	CDS	114				hypothetical protein
BEAMACEP_08616	CDS	93				hypothetical protein
BEAMACEP_08617	CDS	93				hypothetical protein
BEAMACEP_08618	CDS	93				hypothetical protein
BEAMACEP_08619	CDS	138				hypothetical protein
BEAMACEP_08620	CDS	234				hypothetical protein
BEAMACEP_08621	CDS	93				hypothetical protein
BEAMACEP_08622	CDS	129				hypothetical protein
BEAMACEP_08623	CDS	129				hypothetical protein
BEAMACEP_08624	CDS	138				hypothetical protein
BEAMACEP_08625	CDS	129				hypothetical protein
BEAMACEP_08626	CDS	90				hypothetical protein
BEAMACEP_08627	CDS	93				hypothetical protein
BEAMACEP_08628	CDS	93				hypothetical protein
BEAMACEP_08629	CDS	126				hypothetical protein
BEAMACEP_08630	CDS	96				hypothetical protein
BEAMACEP_08631	CDS	90				hypothetical protein
BEAMACEP_08632	CDS	93				hypothetical protein
BEAMACEP_08633	CDS	93				hypothetical protein
BEAMACEP_08634	CDS	234				hypothetical protein
BEAMACEP_08635	CDS	105				hypothetical protein
BEAMACEP_08636	CDS	147				hypothetical protein
BEAMACEP_08637	CDS	96				hypothetical protein
BEAMACEP_08638	CDS	114				hypothetical protein
BEAMACEP_08639	CDS	210				hypothetical protein
BEAMACEP_08640	CDS	132				hypothetical protein
BEAMACEP_08641	CDS	90				hypothetical protein
BEAMACEP_08642	CDS	219				hypothetical protein
BEAMACEP_08643	CDS	93				hypothetical protein
BEAMACEP_08644	CDS	132				hypothetical protein
BEAMACEP_08645	CDS	147				hypothetical protein
BEAMACEP_08646	CDS	90				hypothetical protein
BEAMACEP_08647	CDS	114				hypothetical protein
BEAMACEP_08648	CDS	138				hypothetical protein
BEAMACEP_08649	CDS	93				hypothetical protein
BEAMACEP_08650	CDS	216				hypothetical protein
BEAMACEP_08651	CDS	129				hypothetical protein
BEAMACEP_08652	CDS	93				hypothetical protein
BEAMACEP_08653	CDS	120				hypothetical protein
BEAMACEP_08654	CDS	120				hypothetical protein
BEAMACEP_08655	CDS	138				hypothetical protein
BEAMACEP_08656	CDS	138				hypothetical protein
BEAMACEP_08657	CDS	93				hypothetical protein
BEAMACEP_08658	CDS	138				hypothetical protein
BEAMACEP_08659	CDS	117				hypothetical protein
BEAMACEP_08660	CDS	93				hypothetical protein
BEAMACEP_08661	CDS	129				hypothetical protein
BEAMACEP_08662	CDS	93				hypothetical protein
BEAMACEP_08663	CDS	138				hypothetical protein
BEAMACEP_08664	CDS	129				hypothetical protein
BEAMACEP_08665	CDS	93				hypothetical protein
BEAMACEP_08666	CDS	102				hypothetical protein
BEAMACEP_08667	CDS	96				hypothetical protein
BEAMACEP_08668	CDS	129				hypothetical protein
BEAMACEP_08669	CDS	93				hypothetical protein
BEAMACEP_08670	CDS	117				hypothetical protein
BEAMACEP_08671	CDS	129				hypothetical protein
BEAMACEP_08672	CDS	135				hypothetical protein
BEAMACEP_08673	CDS	99				hypothetical protein
BEAMACEP_08674	CDS	132				hypothetical protein
BEAMACEP_08675	CDS	162				hypothetical protein
BEAMACEP_08676	CDS	93				hypothetical protein
BEAMACEP_08677	CDS	90				hypothetical protein
BEAMACEP_08678	CDS	93				hypothetical protein
BEAMACEP_08679	CDS	159				hypothetical protein
BEAMACEP_08680	CDS	219				hypothetical protein
BEAMACEP_08681	CDS	114				hypothetical protein
BEAMACEP_08682	CDS	132				hypothetical protein
BEAMACEP_08683	CDS	129				hypothetical protein
BEAMACEP_08684	CDS	129				hypothetical protein
BEAMACEP_08685	CDS	135				hypothetical protein
BEAMACEP_08686	CDS	129				hypothetical protein
BEAMACEP_08687	CDS	129				hypothetical protein
BEAMACEP_08688	CDS	99				hypothetical protein
BEAMACEP_08689	CDS	93				hypothetical protein
BEAMACEP_08690	CDS	93				hypothetical protein
BEAMACEP_08691	CDS	117				hypothetical protein
BEAMACEP_08692	CDS	93				hypothetical protein
BEAMACEP_08693	CDS	120				hypothetical protein
BEAMACEP_08694	CDS	102				hypothetical protein
BEAMACEP_08695	CDS	120				hypothetical protein
BEAMACEP_08696	CDS	135				hypothetical protein
BEAMACEP_08697	CDS	117				hypothetical protein
BEAMACEP_08698	CDS	93				hypothetical protein
BEAMACEP_08699	CDS	129				hypothetical protein
BEAMACEP_08700	CDS	129				hypothetical protein
BEAMACEP_08701	CDS	108				hypothetical protein
BEAMACEP_08702	CDS	132				hypothetical protein
BEAMACEP_08703	CDS	138				hypothetical protein
BEAMACEP_08704	CDS	132				hypothetical protein
BEAMACEP_08705	CDS	93				hypothetical protein
BEAMACEP_08706	CDS	93				hypothetical protein
BEAMACEP_08707	CDS	195				hypothetical protein
BEAMACEP_08708	CDS	93				hypothetical protein
BEAMACEP_08709	CDS	96				hypothetical protein
BEAMACEP_08710	CDS	93				hypothetical protein
BEAMACEP_08711	CDS	102				hypothetical protein
BEAMACEP_08712	CDS	108				hypothetical protein
BEAMACEP_08713	CDS	93				hypothetical protein
BEAMACEP_08714	CDS	117				hypothetical protein
BEAMACEP_08715	CDS	102				hypothetical protein
BEAMACEP_08716	CDS	147				hypothetical protein
BEAMACEP_08717	CDS	93				hypothetical protein
BEAMACEP_08718	CDS	129				hypothetical protein
BEAMACEP_08719	CDS	132				hypothetical protein
BEAMACEP_08720	CDS	135				hypothetical protein
BEAMACEP_08721	CDS	93				hypothetical protein
BEAMACEP_08722	CDS	93				hypothetical protein
BEAMACEP_08723	CDS	138				hypothetical protein
BEAMACEP_08724	CDS	93				hypothetical protein
BEAMACEP_08725	CDS	132				hypothetical protein
BEAMACEP_08726	CDS	129				hypothetical protein
BEAMACEP_08727	CDS	138				hypothetical protein
BEAMACEP_08728	CDS	129				hypothetical protein
BEAMACEP_08729	CDS	105				hypothetical protein
BEAMACEP_08730	CDS	117				hypothetical protein
BEAMACEP_08731	CDS	135				hypothetical protein
BEAMACEP_08732	CDS	129				hypothetical protein
BEAMACEP_08733	CDS	126				hypothetical protein
BEAMACEP_08734	CDS	117				hypothetical protein
BEAMACEP_08735	CDS	93				hypothetical protein
BEAMACEP_08736	CDS	138				hypothetical protein
BEAMACEP_08737	CDS	117				hypothetical protein
BEAMACEP_08738	CDS	153				hypothetical protein
BEAMACEP_08739	CDS	129				hypothetical protein
BEAMACEP_08740	CDS	138				hypothetical protein
BEAMACEP_08741	CDS	135				hypothetical protein
BEAMACEP_08742	CDS	93				hypothetical protein
BEAMACEP_08743	CDS	96				hypothetical protein
BEAMACEP_08744	CDS	234				hypothetical protein
BEAMACEP_08745	CDS	129				hypothetical protein
BEAMACEP_08746	CDS	138				hypothetical protein
BEAMACEP_08747	CDS	93				hypothetical protein
BEAMACEP_08748	CDS	138				hypothetical protein
BEAMACEP_08749	CDS	132				hypothetical protein
BEAMACEP_08750	CDS	129				hypothetical protein
BEAMACEP_08751	CDS	171				hypothetical protein
BEAMACEP_08752	CDS	93				hypothetical protein
BEAMACEP_08753	CDS	93				hypothetical protein
BEAMACEP_08754	CDS	138				hypothetical protein
BEAMACEP_08755	CDS	126				hypothetical protein
BEAMACEP_08756	CDS	129				hypothetical protein
BEAMACEP_08757	CDS	129				hypothetical protein
BEAMACEP_08758	CDS	147				hypothetical protein
BEAMACEP_08759	CDS	102				hypothetical protein
BEAMACEP_08760	CDS	138				hypothetical protein
BEAMACEP_08761	CDS	117				hypothetical protein
BEAMACEP_08762	CDS	201				hypothetical protein
BEAMACEP_08763	CDS	138				hypothetical protein
BEAMACEP_08764	CDS	225				hypothetical protein
BEAMACEP_08765	CDS	126				hypothetical protein
BEAMACEP_08766	CDS	126				hypothetical protein
BEAMACEP_08767	CDS	96				hypothetical protein
BEAMACEP_08768	CDS	129				hypothetical protein
BEAMACEP_08769	CDS	138				hypothetical protein
BEAMACEP_08770	CDS	93				hypothetical protein
BEAMACEP_08771	CDS	102				hypothetical protein
BEAMACEP_08772	CDS	129				hypothetical protein
BEAMACEP_08773	CDS	93				hypothetical protein
BEAMACEP_08774	CDS	120				hypothetical protein
BEAMACEP_08775	CDS	159				hypothetical protein
BEAMACEP_08776	CDS	96				hypothetical protein
BEAMACEP_08777	CDS	93				hypothetical protein
BEAMACEP_08778	CDS	93				hypothetical protein
BEAMACEP_08779	CDS	93				hypothetical protein
BEAMACEP_08780	CDS	171				hypothetical protein
BEAMACEP_08781	CDS	93				hypothetical protein
BEAMACEP_08782	CDS	114				hypothetical protein
BEAMACEP_08783	CDS	93				hypothetical protein
BEAMACEP_08784	CDS	93				hypothetical protein
BEAMACEP_08785	CDS	120				hypothetical protein
BEAMACEP_08786	CDS	138				hypothetical protein
BEAMACEP_08787	CDS	117				hypothetical protein
BEAMACEP_08788	CDS	123				hypothetical protein
BEAMACEP_08789	CDS	117				hypothetical protein
BEAMACEP_08790	CDS	96				hypothetical protein
BEAMACEP_08791	CDS	102				hypothetical protein
BEAMACEP_08792	CDS	129				hypothetical protein
BEAMACEP_08793	CDS	93				hypothetical protein
BEAMACEP_08794	CDS	138				hypothetical protein
BEAMACEP_08795	CDS	147				hypothetical protein
BEAMACEP_08796	CDS	135				hypothetical protein
BEAMACEP_08797	CDS	93				hypothetical protein
BEAMACEP_08798	CDS	114				hypothetical protein
BEAMACEP_08799	CDS	105				hypothetical protein
BEAMACEP_08800	CDS	129				hypothetical protein
BEAMACEP_08801	CDS	102				hypothetical protein
BEAMACEP_08802	CDS	93				hypothetical protein
BEAMACEP_08803	CDS	126				hypothetical protein
BEAMACEP_08804	CDS	93				hypothetical protein
BEAMACEP_08805	CDS	132				hypothetical protein
BEAMACEP_08806	CDS	93				hypothetical protein
BEAMACEP_08807	CDS	156				hypothetical protein
BEAMACEP_08808	CDS	93				hypothetical protein
BEAMACEP_08809	CDS	96				hypothetical protein
BEAMACEP_08810	CDS	201				hypothetical protein
BEAMACEP_08811	CDS	123				hypothetical protein
BEAMACEP_08812	CDS	129				hypothetical protein
BEAMACEP_08813	CDS	96				hypothetical protein
BEAMACEP_08814	CDS	93				hypothetical protein
BEAMACEP_08815	CDS	93				hypothetical protein
BEAMACEP_08816	CDS	147				hypothetical protein
BEAMACEP_08817	CDS	93				hypothetical protein
BEAMACEP_08818	CDS	129				hypothetical protein
BEAMACEP_08819	CDS	129				hypothetical protein
BEAMACEP_08820	CDS	108				hypothetical protein
BEAMACEP_08821	CDS	147				hypothetical protein
BEAMACEP_08822	CDS	129				hypothetical protein
BEAMACEP_08823	CDS	93				hypothetical protein
BEAMACEP_08824	CDS	117				hypothetical protein
BEAMACEP_08825	CDS	93				hypothetical protein
BEAMACEP_08826	CDS	114				hypothetical protein
BEAMACEP_08827	CDS	132				hypothetical protein
BEAMACEP_08828	CDS	129				hypothetical protein
BEAMACEP_08829	CDS	129				hypothetical protein
BEAMACEP_08830	CDS	126				hypothetical protein
BEAMACEP_08831	CDS	93				hypothetical protein
BEAMACEP_08832	CDS	120				hypothetical protein
BEAMACEP_08833	CDS	129				hypothetical protein
BEAMACEP_08834	CDS	132				hypothetical protein
BEAMACEP_08835	CDS	138				hypothetical protein
BEAMACEP_08836	CDS	93				hypothetical protein
BEAMACEP_08837	CDS	108				hypothetical protein
BEAMACEP_08838	CDS	126				hypothetical protein
BEAMACEP_08839	CDS	105				hypothetical protein
BEAMACEP_08840	CDS	93				hypothetical protein
BEAMACEP_08841	CDS	93				hypothetical protein
BEAMACEP_08842	CDS	96				hypothetical protein
BEAMACEP_08843	CDS	135				hypothetical protein
BEAMACEP_08844	CDS	126				hypothetical protein
BEAMACEP_08845	CDS	102				hypothetical protein
BEAMACEP_08846	CDS	93				hypothetical protein
BEAMACEP_08847	CDS	93				hypothetical protein
BEAMACEP_08848	CDS	93				hypothetical protein
BEAMACEP_08849	CDS	126				hypothetical protein
BEAMACEP_08850	CDS	93				hypothetical protein
BEAMACEP_08851	CDS	96				hypothetical protein
BEAMACEP_08852	CDS	138				hypothetical protein
BEAMACEP_08853	CDS	123				hypothetical protein
BEAMACEP_08854	CDS	138				hypothetical protein
BEAMACEP_08855	CDS	132				hypothetical protein
BEAMACEP_08856	CDS	90				hypothetical protein
BEAMACEP_08857	CDS	93				hypothetical protein
BEAMACEP_08858	CDS	129				hypothetical protein
BEAMACEP_08859	CDS	138				hypothetical protein
BEAMACEP_08860	CDS	114				hypothetical protein
BEAMACEP_08861	CDS	93				hypothetical protein
BEAMACEP_08862	CDS	129				hypothetical protein
BEAMACEP_08863	CDS	93				hypothetical protein
BEAMACEP_08864	CDS	108				hypothetical protein
BEAMACEP_08865	CDS	93				hypothetical protein
BEAMACEP_08866	CDS	132				hypothetical protein
BEAMACEP_08867	CDS	102				hypothetical protein
BEAMACEP_08868	CDS	126				hypothetical protein
BEAMACEP_08869	CDS	129				hypothetical protein
BEAMACEP_08870	CDS	90				hypothetical protein
BEAMACEP_08871	CDS	117				hypothetical protein
BEAMACEP_08872	CDS	129				hypothetical protein
BEAMACEP_08873	CDS	120				hypothetical protein
BEAMACEP_08874	CDS	108				hypothetical protein
BEAMACEP_08875	CDS	132				hypothetical protein
BEAMACEP_08876	CDS	120				hypothetical protein
BEAMACEP_08877	CDS	126				hypothetical protein
BEAMACEP_08878	CDS	117				hypothetical protein
BEAMACEP_08879	CDS	129				hypothetical protein
BEAMACEP_08880	CDS	102				hypothetical protein
BEAMACEP_08881	CDS	201				hypothetical protein
BEAMACEP_08882	CDS	138				hypothetical protein
BEAMACEP_08883	CDS	120				hypothetical protein
BEAMACEP_08884	CDS	138				hypothetical protein
BEAMACEP_08885	CDS	132				hypothetical protein
BEAMACEP_08886	CDS	93				hypothetical protein
BEAMACEP_08887	CDS	93				hypothetical protein
BEAMACEP_08888	CDS	93				hypothetical protein
BEAMACEP_08889	CDS	138				hypothetical protein
BEAMACEP_08890	CDS	93				hypothetical protein
BEAMACEP_08891	CDS	225				hypothetical protein
BEAMACEP_08892	CDS	120				hypothetical protein
BEAMACEP_08893	CDS	138				hypothetical protein
BEAMACEP_08894	CDS	129				hypothetical protein
BEAMACEP_08895	CDS	108				hypothetical protein
BEAMACEP_08896	tRNA	93				tRNA-Ile(tat)
BEAMACEP_08897	CDS	129				hypothetical protein
BEAMACEP_08898	CDS	234				hypothetical protein
BEAMACEP_08899	CDS	138				hypothetical protein
BEAMACEP_08900	CDS	93				hypothetical protein
BEAMACEP_08901	CDS	93				hypothetical protein
BEAMACEP_08902	CDS	117				hypothetical protein
BEAMACEP_08903	CDS	234				hypothetical protein
BEAMACEP_08904	CDS	90				hypothetical protein
BEAMACEP_08905	CDS	120				hypothetical protein
BEAMACEP_08906	CDS	93				hypothetical protein
BEAMACEP_08907	CDS	129				hypothetical protein
BEAMACEP_08908	CDS	186				hypothetical protein
BEAMACEP_08909	CDS	147				hypothetical protein
BEAMACEP_08910	CDS	93				hypothetical protein
BEAMACEP_08911	CDS	93				hypothetical protein
BEAMACEP_08912	CDS	105				hypothetical protein
BEAMACEP_08913	CDS	93				hypothetical protein
BEAMACEP_08914	CDS	138				hypothetical protein
BEAMACEP_08915	CDS	93				hypothetical protein
BEAMACEP_08916	CDS	213				hypothetical protein
BEAMACEP_08917	CDS	96				hypothetical protein
BEAMACEP_08918	CDS	93				hypothetical protein
BEAMACEP_08919	CDS	93				hypothetical protein
BEAMACEP_08920	CDS	117				hypothetical protein
BEAMACEP_08921	CDS	138				hypothetical protein
BEAMACEP_08922	CDS	99				hypothetical protein
BEAMACEP_08923	CDS	93				hypothetical protein
BEAMACEP_08924	CDS	129				hypothetical protein
BEAMACEP_08925	CDS	93				hypothetical protein
BEAMACEP_08926	CDS	93				hypothetical protein
BEAMACEP_08927	CDS	93				hypothetical protein
BEAMACEP_08928	CDS	210				hypothetical protein
BEAMACEP_08929	CDS	93				hypothetical protein
BEAMACEP_08930	CDS	117				hypothetical protein
BEAMACEP_08931	CDS	93				hypothetical protein
BEAMACEP_08932	CDS	234				hypothetical protein
BEAMACEP_08933	CDS	93				hypothetical protein
BEAMACEP_08934	CDS	93				hypothetical protein
BEAMACEP_08935	CDS	129				hypothetical protein
BEAMACEP_08936	CDS	138				hypothetical protein
BEAMACEP_08937	CDS	135				hypothetical protein
BEAMACEP_08938	CDS	93				hypothetical protein
BEAMACEP_08939	CDS	93				hypothetical protein
BEAMACEP_08940	CDS	96				hypothetical protein
BEAMACEP_08941	CDS	96				hypothetical protein
BEAMACEP_08942	CDS	129				hypothetical protein
BEAMACEP_08943	CDS	99				hypothetical protein
BEAMACEP_08944	CDS	96				hypothetical protein
BEAMACEP_08945	CDS	138				hypothetical protein
BEAMACEP_08946	CDS	183				hypothetical protein
BEAMACEP_08947	CDS	96				hypothetical protein
BEAMACEP_08948	CDS	93				hypothetical protein
BEAMACEP_08949	CDS	114				hypothetical protein
BEAMACEP_08950	CDS	102				hypothetical protein
BEAMACEP_08951	CDS	96				hypothetical protein
BEAMACEP_08952	CDS	99				hypothetical protein
BEAMACEP_08953	CDS	120				hypothetical protein
BEAMACEP_08954	CDS	126				hypothetical protein
BEAMACEP_08955	CDS	117				hypothetical protein
BEAMACEP_08956	CDS	135				hypothetical protein
BEAMACEP_08957	CDS	147				hypothetical protein
BEAMACEP_08958	CDS	93				hypothetical protein
BEAMACEP_08959	CDS	138				hypothetical protein
BEAMACEP_08960	CDS	138				hypothetical protein
BEAMACEP_08961	CDS	129				hypothetical protein
BEAMACEP_08962	CDS	93				hypothetical protein
BEAMACEP_08963	CDS	93				hypothetical protein
BEAMACEP_08964	CDS	138				hypothetical protein
BEAMACEP_08965	CDS	138				hypothetical protein
BEAMACEP_08966	CDS	93				hypothetical protein
BEAMACEP_08967	CDS	138				hypothetical protein
BEAMACEP_08968	CDS	129				hypothetical protein
BEAMACEP_08969	CDS	210				hypothetical protein
BEAMACEP_08970	CDS	93				hypothetical protein
BEAMACEP_08971	CDS	93				hypothetical protein
BEAMACEP_08972	CDS	93				hypothetical protein
BEAMACEP_08973	CDS	117				hypothetical protein
BEAMACEP_08974	CDS	93				hypothetical protein
BEAMACEP_08975	CDS	129				hypothetical protein
BEAMACEP_08976	CDS	138				hypothetical protein
BEAMACEP_08977	CDS	135				hypothetical protein
BEAMACEP_08978	CDS	99				hypothetical protein
BEAMACEP_08979	CDS	138				hypothetical protein
BEAMACEP_08980	CDS	93				hypothetical protein
BEAMACEP_08981	CDS	129				hypothetical protein
BEAMACEP_08982	CDS	138				hypothetical protein
BEAMACEP_08983	CDS	120				hypothetical protein
BEAMACEP_08984	CDS	120				hypothetical protein
BEAMACEP_08985	CDS	93				hypothetical protein
BEAMACEP_08986	CDS	93				hypothetical protein
BEAMACEP_08987	CDS	201				hypothetical protein
BEAMACEP_08988	CDS	93				hypothetical protein
BEAMACEP_08989	CDS	138				hypothetical protein
BEAMACEP_08990	CDS	132				hypothetical protein
BEAMACEP_08991	CDS	120				hypothetical protein
BEAMACEP_08992	CDS	96				hypothetical protein
BEAMACEP_08993	CDS	147				hypothetical protein
BEAMACEP_08994	CDS	102				hypothetical protein
BEAMACEP_08995	CDS	93				hypothetical protein
BEAMACEP_08996	CDS	117				hypothetical protein
BEAMACEP_08997	CDS	225				hypothetical protein
BEAMACEP_08998	CDS	93				hypothetical protein
BEAMACEP_08999	CDS	111				hypothetical protein
BEAMACEP_09000	CDS	93				hypothetical protein
BEAMACEP_09001	CDS	114				hypothetical protein
BEAMACEP_09002	CDS	117				hypothetical protein
BEAMACEP_09003	CDS	96				hypothetical protein
BEAMACEP_09004	CDS	129				hypothetical protein
BEAMACEP_09005	CDS	96				hypothetical protein
BEAMACEP_09006	CDS	93				hypothetical protein
BEAMACEP_09007	CDS	147				hypothetical protein
BEAMACEP_09008	CDS	96				hypothetical protein
BEAMACEP_09009	CDS	93				hypothetical protein
BEAMACEP_09010	CDS	129				hypothetical protein
BEAMACEP_09011	CDS	159				hypothetical protein
BEAMACEP_09012	CDS	138				hypothetical protein
BEAMACEP_09013	CDS	135				hypothetical protein
BEAMACEP_09014	CDS	108				hypothetical protein
BEAMACEP_09015	CDS	117				hypothetical protein
BEAMACEP_09016	CDS	138				hypothetical protein
BEAMACEP_09017	CDS	141				hypothetical protein
BEAMACEP_09018	CDS	120				hypothetical protein
BEAMACEP_09019	CDS	96				hypothetical protein
BEAMACEP_09020	CDS	93				hypothetical protein
BEAMACEP_09021	CDS	123				hypothetical protein
BEAMACEP_09022	CDS	93				hypothetical protein
BEAMACEP_09023	CDS	93				hypothetical protein
BEAMACEP_09024	CDS	201				hypothetical protein
BEAMACEP_09025	CDS	93				hypothetical protein
BEAMACEP_09026	CDS	93				hypothetical protein
BEAMACEP_09027	CDS	93				hypothetical protein
BEAMACEP_09028	CDS	129				hypothetical protein
BEAMACEP_09029	CDS	147				hypothetical protein
BEAMACEP_09030	CDS	123				hypothetical protein
BEAMACEP_09031	CDS	93				hypothetical protein
BEAMACEP_09032	CDS	120				hypothetical protein
BEAMACEP_09033	CDS	93				hypothetical protein
BEAMACEP_09034	CDS	138				hypothetical protein
BEAMACEP_09035	CDS	129				hypothetical protein
BEAMACEP_09036	CDS	129				hypothetical protein
BEAMACEP_09037	CDS	120				hypothetical protein
BEAMACEP_09038	CDS	210				hypothetical protein
BEAMACEP_09039	CDS	96				hypothetical protein
BEAMACEP_09040	CDS	126				hypothetical protein
BEAMACEP_09041	CDS	117				hypothetical protein
BEAMACEP_09042	CDS	129				hypothetical protein
BEAMACEP_09043	CDS	135				hypothetical protein
BEAMACEP_09044	CDS	93				hypothetical protein
BEAMACEP_09045	CDS	129				hypothetical protein
BEAMACEP_09046	CDS	132				hypothetical protein
BEAMACEP_09047	CDS	96				hypothetical protein
BEAMACEP_09048	CDS	93				hypothetical protein
BEAMACEP_09049	CDS	129				hypothetical protein
BEAMACEP_09050	CDS	96				hypothetical protein
BEAMACEP_09051	CDS	126				hypothetical protein
BEAMACEP_09052	CDS	138				hypothetical protein
BEAMACEP_09053	CDS	129				hypothetical protein
BEAMACEP_09054	CDS	126				hypothetical protein
BEAMACEP_09055	CDS	93				hypothetical protein
BEAMACEP_09056	CDS	93				hypothetical protein
BEAMACEP_09057	CDS	144				hypothetical protein
BEAMACEP_09058	CDS	135				hypothetical protein
BEAMACEP_09059	CDS	93				hypothetical protein
BEAMACEP_09060	CDS	132				hypothetical protein
BEAMACEP_09061	CDS	126				hypothetical protein
BEAMACEP_09062	CDS	132				hypothetical protein
BEAMACEP_09063	CDS	138				hypothetical protein
BEAMACEP_09064	CDS	138				hypothetical protein
BEAMACEP_09065	CDS	117				hypothetical protein
BEAMACEP_09066	CDS	93				hypothetical protein
BEAMACEP_09067	CDS	93				hypothetical protein
BEAMACEP_09068	CDS	96				hypothetical protein
BEAMACEP_09069	CDS	93				hypothetical protein
BEAMACEP_09070	CDS	96				hypothetical protein
BEAMACEP_09071	CDS	138				hypothetical protein
BEAMACEP_09072	CDS	99				hypothetical protein
BEAMACEP_09073	CDS	96				hypothetical protein
BEAMACEP_09074	CDS	96				hypothetical protein
BEAMACEP_09075	CDS	102				hypothetical protein
BEAMACEP_09076	CDS	93				hypothetical protein
BEAMACEP_09077	CDS	123				hypothetical protein
BEAMACEP_09078	CDS	129				hypothetical protein
BEAMACEP_09079	CDS	96				hypothetical protein
BEAMACEP_09080	CDS	117				hypothetical protein
BEAMACEP_09081	CDS	93				hypothetical protein
BEAMACEP_09082	CDS	129				hypothetical protein
BEAMACEP_09083	CDS	129				hypothetical protein
BEAMACEP_09084	CDS	93				hypothetical protein
BEAMACEP_09085	CDS	129				hypothetical protein
BEAMACEP_09086	CDS	93				hypothetical protein
BEAMACEP_09087	CDS	201				hypothetical protein
BEAMACEP_09088	CDS	93				hypothetical protein
BEAMACEP_09089	CDS	93				hypothetical protein
BEAMACEP_09090	CDS	93				hypothetical protein
BEAMACEP_09091	CDS	138				hypothetical protein
BEAMACEP_09092	CDS	138				hypothetical protein
BEAMACEP_09093	CDS	93				hypothetical protein
BEAMACEP_09094	CDS	132				hypothetical protein
BEAMACEP_09095	CDS	93				hypothetical protein
BEAMACEP_09096	CDS	129				hypothetical protein
BEAMACEP_09097	CDS	129				hypothetical protein
BEAMACEP_09098	CDS	114				hypothetical protein
BEAMACEP_09099	CDS	129				hypothetical protein
BEAMACEP_09100	CDS	96				hypothetical protein
BEAMACEP_09101	CDS	135				hypothetical protein
BEAMACEP_09102	CDS	138				hypothetical protein
BEAMACEP_09103	CDS	219				hypothetical protein
BEAMACEP_09104	CDS	93				hypothetical protein
BEAMACEP_09105	CDS	96				hypothetical protein
BEAMACEP_09106	CDS	234				hypothetical protein
BEAMACEP_09107	CDS	234				hypothetical protein
BEAMACEP_09108	CDS	93				hypothetical protein
BEAMACEP_09109	CDS	138				hypothetical protein
BEAMACEP_09110	CDS	123				hypothetical protein
BEAMACEP_09111	CDS	117				hypothetical protein
BEAMACEP_09112	CDS	135				hypothetical protein
BEAMACEP_09113	CDS	93				hypothetical protein
BEAMACEP_09114	CDS	93				hypothetical protein
BEAMACEP_09115	CDS	117				hypothetical protein
BEAMACEP_09116	CDS	129				hypothetical protein
BEAMACEP_09117	CDS	114				hypothetical protein
BEAMACEP_09118	CDS	93				hypothetical protein
BEAMACEP_09119	CDS	93				hypothetical protein
BEAMACEP_09120	CDS	96				hypothetical protein
BEAMACEP_09121	CDS	93				hypothetical protein
BEAMACEP_09122	CDS	123				hypothetical protein
BEAMACEP_09123	CDS	96				hypothetical protein
BEAMACEP_09124	CDS	129				hypothetical protein
BEAMACEP_09125	CDS	180				hypothetical protein
BEAMACEP_09126	CDS	99				hypothetical protein
BEAMACEP_09127	CDS	117				hypothetical protein
BEAMACEP_09128	CDS	114				hypothetical protein
BEAMACEP_09129	CDS	93				hypothetical protein
BEAMACEP_09130	CDS	93				hypothetical protein
BEAMACEP_09131	CDS	93				hypothetical protein
BEAMACEP_09132	CDS	129				hypothetical protein
BEAMACEP_09133	CDS	120				hypothetical protein
BEAMACEP_09134	CDS	93				hypothetical protein
BEAMACEP_09135	CDS	159				hypothetical protein
BEAMACEP_09136	CDS	117				hypothetical protein
BEAMACEP_09137	CDS	216				hypothetical protein
BEAMACEP_09138	CDS	93				hypothetical protein
BEAMACEP_09139	CDS	138				hypothetical protein
BEAMACEP_09140	CDS	120				hypothetical protein
BEAMACEP_09141	CDS	93				hypothetical protein
BEAMACEP_09142	CDS	129				hypothetical protein
BEAMACEP_09143	CDS	93				hypothetical protein
BEAMACEP_09144	CDS	93				hypothetical protein
BEAMACEP_09145	CDS	147				hypothetical protein
BEAMACEP_09146	CDS	129				hypothetical protein
BEAMACEP_09147	CDS	132				hypothetical protein
BEAMACEP_09148	CDS	225				hypothetical protein
BEAMACEP_09149	CDS	93				hypothetical protein
BEAMACEP_09150	CDS	141				hypothetical protein
BEAMACEP_09151	CDS	102				hypothetical protein
BEAMACEP_09152	CDS	159				hypothetical protein
BEAMACEP_09153	CDS	111				hypothetical protein
BEAMACEP_09154	CDS	93				hypothetical protein
BEAMACEP_09155	CDS	105				hypothetical protein
BEAMACEP_09156	CDS	138				hypothetical protein
BEAMACEP_09157	CDS	147				hypothetical protein
BEAMACEP_09158	CDS	129				hypothetical protein
BEAMACEP_09159	CDS	120				hypothetical protein
BEAMACEP_09160	CDS	93				hypothetical protein
BEAMACEP_09161	CDS	159				hypothetical protein
BEAMACEP_09162	CDS	216				hypothetical protein
BEAMACEP_09163	CDS	96				hypothetical protein
BEAMACEP_09164	CDS	93				hypothetical protein
BEAMACEP_09165	CDS	108				hypothetical protein
BEAMACEP_09166	CDS	93				hypothetical protein
BEAMACEP_09167	CDS	138				hypothetical protein
BEAMACEP_09168	CDS	123				hypothetical protein
BEAMACEP_09169	CDS	93				hypothetical protein
BEAMACEP_09170	CDS	93				hypothetical protein
BEAMACEP_09171	CDS	93				hypothetical protein
BEAMACEP_09172	CDS	138				hypothetical protein
BEAMACEP_09173	CDS	117				hypothetical protein
BEAMACEP_09174	CDS	138				hypothetical protein
BEAMACEP_09175	CDS	93				hypothetical protein
BEAMACEP_09176	CDS	114				hypothetical protein
BEAMACEP_09177	CDS	96				hypothetical protein
BEAMACEP_09178	CDS	138				hypothetical protein
BEAMACEP_09179	CDS	96				hypothetical protein
BEAMACEP_09180	CDS	93				hypothetical protein
BEAMACEP_09181	CDS	114				hypothetical protein
BEAMACEP_09182	CDS	96				hypothetical protein
BEAMACEP_09183	CDS	234				hypothetical protein
BEAMACEP_09184	CDS	117				hypothetical protein
BEAMACEP_09185	CDS	129				hypothetical protein
BEAMACEP_09186	CDS	135				hypothetical protein
BEAMACEP_09187	CDS	138				hypothetical protein
BEAMACEP_09188	CDS	132				hypothetical protein
BEAMACEP_09189	CDS	219				hypothetical protein
BEAMACEP_09190	CDS	93				hypothetical protein
BEAMACEP_09191	CDS	147				hypothetical protein
BEAMACEP_09192	CDS	117				hypothetical protein
BEAMACEP_09193	CDS	180				hypothetical protein
BEAMACEP_09194	CDS	129				hypothetical protein
BEAMACEP_09195	CDS	93				hypothetical protein
BEAMACEP_09196	CDS	138				hypothetical protein
BEAMACEP_09197	CDS	93				hypothetical protein
BEAMACEP_09198	CDS	138				hypothetical protein
BEAMACEP_09199	CDS	96				hypothetical protein
BEAMACEP_09200	CDS	120				hypothetical protein
BEAMACEP_09201	CDS	192				hypothetical protein
BEAMACEP_09202	CDS	93				hypothetical protein
BEAMACEP_09203	CDS	153				hypothetical protein
BEAMACEP_09204	CDS	114				hypothetical protein
BEAMACEP_09205	CDS	138				hypothetical protein
BEAMACEP_09206	CDS	93				hypothetical protein
BEAMACEP_09207	CDS	138				hypothetical protein
BEAMACEP_09208	CDS	93				hypothetical protein
BEAMACEP_09209	CDS	105				hypothetical protein
BEAMACEP_09210	CDS	114				hypothetical protein
BEAMACEP_09211	CDS	129				hypothetical protein
BEAMACEP_09212	CDS	96				hypothetical protein
BEAMACEP_09213	CDS	129				hypothetical protein
BEAMACEP_09214	CDS	126				hypothetical protein
BEAMACEP_09215	CDS	96				hypothetical protein
BEAMACEP_09216	CDS	129				hypothetical protein
BEAMACEP_09217	CDS	93				hypothetical protein
BEAMACEP_09218	CDS	93				hypothetical protein
BEAMACEP_09219	CDS	138				hypothetical protein
BEAMACEP_09220	CDS	126				hypothetical protein
BEAMACEP_09221	CDS	129				hypothetical protein
BEAMACEP_09222	CDS	129				hypothetical protein
BEAMACEP_09223	CDS	129				hypothetical protein
BEAMACEP_09224	CDS	93				hypothetical protein
BEAMACEP_09225	CDS	129				hypothetical protein
BEAMACEP_09226	CDS	138				hypothetical protein
BEAMACEP_09227	CDS	93				hypothetical protein
BEAMACEP_09228	CDS	93				hypothetical protein
BEAMACEP_09229	CDS	93				hypothetical protein
BEAMACEP_09230	CDS	93				hypothetical protein
BEAMACEP_09231	CDS	93				hypothetical protein
BEAMACEP_09232	CDS	117				hypothetical protein
BEAMACEP_09233	CDS	108				hypothetical protein
BEAMACEP_09234	CDS	132				hypothetical protein
BEAMACEP_09235	CDS	138				hypothetical protein
BEAMACEP_09236	CDS	93				hypothetical protein
BEAMACEP_09237	CDS	129				hypothetical protein
BEAMACEP_09238	CDS	93				hypothetical protein
BEAMACEP_09239	CDS	93				hypothetical protein
BEAMACEP_09240	CDS	93				hypothetical protein
BEAMACEP_09241	CDS	147				hypothetical protein
BEAMACEP_09242	CDS	234				hypothetical protein
BEAMACEP_09243	CDS	93				hypothetical protein
BEAMACEP_09244	CDS	102				hypothetical protein
BEAMACEP_09245	CDS	129				hypothetical protein
BEAMACEP_09246	CDS	93				hypothetical protein
BEAMACEP_09247	CDS	129				hypothetical protein
BEAMACEP_09248	CDS	138				hypothetical protein
BEAMACEP_09249	CDS	147				hypothetical protein
BEAMACEP_09250	CDS	147				hypothetical protein
BEAMACEP_09251	CDS	225				hypothetical protein
BEAMACEP_09252	CDS	117				hypothetical protein
BEAMACEP_09253	CDS	138				hypothetical protein
BEAMACEP_09254	CDS	225				hypothetical protein
BEAMACEP_09255	CDS	138				hypothetical protein
BEAMACEP_09256	CDS	96				hypothetical protein
BEAMACEP_09257	CDS	135				hypothetical protein
BEAMACEP_09258	CDS	102				hypothetical protein
BEAMACEP_09259	CDS	93				hypothetical protein
BEAMACEP_09260	CDS	90				hypothetical protein
BEAMACEP_09261	CDS	120				hypothetical protein
BEAMACEP_09262	CDS	129				hypothetical protein
BEAMACEP_09263	CDS	129				hypothetical protein
BEAMACEP_09264	CDS	147				hypothetical protein
BEAMACEP_09265	CDS	147				hypothetical protein
BEAMACEP_09266	CDS	90				hypothetical protein
BEAMACEP_09267	CDS	135				hypothetical protein
BEAMACEP_09268	CDS	129				hypothetical protein
BEAMACEP_09269	CDS	117				hypothetical protein
BEAMACEP_09270	CDS	93				hypothetical protein
BEAMACEP_09271	CDS	93				hypothetical protein
BEAMACEP_09272	CDS	102				hypothetical protein
BEAMACEP_09273	CDS	99				hypothetical protein
BEAMACEP_09274	CDS	117				hypothetical protein
BEAMACEP_09275	CDS	93				hypothetical protein
BEAMACEP_09276	CDS	234				hypothetical protein
BEAMACEP_09277	CDS	117				hypothetical protein
BEAMACEP_09278	CDS	93				hypothetical protein
BEAMACEP_09279	CDS	99				hypothetical protein
BEAMACEP_09280	CDS	93				hypothetical protein
BEAMACEP_09281	CDS	93				hypothetical protein
BEAMACEP_09282	CDS	138				hypothetical protein
BEAMACEP_09283	CDS	120				hypothetical protein
BEAMACEP_09284	CDS	129				hypothetical protein
BEAMACEP_09285	CDS	138				hypothetical protein
BEAMACEP_09286	CDS	93				hypothetical protein
BEAMACEP_09287	CDS	132				hypothetical protein
BEAMACEP_09288	CDS	93				hypothetical protein
BEAMACEP_09289	CDS	93				hypothetical protein
BEAMACEP_09290	CDS	129				hypothetical protein
BEAMACEP_09291	CDS	93				hypothetical protein
BEAMACEP_09292	CDS	93				hypothetical protein
BEAMACEP_09293	CDS	126				hypothetical protein
BEAMACEP_09294	CDS	138				hypothetical protein
BEAMACEP_09295	CDS	120				hypothetical protein
BEAMACEP_09296	CDS	111				hypothetical protein
BEAMACEP_09297	CDS	138				hypothetical protein
BEAMACEP_09298	CDS	135				hypothetical protein
BEAMACEP_09299	CDS	138				hypothetical protein
BEAMACEP_09300	CDS	120				hypothetical protein
BEAMACEP_09301	CDS	93				hypothetical protein
BEAMACEP_09302	CDS	93				hypothetical protein
BEAMACEP_09303	CDS	114				hypothetical protein
BEAMACEP_09304	CDS	129				hypothetical protein
BEAMACEP_09305	CDS	93				hypothetical protein
BEAMACEP_09306	CDS	93				hypothetical protein
BEAMACEP_09307	CDS	93				hypothetical protein
BEAMACEP_09308	CDS	138				hypothetical protein
BEAMACEP_09309	CDS	93				hypothetical protein
BEAMACEP_09310	CDS	234				hypothetical protein
BEAMACEP_09311	CDS	129				hypothetical protein
BEAMACEP_09312	CDS	93				hypothetical protein
BEAMACEP_09313	CDS	138				hypothetical protein
BEAMACEP_09314	CDS	147				hypothetical protein
BEAMACEP_09315	CDS	93				hypothetical protein
BEAMACEP_09316	CDS	93				hypothetical protein
BEAMACEP_09317	CDS	123				hypothetical protein
BEAMACEP_09318	CDS	114				hypothetical protein
BEAMACEP_09319	CDS	129				hypothetical protein
BEAMACEP_09320	CDS	147				hypothetical protein
BEAMACEP_09321	CDS	129				hypothetical protein
BEAMACEP_09322	CDS	117				hypothetical protein
BEAMACEP_09323	CDS	129				hypothetical protein
BEAMACEP_09324	CDS	93				hypothetical protein
BEAMACEP_09325	CDS	129				hypothetical protein
BEAMACEP_09326	CDS	150				hypothetical protein
BEAMACEP_09327	CDS	93				hypothetical protein
BEAMACEP_09328	CDS	93				hypothetical protein
BEAMACEP_09329	CDS	93				hypothetical protein
BEAMACEP_09330	CDS	96				hypothetical protein
BEAMACEP_09331	CDS	93				hypothetical protein
BEAMACEP_09332	CDS	96				hypothetical protein
BEAMACEP_09333	CDS	96				hypothetical protein
BEAMACEP_09334	CDS	93				hypothetical protein
BEAMACEP_09335	CDS	132				hypothetical protein
BEAMACEP_09336	CDS	93				hypothetical protein
BEAMACEP_09337	CDS	219				hypothetical protein
BEAMACEP_09338	CDS	138				hypothetical protein
BEAMACEP_09339	CDS	114				hypothetical protein
BEAMACEP_09340	CDS	147				hypothetical protein
BEAMACEP_09341	CDS	93				hypothetical protein
BEAMACEP_09342	CDS	93				hypothetical protein
BEAMACEP_09343	CDS	138				hypothetical protein
BEAMACEP_09344	CDS	129				hypothetical protein
BEAMACEP_09345	CDS	93				hypothetical protein
BEAMACEP_09346	CDS	93				hypothetical protein
BEAMACEP_09347	CDS	129				hypothetical protein
BEAMACEP_09348	CDS	132				hypothetical protein
BEAMACEP_09349	CDS	210				hypothetical protein
BEAMACEP_09350	CDS	93				hypothetical protein
BEAMACEP_09351	CDS	138				hypothetical protein
BEAMACEP_09352	CDS	93				hypothetical protein
BEAMACEP_09353	CDS	123				hypothetical protein
BEAMACEP_09354	CDS	93				hypothetical protein
BEAMACEP_09355	CDS	234				hypothetical protein
BEAMACEP_09356	CDS	96				hypothetical protein
BEAMACEP_09357	CDS	138				hypothetical protein
BEAMACEP_09358	CDS	138				hypothetical protein
BEAMACEP_09359	CDS	93				hypothetical protein
BEAMACEP_09360	CDS	126				hypothetical protein
BEAMACEP_09361	CDS	117				hypothetical protein
BEAMACEP_09362	CDS	126				hypothetical protein
BEAMACEP_09363	CDS	93				hypothetical protein
BEAMACEP_09364	CDS	105				hypothetical protein
BEAMACEP_09365	CDS	102				hypothetical protein
BEAMACEP_09366	CDS	93				hypothetical protein
BEAMACEP_09367	CDS	147				hypothetical protein
BEAMACEP_09368	CDS	138				hypothetical protein
BEAMACEP_09369	CDS	93				hypothetical protein
BEAMACEP_09370	CDS	120				hypothetical protein
BEAMACEP_09371	CDS	129				hypothetical protein
BEAMACEP_09372	CDS	93				hypothetical protein
BEAMACEP_09373	CDS	138				hypothetical protein
BEAMACEP_09374	CDS	111				hypothetical protein
BEAMACEP_09375	CDS	138				hypothetical protein
BEAMACEP_09376	CDS	93				hypothetical protein
BEAMACEP_09377	CDS	225				hypothetical protein
BEAMACEP_09378	CDS	93				hypothetical protein
BEAMACEP_09379	CDS	234				hypothetical protein
BEAMACEP_09380	CDS	159				hypothetical protein
BEAMACEP_09381	CDS	96				hypothetical protein
BEAMACEP_09382	CDS	117				hypothetical protein
BEAMACEP_09383	CDS	93				hypothetical protein
BEAMACEP_09384	CDS	132				hypothetical protein
BEAMACEP_09385	CDS	93				hypothetical protein
BEAMACEP_09386	CDS	138				hypothetical protein
BEAMACEP_09387	CDS	93				hypothetical protein
BEAMACEP_09388	CDS	249				hypothetical protein
BEAMACEP_09389	CDS	93				hypothetical protein
BEAMACEP_09390	CDS	105				hypothetical protein
BEAMACEP_09391	CDS	93				hypothetical protein
BEAMACEP_09392	CDS	99				hypothetical protein
BEAMACEP_09393	CDS	96				hypothetical protein
BEAMACEP_09394	CDS	225				hypothetical protein
BEAMACEP_09395	CDS	234				hypothetical protein
BEAMACEP_09396	CDS	129				hypothetical protein
BEAMACEP_09397	CDS	117				hypothetical protein
BEAMACEP_09398	CDS	147				hypothetical protein
BEAMACEP_09399	CDS	105				hypothetical protein
BEAMACEP_09400	CDS	93				hypothetical protein
BEAMACEP_09401	CDS	138				hypothetical protein
BEAMACEP_09402	CDS	123				hypothetical protein
BEAMACEP_09403	CDS	126				hypothetical protein
BEAMACEP_09404	CDS	138				hypothetical protein
BEAMACEP_09405	CDS	105				hypothetical protein
BEAMACEP_09406	CDS	96				hypothetical protein
BEAMACEP_09407	CDS	129				hypothetical protein
BEAMACEP_09408	CDS	129				hypothetical protein
BEAMACEP_09409	CDS	117				hypothetical protein
BEAMACEP_09410	CDS	120				hypothetical protein
BEAMACEP_09411	CDS	108				hypothetical protein
BEAMACEP_09412	CDS	93				hypothetical protein
BEAMACEP_09413	CDS	93				hypothetical protein
BEAMACEP_09414	CDS	108				hypothetical protein
BEAMACEP_09415	CDS	225				hypothetical protein
BEAMACEP_09416	CDS	93				hypothetical protein
BEAMACEP_09417	CDS	96				hypothetical protein
BEAMACEP_09418	CDS	120				hypothetical protein
BEAMACEP_09419	CDS	96				hypothetical protein
BEAMACEP_09420	CDS	138				hypothetical protein
BEAMACEP_09421	CDS	210				hypothetical protein
BEAMACEP_09422	CDS	126				hypothetical protein
BEAMACEP_09423	CDS	105				hypothetical protein
BEAMACEP_09424	CDS	129				hypothetical protein
BEAMACEP_09425	CDS	132				hypothetical protein
BEAMACEP_09426	CDS	147				hypothetical protein
BEAMACEP_09427	CDS	96				hypothetical protein
BEAMACEP_09428	CDS	93				hypothetical protein
BEAMACEP_09429	CDS	93				hypothetical protein
BEAMACEP_09430	CDS	102				hypothetical protein
BEAMACEP_09431	CDS	93				hypothetical protein
BEAMACEP_09432	CDS	93				hypothetical protein
BEAMACEP_09433	CDS	114				hypothetical protein
BEAMACEP_09434	CDS	93				hypothetical protein
BEAMACEP_09435	CDS	144				hypothetical protein
BEAMACEP_09436	CDS	171				hypothetical protein
BEAMACEP_09437	CDS	147				hypothetical protein
BEAMACEP_09438	CDS	201				hypothetical protein
BEAMACEP_09439	CDS	117				hypothetical protein
BEAMACEP_09440	CDS	93				hypothetical protein
BEAMACEP_09441	CDS	114				hypothetical protein
BEAMACEP_09442	CDS	159				hypothetical protein
BEAMACEP_09443	CDS	105				hypothetical protein
BEAMACEP_09444	CDS	93				hypothetical protein
BEAMACEP_09445	CDS	105				hypothetical protein
BEAMACEP_09446	CDS	129				hypothetical protein
BEAMACEP_09447	CDS	114				hypothetical protein
BEAMACEP_09448	CDS	129				hypothetical protein
BEAMACEP_09449	CDS	93				hypothetical protein
BEAMACEP_09450	CDS	120				hypothetical protein
BEAMACEP_09451	CDS	102				hypothetical protein
BEAMACEP_09452	CDS	117				hypothetical protein
BEAMACEP_09453	CDS	129				hypothetical protein
BEAMACEP_09454	CDS	120				hypothetical protein
BEAMACEP_09455	CDS	129				hypothetical protein
BEAMACEP_09456	CDS	138				hypothetical protein
BEAMACEP_09457	CDS	150				hypothetical protein
BEAMACEP_09458	CDS	93				hypothetical protein
BEAMACEP_09459	CDS	114				hypothetical protein
BEAMACEP_09460	CDS	147				hypothetical protein
BEAMACEP_09461	CDS	96				hypothetical protein
BEAMACEP_09462	CDS	135				hypothetical protein
BEAMACEP_09463	CDS	138				hypothetical protein
BEAMACEP_09464	CDS	93				hypothetical protein
BEAMACEP_09465	CDS	210				hypothetical protein
BEAMACEP_09466	CDS	138				hypothetical protein
BEAMACEP_09467	CDS	114				hypothetical protein
BEAMACEP_09468	CDS	180				hypothetical protein
BEAMACEP_09469	CDS	93				hypothetical protein
BEAMACEP_09470	CDS	93				hypothetical protein
BEAMACEP_09471	CDS	114				hypothetical protein
BEAMACEP_09472	CDS	93				hypothetical protein
BEAMACEP_09473	CDS	93				hypothetical protein
BEAMACEP_09474	CDS	117				hypothetical protein
BEAMACEP_09475	CDS	138				hypothetical protein
BEAMACEP_09476	CDS	129				hypothetical protein
BEAMACEP_09477	CDS	138				hypothetical protein
BEAMACEP_09478	CDS	129				hypothetical protein
BEAMACEP_09479	CDS	129				hypothetical protein
BEAMACEP_09480	CDS	201				hypothetical protein
BEAMACEP_09481	CDS	129				hypothetical protein
BEAMACEP_09482	CDS	114				hypothetical protein
BEAMACEP_09483	CDS	132				hypothetical protein
BEAMACEP_09484	CDS	117				hypothetical protein
BEAMACEP_09485	CDS	120				hypothetical protein
BEAMACEP_09486	CDS	102				hypothetical protein
BEAMACEP_09487	CDS	234				hypothetical protein
BEAMACEP_09488	CDS	201				hypothetical protein
BEAMACEP_09489	CDS	210				hypothetical protein
BEAMACEP_09490	CDS	93				hypothetical protein
BEAMACEP_09491	CDS	129				hypothetical protein
BEAMACEP_09492	CDS	132				hypothetical protein
BEAMACEP_09493	CDS	105				hypothetical protein
BEAMACEP_09494	CDS	93				hypothetical protein
BEAMACEP_09495	CDS	117				hypothetical protein
BEAMACEP_09496	CDS	147				hypothetical protein
BEAMACEP_09497	CDS	129				hypothetical protein
BEAMACEP_09498	CDS	93				hypothetical protein
BEAMACEP_09499	CDS	105				hypothetical protein
BEAMACEP_09500	CDS	93				hypothetical protein
BEAMACEP_09501	CDS	138				hypothetical protein
BEAMACEP_09502	CDS	129				hypothetical protein
BEAMACEP_09503	CDS	102				hypothetical protein
BEAMACEP_09504	CDS	138				hypothetical protein
BEAMACEP_09505	CDS	129				hypothetical protein
BEAMACEP_09506	CDS	129				hypothetical protein
BEAMACEP_09507	CDS	93				hypothetical protein
BEAMACEP_09508	CDS	117				hypothetical protein
BEAMACEP_09509	CDS	216				hypothetical protein
BEAMACEP_09510	CDS	138				hypothetical protein
BEAMACEP_09511	CDS	114				hypothetical protein
BEAMACEP_09512	CDS	90				hypothetical protein
BEAMACEP_09513	CDS	126				hypothetical protein
BEAMACEP_09514	CDS	93				hypothetical protein
BEAMACEP_09515	CDS	96				hypothetical protein
BEAMACEP_09516	CDS	138				hypothetical protein
BEAMACEP_09517	CDS	120				hypothetical protein
BEAMACEP_09518	CDS	93				hypothetical protein
BEAMACEP_09519	CDS	138				hypothetical protein
BEAMACEP_09520	CDS	129				hypothetical protein
BEAMACEP_09521	CDS	129				hypothetical protein
BEAMACEP_09522	CDS	93				hypothetical protein
BEAMACEP_09523	CDS	93				hypothetical protein
BEAMACEP_09524	CDS	138				hypothetical protein
BEAMACEP_09525	CDS	105				hypothetical protein
BEAMACEP_09526	CDS	96				hypothetical protein
BEAMACEP_09527	CDS	132				hypothetical protein
BEAMACEP_09528	CDS	93				hypothetical protein
BEAMACEP_09529	CDS	138				hypothetical protein
BEAMACEP_09530	CDS	138				hypothetical protein
BEAMACEP_09531	CDS	96				hypothetical protein
BEAMACEP_09532	CDS	117				hypothetical protein
BEAMACEP_09533	CDS	210				hypothetical protein
BEAMACEP_09534	CDS	138				hypothetical protein
BEAMACEP_09535	CDS	138				hypothetical protein
BEAMACEP_09536	CDS	102				hypothetical protein
BEAMACEP_09537	CDS	93				hypothetical protein
BEAMACEP_09538	CDS	93				hypothetical protein
BEAMACEP_09539	CDS	147				hypothetical protein
BEAMACEP_09540	CDS	234				hypothetical protein
BEAMACEP_09541	CDS	93				hypothetical protein
BEAMACEP_09542	CDS	93				hypothetical protein
BEAMACEP_09543	CDS	129				hypothetical protein
BEAMACEP_09544	CDS	156				hypothetical protein
BEAMACEP_09545	CDS	123				hypothetical protein
BEAMACEP_09546	CDS	96				hypothetical protein
BEAMACEP_09547	CDS	138				hypothetical protein
BEAMACEP_09548	CDS	138				hypothetical protein
BEAMACEP_09549	CDS	147				hypothetical protein
BEAMACEP_09550	CDS	93				hypothetical protein
BEAMACEP_09551	CDS	93				hypothetical protein
BEAMACEP_09552	CDS	93				hypothetical protein
BEAMACEP_09553	CDS	129				hypothetical protein
BEAMACEP_09554	CDS	147				hypothetical protein
BEAMACEP_09555	CDS	126				hypothetical protein
BEAMACEP_09556	CDS	129				hypothetical protein
BEAMACEP_09557	CDS	132				hypothetical protein
BEAMACEP_09558	CDS	138				hypothetical protein
BEAMACEP_09559	CDS	93				hypothetical protein
BEAMACEP_09560	CDS	147				hypothetical protein
BEAMACEP_09561	CDS	93				hypothetical protein
BEAMACEP_09562	CDS	126				hypothetical protein
BEAMACEP_09563	CDS	96				hypothetical protein
BEAMACEP_09564	CDS	129				hypothetical protein
BEAMACEP_09565	CDS	129				hypothetical protein
BEAMACEP_09566	CDS	129				hypothetical protein
BEAMACEP_09567	CDS	129				hypothetical protein
BEAMACEP_09568	CDS	93				hypothetical protein
BEAMACEP_09569	CDS	120				hypothetical protein
BEAMACEP_09570	CDS	117				hypothetical protein
BEAMACEP_09571	CDS	114				hypothetical protein
BEAMACEP_09572	CDS	93				hypothetical protein
BEAMACEP_09573	CDS	93				hypothetical protein
BEAMACEP_09574	CDS	105				hypothetical protein
BEAMACEP_09575	CDS	117				hypothetical protein
BEAMACEP_09576	CDS	147				hypothetical protein
BEAMACEP_09577	CDS	96				hypothetical protein
BEAMACEP_09578	CDS	129				hypothetical protein
BEAMACEP_09579	CDS	93				hypothetical protein
BEAMACEP_09580	CDS	93				hypothetical protein
BEAMACEP_09581	CDS	132				hypothetical protein
BEAMACEP_09582	CDS	93				hypothetical protein
BEAMACEP_09583	CDS	93				hypothetical protein
BEAMACEP_09584	CDS	138				hypothetical protein
BEAMACEP_09585	CDS	129				hypothetical protein
BEAMACEP_09586	CDS	96				hypothetical protein
BEAMACEP_09587	CDS	138				hypothetical protein
BEAMACEP_09588	CDS	99				hypothetical protein
BEAMACEP_09589	CDS	132				hypothetical protein
BEAMACEP_09590	CDS	96				hypothetical protein
BEAMACEP_09591	CDS	93				hypothetical protein
BEAMACEP_09592	CDS	93				hypothetical protein
BEAMACEP_09593	CDS	135				hypothetical protein
BEAMACEP_09594	CDS	138				hypothetical protein
BEAMACEP_09595	CDS	225				hypothetical protein
BEAMACEP_09596	CDS	96				hypothetical protein
BEAMACEP_09597	CDS	225				hypothetical protein
BEAMACEP_09598	CDS	93				hypothetical protein
BEAMACEP_09599	CDS	195				hypothetical protein
BEAMACEP_09600	CDS	117				hypothetical protein
BEAMACEP_09601	CDS	120				hypothetical protein
BEAMACEP_09602	CDS	93				hypothetical protein
BEAMACEP_09603	CDS	117				hypothetical protein
BEAMACEP_09604	CDS	93				hypothetical protein
BEAMACEP_09605	CDS	93				hypothetical protein
BEAMACEP_09606	CDS	162				hypothetical protein
BEAMACEP_09607	CDS	129				hypothetical protein
BEAMACEP_09608	CDS	96				hypothetical protein
BEAMACEP_09609	CDS	93				hypothetical protein
BEAMACEP_09610	CDS	93				hypothetical protein
BEAMACEP_09611	CDS	93				hypothetical protein
BEAMACEP_09612	CDS	99				hypothetical protein
BEAMACEP_09613	CDS	216				hypothetical protein
BEAMACEP_09614	CDS	126				hypothetical protein
BEAMACEP_09615	CDS	96				hypothetical protein
BEAMACEP_09616	CDS	129				hypothetical protein
BEAMACEP_09617	CDS	93				hypothetical protein
BEAMACEP_09618	CDS	111				hypothetical protein
BEAMACEP_09619	CDS	129				hypothetical protein
BEAMACEP_09620	CDS	123				hypothetical protein
BEAMACEP_09621	CDS	120				hypothetical protein
BEAMACEP_09622	CDS	93				hypothetical protein
BEAMACEP_09623	CDS	93				hypothetical protein
BEAMACEP_09624	CDS	147				hypothetical protein
BEAMACEP_09625	CDS	96				hypothetical protein
BEAMACEP_09626	CDS	132				hypothetical protein
BEAMACEP_09627	CDS	117				hypothetical protein
BEAMACEP_09628	CDS	138				hypothetical protein
BEAMACEP_09629	CDS	129				hypothetical protein
BEAMACEP_09630	CDS	117				hypothetical protein
BEAMACEP_09631	CDS	129				hypothetical protein
BEAMACEP_09632	CDS	96				hypothetical protein
BEAMACEP_09633	CDS	93				hypothetical protein
BEAMACEP_09634	CDS	117				hypothetical protein
BEAMACEP_09635	CDS	99				hypothetical protein
BEAMACEP_09636	CDS	93				hypothetical protein
BEAMACEP_09637	CDS	210				hypothetical protein
BEAMACEP_09638	CDS	129				hypothetical protein
BEAMACEP_09639	CDS	138				hypothetical protein
BEAMACEP_09640	CDS	138				hypothetical protein
BEAMACEP_09641	CDS	210				hypothetical protein
BEAMACEP_09642	CDS	117				hypothetical protein
BEAMACEP_09643	CDS	210				hypothetical protein
BEAMACEP_09644	CDS	138				hypothetical protein
BEAMACEP_09645	CDS	93				hypothetical protein
BEAMACEP_09646	CDS	96				hypothetical protein
BEAMACEP_09647	CDS	105				hypothetical protein
BEAMACEP_09648	CDS	93				hypothetical protein
BEAMACEP_09649	CDS	129				hypothetical protein
BEAMACEP_09650	CDS	102				hypothetical protein
BEAMACEP_09651	CDS	147				hypothetical protein
BEAMACEP_09652	CDS	129				hypothetical protein
BEAMACEP_09653	CDS	132				hypothetical protein
BEAMACEP_09654	CDS	93				hypothetical protein
BEAMACEP_09655	CDS	93				hypothetical protein
BEAMACEP_09656	CDS	93				hypothetical protein
BEAMACEP_09657	CDS	93				hypothetical protein
BEAMACEP_09658	CDS	93				hypothetical protein
BEAMACEP_09659	CDS	129				hypothetical protein
BEAMACEP_09660	CDS	234				hypothetical protein
BEAMACEP_09661	CDS	114				hypothetical protein
BEAMACEP_09662	CDS	96				hypothetical protein
BEAMACEP_09663	CDS	93				hypothetical protein
BEAMACEP_09664	CDS	96				hypothetical protein
BEAMACEP_09665	CDS	129				hypothetical protein
BEAMACEP_09666	CDS	93				hypothetical protein
BEAMACEP_09667	CDS	129				hypothetical protein
BEAMACEP_09668	CDS	93				hypothetical protein
BEAMACEP_09669	CDS	138				hypothetical protein
BEAMACEP_09670	CDS	102				hypothetical protein
BEAMACEP_09671	CDS	117				hypothetical protein
BEAMACEP_09672	CDS	156				hypothetical protein
BEAMACEP_09673	CDS	93				hypothetical protein
BEAMACEP_09674	CDS	138				hypothetical protein
BEAMACEP_09675	CDS	132				hypothetical protein
BEAMACEP_09676	CDS	138				hypothetical protein
BEAMACEP_09677	CDS	138				hypothetical protein
BEAMACEP_09678	CDS	129				hypothetical protein
BEAMACEP_09679	CDS	126				hypothetical protein
BEAMACEP_09680	CDS	96				hypothetical protein
BEAMACEP_09681	CDS	93				hypothetical protein
BEAMACEP_09682	CDS	147				hypothetical protein
BEAMACEP_09683	CDS	132				hypothetical protein
BEAMACEP_09684	CDS	120				hypothetical protein
BEAMACEP_09685	CDS	114				hypothetical protein
BEAMACEP_09686	CDS	138				hypothetical protein
BEAMACEP_09687	CDS	93				hypothetical protein
BEAMACEP_09688	CDS	129				hypothetical protein
BEAMACEP_09689	CDS	138				hypothetical protein
BEAMACEP_09690	CDS	96				hypothetical protein
BEAMACEP_09691	CDS	135				hypothetical protein
BEAMACEP_09692	CDS	96				hypothetical protein
BEAMACEP_09693	CDS	132				hypothetical protein
BEAMACEP_09694	CDS	93				hypothetical protein
BEAMACEP_09695	CDS	93				hypothetical protein
BEAMACEP_09696	CDS	234				hypothetical protein
BEAMACEP_09697	CDS	147				hypothetical protein
BEAMACEP_09698	CDS	93				hypothetical protein
BEAMACEP_09699	CDS	102				hypothetical protein
BEAMACEP_09700	CDS	129				hypothetical protein
BEAMACEP_09701	CDS	120				hypothetical protein
BEAMACEP_09702	CDS	120				hypothetical protein
BEAMACEP_09703	CDS	234				hypothetical protein
BEAMACEP_09704	CDS	129				hypothetical protein
BEAMACEP_09705	CDS	93				hypothetical protein
BEAMACEP_09706	CDS	96				hypothetical protein
BEAMACEP_09707	CDS	102				hypothetical protein
BEAMACEP_09708	CDS	132				hypothetical protein
BEAMACEP_09709	CDS	114				hypothetical protein
BEAMACEP_09710	CDS	117				hypothetical protein
BEAMACEP_09711	CDS	129				hypothetical protein
BEAMACEP_09712	CDS	111				hypothetical protein
BEAMACEP_09713	CDS	99				hypothetical protein
BEAMACEP_09714	CDS	138				hypothetical protein
BEAMACEP_09715	CDS	129				hypothetical protein
BEAMACEP_09716	CDS	147				hypothetical protein
BEAMACEP_09717	CDS	114				hypothetical protein
BEAMACEP_09718	CDS	93				hypothetical protein
BEAMACEP_09719	CDS	129				hypothetical protein
BEAMACEP_09720	CDS	102				hypothetical protein
BEAMACEP_09721	CDS	210				hypothetical protein
BEAMACEP_09722	CDS	120				hypothetical protein
BEAMACEP_09723	CDS	129				hypothetical protein
BEAMACEP_09724	CDS	138				hypothetical protein
BEAMACEP_09725	CDS	132				hypothetical protein
BEAMACEP_09726	CDS	129				hypothetical protein
BEAMACEP_09727	CDS	129				hypothetical protein
BEAMACEP_09728	CDS	93				hypothetical protein
BEAMACEP_09729	CDS	225				hypothetical protein
BEAMACEP_09730	CDS	219				hypothetical protein
BEAMACEP_09731	CDS	135				hypothetical protein
BEAMACEP_09732	CDS	93				hypothetical protein
BEAMACEP_09733	CDS	129				hypothetical protein
BEAMACEP_09734	CDS	93				hypothetical protein
BEAMACEP_09735	CDS	93				hypothetical protein
BEAMACEP_09736	CDS	126				hypothetical protein
BEAMACEP_09737	CDS	138				hypothetical protein
BEAMACEP_09738	CDS	138				hypothetical protein
BEAMACEP_09739	CDS	129				hypothetical protein
BEAMACEP_09740	CDS	93				hypothetical protein
BEAMACEP_09741	CDS	93				hypothetical protein
BEAMACEP_09742	CDS	93				hypothetical protein
BEAMACEP_09743	CDS	93				hypothetical protein
BEAMACEP_09744	CDS	162				hypothetical protein
BEAMACEP_09745	CDS	129				hypothetical protein
BEAMACEP_09746	CDS	105				hypothetical protein
BEAMACEP_09747	CDS	96				hypothetical protein
BEAMACEP_09748	CDS	102				hypothetical protein
BEAMACEP_09749	CDS	126				hypothetical protein
BEAMACEP_09750	CDS	129				hypothetical protein
BEAMACEP_09751	CDS	114				hypothetical protein
BEAMACEP_09752	CDS	138				hypothetical protein
BEAMACEP_09753	CDS	147				hypothetical protein
BEAMACEP_09754	CDS	93				hypothetical protein
BEAMACEP_09755	CDS	93				hypothetical protein
BEAMACEP_09756	CDS	96				hypothetical protein
BEAMACEP_09757	CDS	129				hypothetical protein
BEAMACEP_09758	CDS	96				hypothetical protein
BEAMACEP_09759	CDS	138				hypothetical protein
BEAMACEP_09760	CDS	120				hypothetical protein
BEAMACEP_09761	CDS	96				hypothetical protein
BEAMACEP_09762	CDS	93				hypothetical protein
BEAMACEP_09763	CDS	93				hypothetical protein
BEAMACEP_09764	CDS	120				hypothetical protein
BEAMACEP_09765	CDS	129				hypothetical protein
BEAMACEP_09766	CDS	93				hypothetical protein
BEAMACEP_09767	CDS	93				hypothetical protein
BEAMACEP_09768	CDS	96				hypothetical protein
BEAMACEP_09769	CDS	93				hypothetical protein
BEAMACEP_09770	CDS	93				hypothetical protein
BEAMACEP_09771	CDS	126				hypothetical protein
BEAMACEP_09772	CDS	108				hypothetical protein
BEAMACEP_09773	CDS	93				hypothetical protein
BEAMACEP_09774	CDS	192				hypothetical protein
BEAMACEP_09775	CDS	99				hypothetical protein
BEAMACEP_09776	CDS	210				hypothetical protein
BEAMACEP_09777	CDS	117				hypothetical protein
BEAMACEP_09778	CDS	90				hypothetical protein
BEAMACEP_09779	CDS	159				hypothetical protein
BEAMACEP_09780	CDS	138				hypothetical protein
BEAMACEP_09781	CDS	132				hypothetical protein
BEAMACEP_09782	CDS	93				hypothetical protein
BEAMACEP_09783	CDS	117				hypothetical protein
BEAMACEP_09784	CDS	135				hypothetical protein
BEAMACEP_09785	CDS	129				hypothetical protein
BEAMACEP_09786	CDS	93				hypothetical protein
BEAMACEP_09787	CDS	129				hypothetical protein
BEAMACEP_09788	CDS	135				hypothetical protein
BEAMACEP_09789	CDS	93				hypothetical protein
BEAMACEP_09790	CDS	147				hypothetical protein
BEAMACEP_09791	CDS	126				hypothetical protein
BEAMACEP_09792	CDS	138				hypothetical protein
BEAMACEP_09793	CDS	234				hypothetical protein
BEAMACEP_09794	CDS	123				hypothetical protein
BEAMACEP_09795	CDS	147				hypothetical protein
BEAMACEP_09796	CDS	93				hypothetical protein
BEAMACEP_09797	CDS	138				hypothetical protein
BEAMACEP_09798	CDS	225				hypothetical protein
BEAMACEP_09799	CDS	129				hypothetical protein
BEAMACEP_09800	CDS	120				hypothetical protein
BEAMACEP_09801	CDS	129				hypothetical protein
BEAMACEP_09802	CDS	135				hypothetical protein
BEAMACEP_09803	CDS	117				hypothetical protein
BEAMACEP_09804	CDS	138				hypothetical protein
BEAMACEP_09805	CDS	93				hypothetical protein
BEAMACEP_09806	CDS	102				hypothetical protein
BEAMACEP_09807	CDS	93				hypothetical protein
BEAMACEP_09808	CDS	138				hypothetical protein
BEAMACEP_09809	CDS	93				hypothetical protein
BEAMACEP_09810	CDS	129				hypothetical protein
BEAMACEP_09811	CDS	117				hypothetical protein
BEAMACEP_09812	CDS	132				hypothetical protein
BEAMACEP_09813	CDS	219				hypothetical protein
BEAMACEP_09814	CDS	129				hypothetical protein
BEAMACEP_09815	CDS	135				hypothetical protein
BEAMACEP_09816	CDS	117				hypothetical protein
BEAMACEP_09817	CDS	93				hypothetical protein
BEAMACEP_09818	CDS	102				hypothetical protein
BEAMACEP_09819	CDS	129				hypothetical protein
BEAMACEP_09820	CDS	126				hypothetical protein
BEAMACEP_09821	CDS	129				hypothetical protein
BEAMACEP_09822	CDS	117				hypothetical protein
BEAMACEP_09823	CDS	93				hypothetical protein
BEAMACEP_09824	CDS	123				hypothetical protein
BEAMACEP_09825	CDS	117				hypothetical protein
BEAMACEP_09826	CDS	120				hypothetical protein
BEAMACEP_09827	CDS	147				hypothetical protein
BEAMACEP_09828	CDS	135				hypothetical protein
BEAMACEP_09829	CDS	147				hypothetical protein
BEAMACEP_09830	CDS	120				hypothetical protein
BEAMACEP_09831	CDS	93				hypothetical protein
BEAMACEP_09832	CDS	201				hypothetical protein
BEAMACEP_09833	CDS	234				hypothetical protein
BEAMACEP_09834	CDS	138				hypothetical protein
BEAMACEP_09835	CDS	93				hypothetical protein
BEAMACEP_09836	CDS	129				hypothetical protein
BEAMACEP_09837	CDS	93				hypothetical protein
BEAMACEP_09838	CDS	93				hypothetical protein
BEAMACEP_09839	CDS	93				hypothetical protein
BEAMACEP_09840	CDS	129				hypothetical protein
BEAMACEP_09841	CDS	147				hypothetical protein
BEAMACEP_09842	CDS	126				hypothetical protein
BEAMACEP_09843	CDS	93				hypothetical protein
BEAMACEP_09844	CDS	129				hypothetical protein
BEAMACEP_09845	CDS	96				hypothetical protein
BEAMACEP_09846	CDS	99				hypothetical protein
BEAMACEP_09847	CDS	129				hypothetical protein
BEAMACEP_09848	CDS	93				hypothetical protein
BEAMACEP_09849	CDS	129				hypothetical protein
BEAMACEP_09850	CDS	117				hypothetical protein
BEAMACEP_09851	CDS	129				hypothetical protein
BEAMACEP_09852	CDS	138				hypothetical protein
BEAMACEP_09853	CDS	129				hypothetical protein
BEAMACEP_09854	CDS	114				hypothetical protein
BEAMACEP_09855	CDS	93				hypothetical protein
BEAMACEP_09856	CDS	129				hypothetical protein
BEAMACEP_09857	CDS	93				hypothetical protein
BEAMACEP_09858	CDS	96				hypothetical protein
BEAMACEP_09859	CDS	93				hypothetical protein
BEAMACEP_09860	CDS	147				hypothetical protein
BEAMACEP_09861	CDS	102				hypothetical protein
BEAMACEP_09862	CDS	93				hypothetical protein
BEAMACEP_09863	CDS	129				hypothetical protein
BEAMACEP_09864	CDS	105				hypothetical protein
BEAMACEP_09865	CDS	114				hypothetical protein
BEAMACEP_09866	CDS	120				hypothetical protein
BEAMACEP_09867	CDS	129				hypothetical protein
BEAMACEP_09868	CDS	102				hypothetical protein
BEAMACEP_09869	CDS	126				hypothetical protein
BEAMACEP_09870	CDS	129				hypothetical protein
BEAMACEP_09871	CDS	126				hypothetical protein
BEAMACEP_09872	CDS	120				hypothetical protein
BEAMACEP_09873	CDS	93				hypothetical protein
BEAMACEP_09874	CDS	102				hypothetical protein
BEAMACEP_09875	CDS	147				hypothetical protein
BEAMACEP_09876	CDS	99				hypothetical protein
BEAMACEP_09877	CDS	120				hypothetical protein
BEAMACEP_09878	CDS	114				hypothetical protein
BEAMACEP_09879	CDS	144				hypothetical protein
BEAMACEP_09880	CDS	129				hypothetical protein
BEAMACEP_09881	CDS	129				hypothetical protein
BEAMACEP_09882	CDS	129				hypothetical protein
BEAMACEP_09883	CDS	114				hypothetical protein
BEAMACEP_09884	CDS	234				hypothetical protein
BEAMACEP_09885	CDS	114				hypothetical protein
BEAMACEP_09886	CDS	138				hypothetical protein
BEAMACEP_09887	CDS	96				hypothetical protein
BEAMACEP_09888	CDS	96				hypothetical protein
BEAMACEP_09889	CDS	114				hypothetical protein
BEAMACEP_09890	CDS	129				hypothetical protein
BEAMACEP_09891	CDS	138				hypothetical protein
BEAMACEP_09892	CDS	93				hypothetical protein
BEAMACEP_09893	CDS	120				hypothetical protein
BEAMACEP_09894	CDS	105				hypothetical protein
BEAMACEP_09895	CDS	93				hypothetical protein
BEAMACEP_09896	CDS	129				hypothetical protein
BEAMACEP_09897	CDS	234				hypothetical protein
BEAMACEP_09898	CDS	129				hypothetical protein
BEAMACEP_09899	CDS	138				hypothetical protein
BEAMACEP_09900	CDS	129				hypothetical protein
BEAMACEP_09901	CDS	117				hypothetical protein
BEAMACEP_09902	CDS	111				hypothetical protein
BEAMACEP_09903	CDS	129				hypothetical protein
BEAMACEP_09904	CDS	120				hypothetical protein
BEAMACEP_09905	CDS	93				hypothetical protein
BEAMACEP_09906	CDS	147				hypothetical protein
BEAMACEP_09907	CDS	114				hypothetical protein
BEAMACEP_09908	CDS	93				hypothetical protein
BEAMACEP_09909	CDS	225				hypothetical protein
BEAMACEP_09910	CDS	120				hypothetical protein
BEAMACEP_09911	CDS	93				hypothetical protein
BEAMACEP_09912	CDS	138				hypothetical protein
BEAMACEP_09913	CDS	93				hypothetical protein
BEAMACEP_09914	CDS	93				hypothetical protein
BEAMACEP_09915	CDS	135				hypothetical protein
BEAMACEP_09916	CDS	129				hypothetical protein
BEAMACEP_09917	CDS	117				hypothetical protein
BEAMACEP_09918	CDS	135				hypothetical protein
BEAMACEP_09919	CDS	93				hypothetical protein
BEAMACEP_09920	CDS	234				hypothetical protein
BEAMACEP_09921	CDS	129				hypothetical protein
BEAMACEP_09922	CDS	96				hypothetical protein
BEAMACEP_09923	CDS	99				hypothetical protein
BEAMACEP_09924	CDS	111				hypothetical protein
BEAMACEP_09925	CDS	129				hypothetical protein
BEAMACEP_09926	CDS	114				hypothetical protein
BEAMACEP_09927	CDS	129				hypothetical protein
BEAMACEP_09928	CDS	210				hypothetical protein
BEAMACEP_09929	CDS	132				hypothetical protein
BEAMACEP_09930	CDS	120				hypothetical protein
BEAMACEP_09931	CDS	90				hypothetical protein
BEAMACEP_09932	CDS	117				hypothetical protein
BEAMACEP_09933	CDS	129				hypothetical protein
BEAMACEP_09934	CDS	138				hypothetical protein
BEAMACEP_09935	CDS	129				hypothetical protein
BEAMACEP_09936	CDS	207				hypothetical protein
BEAMACEP_09937	CDS	117				hypothetical protein
BEAMACEP_09938	CDS	129				hypothetical protein
BEAMACEP_09939	CDS	120				hypothetical protein
BEAMACEP_09940	CDS	96				hypothetical protein
BEAMACEP_09941	CDS	120				hypothetical protein
BEAMACEP_09942	CDS	138				hypothetical protein
BEAMACEP_09943	CDS	147				hypothetical protein
BEAMACEP_09944	CDS	147				hypothetical protein
BEAMACEP_09945	CDS	147				hypothetical protein
BEAMACEP_09946	CDS	93				hypothetical protein
BEAMACEP_09947	CDS	117				hypothetical protein
BEAMACEP_09948	CDS	153				hypothetical protein
BEAMACEP_09949	CDS	114				hypothetical protein
BEAMACEP_09950	CDS	132				hypothetical protein
BEAMACEP_09951	CDS	93				hypothetical protein
BEAMACEP_09952	CDS	138				hypothetical protein
BEAMACEP_09953	CDS	117				hypothetical protein
BEAMACEP_09954	CDS	210				hypothetical protein
BEAMACEP_09955	CDS	141				hypothetical protein
BEAMACEP_09956	CDS	129				hypothetical protein
BEAMACEP_09957	CDS	126				hypothetical protein
BEAMACEP_09958	CDS	129				hypothetical protein
BEAMACEP_09959	CDS	111				hypothetical protein
BEAMACEP_09960	CDS	93				hypothetical protein
BEAMACEP_09961	CDS	135				hypothetical protein
BEAMACEP_09962	CDS	99				hypothetical protein
BEAMACEP_09963	CDS	93				hypothetical protein
BEAMACEP_09964	CDS	102				hypothetical protein
BEAMACEP_09965	CDS	225				hypothetical protein
BEAMACEP_09966	CDS	129				hypothetical protein
BEAMACEP_09967	CDS	147				hypothetical protein
BEAMACEP_09968	CDS	93				hypothetical protein
BEAMACEP_09969	CDS	93				hypothetical protein
BEAMACEP_09970	CDS	147				hypothetical protein
BEAMACEP_09971	CDS	129				hypothetical protein
BEAMACEP_09972	CDS	96				hypothetical protein
BEAMACEP_09973	CDS	129				hypothetical protein
BEAMACEP_09974	CDS	129				hypothetical protein
BEAMACEP_09975	CDS	93				hypothetical protein
BEAMACEP_09976	CDS	129				hypothetical protein
BEAMACEP_09977	CDS	120				hypothetical protein
BEAMACEP_09978	CDS	93				hypothetical protein
BEAMACEP_09979	CDS	93				hypothetical protein
BEAMACEP_09980	CDS	180				hypothetical protein
BEAMACEP_09981	CDS	216				hypothetical protein
BEAMACEP_09982	CDS	117				hypothetical protein
BEAMACEP_09983	CDS	129				hypothetical protein
BEAMACEP_09984	CDS	171				hypothetical protein
BEAMACEP_09985	CDS	93				hypothetical protein
BEAMACEP_09986	CDS	234				hypothetical protein
BEAMACEP_09987	CDS	93				hypothetical protein
BEAMACEP_09988	CDS	93				hypothetical protein
BEAMACEP_09989	CDS	93				hypothetical protein
BEAMACEP_09990	CDS	105				hypothetical protein
BEAMACEP_09991	CDS	93				hypothetical protein
BEAMACEP_09992	CDS	138				hypothetical protein
BEAMACEP_09993	CDS	219				hypothetical protein
BEAMACEP_09994	CDS	135				hypothetical protein
BEAMACEP_09995	CDS	93				hypothetical protein
BEAMACEP_09996	CDS	216				hypothetical protein
BEAMACEP_09997	CDS	93				hypothetical protein
BEAMACEP_09998	CDS	93				hypothetical protein
BEAMACEP_09999	CDS	156				hypothetical protein
BEAMACEP_10000	CDS	117				hypothetical protein
BEAMACEP_10001	CDS	117				hypothetical protein
BEAMACEP_10002	CDS	138				hypothetical protein
BEAMACEP_10003	CDS	93				hypothetical protein
BEAMACEP_10004	CDS	129				hypothetical protein
BEAMACEP_10005	CDS	105				hypothetical protein
BEAMACEP_10006	CDS	120				hypothetical protein
BEAMACEP_10007	CDS	93				hypothetical protein
BEAMACEP_10008	CDS	93				hypothetical protein
BEAMACEP_10009	CDS	114				hypothetical protein
BEAMACEP_10010	CDS	132				hypothetical protein
BEAMACEP_10011	CDS	129				hypothetical protein
BEAMACEP_10012	CDS	138				hypothetical protein
BEAMACEP_10013	CDS	105				hypothetical protein
BEAMACEP_10014	CDS	93				hypothetical protein
BEAMACEP_10015	CDS	129				hypothetical protein
BEAMACEP_10016	CDS	129				hypothetical protein
BEAMACEP_10017	CDS	93				hypothetical protein
BEAMACEP_10018	CDS	129				hypothetical protein
BEAMACEP_10019	CDS	93				hypothetical protein
BEAMACEP_10020	CDS	117				hypothetical protein
BEAMACEP_10021	CDS	129				hypothetical protein
BEAMACEP_10022	CDS	93				hypothetical protein
BEAMACEP_10023	CDS	177				hypothetical protein
BEAMACEP_10024	CDS	144				hypothetical protein
BEAMACEP_10025	CDS	93				hypothetical protein
BEAMACEP_10026	CDS	129				hypothetical protein
BEAMACEP_10027	CDS	105				hypothetical protein
BEAMACEP_10028	CDS	93				hypothetical protein
BEAMACEP_10029	CDS	93				hypothetical protein
BEAMACEP_10030	CDS	102				hypothetical protein
BEAMACEP_10031	CDS	234				hypothetical protein
BEAMACEP_10032	CDS	93				hypothetical protein
BEAMACEP_10033	CDS	159				hypothetical protein
BEAMACEP_10034	CDS	117				hypothetical protein
BEAMACEP_10035	CDS	147				hypothetical protein
BEAMACEP_10036	CDS	93				hypothetical protein
BEAMACEP_10037	CDS	93				hypothetical protein
BEAMACEP_10038	CDS	117				hypothetical protein
BEAMACEP_10039	CDS	138				hypothetical protein
BEAMACEP_10040	CDS	93				hypothetical protein
BEAMACEP_10041	CDS	129				hypothetical protein
BEAMACEP_10042	CDS	126				hypothetical protein
BEAMACEP_10043	CDS	120				hypothetical protein
BEAMACEP_10044	CDS	96				hypothetical protein
BEAMACEP_10045	CDS	147				hypothetical protein
BEAMACEP_10046	CDS	129				hypothetical protein
BEAMACEP_10047	CDS	129				hypothetical protein
BEAMACEP_10048	CDS	129				hypothetical protein
BEAMACEP_10049	CDS	138				hypothetical protein
BEAMACEP_10050	CDS	93				hypothetical protein
BEAMACEP_10051	CDS	138				hypothetical protein
BEAMACEP_10052	CDS	93				hypothetical protein
BEAMACEP_10053	CDS	129				hypothetical protein
BEAMACEP_10054	CDS	132				hypothetical protein
BEAMACEP_10055	CDS	225				hypothetical protein
BEAMACEP_10056	CDS	114				hypothetical protein
BEAMACEP_10057	CDS	99				hypothetical protein
BEAMACEP_10058	CDS	147				hypothetical protein
BEAMACEP_10059	CDS	126				hypothetical protein
BEAMACEP_10060	CDS	96				hypothetical protein
BEAMACEP_10061	CDS	138				hypothetical protein
BEAMACEP_10062	CDS	93				hypothetical protein
BEAMACEP_10063	CDS	120				hypothetical protein
BEAMACEP_10064	CDS	96				hypothetical protein
BEAMACEP_10065	CDS	234				hypothetical protein
BEAMACEP_10066	CDS	225				hypothetical protein
BEAMACEP_10067	CDS	93				hypothetical protein
BEAMACEP_10068	CDS	93				hypothetical protein
BEAMACEP_10069	CDS	93				hypothetical protein
BEAMACEP_10070	CDS	129				hypothetical protein
BEAMACEP_10071	CDS	186				hypothetical protein
BEAMACEP_10072	CDS	117				hypothetical protein
BEAMACEP_10073	CDS	129				hypothetical protein
BEAMACEP_10074	CDS	138				hypothetical protein
BEAMACEP_10075	CDS	93				hypothetical protein
BEAMACEP_10076	CDS	93				hypothetical protein
BEAMACEP_10077	CDS	93				hypothetical protein
BEAMACEP_10078	CDS	96				hypothetical protein
BEAMACEP_10079	CDS	129				hypothetical protein
BEAMACEP_10080	CDS	96				hypothetical protein
BEAMACEP_10081	CDS	132				hypothetical protein
BEAMACEP_10082	CDS	93				hypothetical protein
BEAMACEP_10083	CDS	171				hypothetical protein
BEAMACEP_10084	CDS	93				hypothetical protein
BEAMACEP_10085	CDS	138				hypothetical protein
BEAMACEP_10086	CDS	96				hypothetical protein
BEAMACEP_10087	CDS	93				hypothetical protein
BEAMACEP_10088	CDS	93				hypothetical protein
BEAMACEP_10089	CDS	162				hypothetical protein
BEAMACEP_10090	CDS	150				hypothetical protein
BEAMACEP_10091	CDS	138				hypothetical protein
BEAMACEP_10092	CDS	234				hypothetical protein
BEAMACEP_10093	CDS	93				hypothetical protein
BEAMACEP_10094	CDS	129				hypothetical protein
BEAMACEP_10095	CDS	129				hypothetical protein
BEAMACEP_10096	CDS	93				hypothetical protein
BEAMACEP_10097	CDS	93				hypothetical protein
BEAMACEP_10098	CDS	93				hypothetical protein
BEAMACEP_10099	CDS	129				hypothetical protein
BEAMACEP_10100	CDS	93				hypothetical protein
BEAMACEP_10101	CDS	114				hypothetical protein
BEAMACEP_10102	CDS	96				hypothetical protein
BEAMACEP_10103	CDS	93				hypothetical protein
BEAMACEP_10104	CDS	120				hypothetical protein
BEAMACEP_10105	CDS	171				hypothetical protein
BEAMACEP_10106	CDS	138				hypothetical protein
BEAMACEP_10107	CDS	93				hypothetical protein
BEAMACEP_10108	CDS	93				hypothetical protein
BEAMACEP_10109	CDS	120				hypothetical protein
BEAMACEP_10110	CDS	96				hypothetical protein
BEAMACEP_10111	CDS	210				hypothetical protein
BEAMACEP_10112	CDS	93				hypothetical protein
BEAMACEP_10113	CDS	117				hypothetical protein
BEAMACEP_10114	CDS	156				hypothetical protein
BEAMACEP_10115	CDS	96				hypothetical protein
BEAMACEP_10116	CDS	93				hypothetical protein
BEAMACEP_10117	CDS	93				hypothetical protein
BEAMACEP_10118	CDS	108				hypothetical protein
BEAMACEP_10119	CDS	93				hypothetical protein
BEAMACEP_10120	CDS	93				hypothetical protein
BEAMACEP_10121	CDS	135				hypothetical protein
BEAMACEP_10122	CDS	138				hypothetical protein
BEAMACEP_10123	CDS	93				hypothetical protein
BEAMACEP_10124	CDS	186				hypothetical protein
BEAMACEP_10125	CDS	138				hypothetical protein
BEAMACEP_10126	CDS	114				hypothetical protein
BEAMACEP_10127	CDS	132				hypothetical protein
BEAMACEP_10128	CDS	93				hypothetical protein
BEAMACEP_10129	CDS	159				hypothetical protein
BEAMACEP_10130	CDS	129				hypothetical protein
BEAMACEP_10131	CDS	93				hypothetical protein
BEAMACEP_10132	CDS	102				hypothetical protein
BEAMACEP_10133	CDS	147				hypothetical protein
BEAMACEP_10134	CDS	138				hypothetical protein
BEAMACEP_10135	CDS	126				hypothetical protein
BEAMACEP_10136	CDS	96				hypothetical protein
BEAMACEP_10137	CDS	93				hypothetical protein
BEAMACEP_10138	CDS	111				hypothetical protein
BEAMACEP_10139	CDS	120				hypothetical protein
BEAMACEP_10140	CDS	93				hypothetical protein
BEAMACEP_10141	CDS	93				hypothetical protein
BEAMACEP_10142	CDS	129				hypothetical protein
BEAMACEP_10143	CDS	93				hypothetical protein
BEAMACEP_10144	CDS	93				hypothetical protein
BEAMACEP_10145	CDS	93				hypothetical protein
BEAMACEP_10146	CDS	96				hypothetical protein
BEAMACEP_10147	CDS	129				hypothetical protein
BEAMACEP_10148	CDS	138				hypothetical protein
BEAMACEP_10149	CDS	129				hypothetical protein
BEAMACEP_10150	CDS	102				hypothetical protein
BEAMACEP_10151	CDS	108				hypothetical protein
BEAMACEP_10152	CDS	120				hypothetical protein
BEAMACEP_10153	CDS	150				hypothetical protein
BEAMACEP_10154	CDS	135				hypothetical protein
BEAMACEP_10155	CDS	102				hypothetical protein
BEAMACEP_10156	CDS	129				hypothetical protein
BEAMACEP_10157	CDS	93				hypothetical protein
BEAMACEP_10158	CDS	93				hypothetical protein
BEAMACEP_10159	CDS	102				hypothetical protein
BEAMACEP_10160	CDS	93				hypothetical protein
BEAMACEP_10161	CDS	129				hypothetical protein
BEAMACEP_10162	CDS	114				hypothetical protein
BEAMACEP_10163	CDS	117				hypothetical protein
BEAMACEP_10164	CDS	120				hypothetical protein
BEAMACEP_10165	CDS	96				hypothetical protein
BEAMACEP_10166	CDS	138				hypothetical protein
BEAMACEP_10167	CDS	147				hypothetical protein
BEAMACEP_10168	CDS	96				hypothetical protein
BEAMACEP_10169	CDS	234				hypothetical protein
BEAMACEP_10170	CDS	93				hypothetical protein
BEAMACEP_10171	CDS	129				hypothetical protein
BEAMACEP_10172	CDS	138				hypothetical protein
BEAMACEP_10173	CDS	132				hypothetical protein
BEAMACEP_10174	CDS	132				hypothetical protein
BEAMACEP_10175	CDS	93				hypothetical protein
BEAMACEP_10176	CDS	93				hypothetical protein
BEAMACEP_10177	CDS	93				hypothetical protein
BEAMACEP_10178	CDS	129				hypothetical protein
BEAMACEP_10179	CDS	93				hypothetical protein
BEAMACEP_10180	CDS	93				hypothetical protein
BEAMACEP_10181	CDS	117				hypothetical protein
BEAMACEP_10182	CDS	93				hypothetical protein
BEAMACEP_10183	CDS	129				hypothetical protein
BEAMACEP_10184	CDS	156				hypothetical protein
BEAMACEP_10185	CDS	96				hypothetical protein
BEAMACEP_10186	CDS	225				hypothetical protein
BEAMACEP_10187	CDS	129				hypothetical protein
BEAMACEP_10188	CDS	120				hypothetical protein
BEAMACEP_10189	CDS	93				hypothetical protein
BEAMACEP_10190	CDS	129				hypothetical protein
BEAMACEP_10191	CDS	117				hypothetical protein
BEAMACEP_10192	CDS	138				hypothetical protein
BEAMACEP_10193	CDS	135				hypothetical protein
BEAMACEP_10194	CDS	216				hypothetical protein
BEAMACEP_10195	CDS	201				hypothetical protein
BEAMACEP_10196	CDS	93				hypothetical protein
BEAMACEP_10197	CDS	93				hypothetical protein
BEAMACEP_10198	CDS	93				hypothetical protein
BEAMACEP_10199	CDS	117				hypothetical protein
BEAMACEP_10200	CDS	132				hypothetical protein
BEAMACEP_10201	CDS	126				hypothetical protein
BEAMACEP_10202	CDS	102				hypothetical protein
BEAMACEP_10203	CDS	96				hypothetical protein
BEAMACEP_10204	CDS	93				hypothetical protein
BEAMACEP_10205	CDS	93				hypothetical protein
BEAMACEP_10206	CDS	105				hypothetical protein
BEAMACEP_10207	CDS	93				hypothetical protein
BEAMACEP_10208	CDS	108				hypothetical protein
BEAMACEP_10209	CDS	129				hypothetical protein
BEAMACEP_10210	CDS	93				hypothetical protein
BEAMACEP_10211	CDS	111				hypothetical protein
BEAMACEP_10212	CDS	147				hypothetical protein
BEAMACEP_10213	CDS	129				hypothetical protein
BEAMACEP_10214	CDS	93				hypothetical protein
BEAMACEP_10215	CDS	126				hypothetical protein
BEAMACEP_10216	CDS	129				hypothetical protein
BEAMACEP_10217	CDS	102				hypothetical protein
BEAMACEP_10218	CDS	93				hypothetical protein
BEAMACEP_10219	CDS	225				hypothetical protein
BEAMACEP_10220	CDS	129				hypothetical protein
BEAMACEP_10221	CDS	234				hypothetical protein
BEAMACEP_10222	CDS	147				hypothetical protein
BEAMACEP_10223	CDS	129				hypothetical protein
BEAMACEP_10224	CDS	126				hypothetical protein
BEAMACEP_10225	CDS	111				hypothetical protein
BEAMACEP_10226	CDS	96				hypothetical protein
BEAMACEP_10227	CDS	138				hypothetical protein
BEAMACEP_10228	CDS	129				hypothetical protein
BEAMACEP_10229	CDS	123				hypothetical protein
BEAMACEP_10230	CDS	93				hypothetical protein
BEAMACEP_10231	CDS	132				hypothetical protein
BEAMACEP_10232	CDS	135				hypothetical protein
BEAMACEP_10233	CDS	93				hypothetical protein
BEAMACEP_10234	CDS	93				hypothetical protein
BEAMACEP_10235	CDS	93				hypothetical protein
BEAMACEP_10236	CDS	96				hypothetical protein
BEAMACEP_10237	CDS	105				hypothetical protein
BEAMACEP_10238	CDS	93				hypothetical protein
BEAMACEP_10239	CDS	93				hypothetical protein
BEAMACEP_10240	CDS	93				hypothetical protein
BEAMACEP_10241	CDS	129				hypothetical protein
BEAMACEP_10242	CDS	159				hypothetical protein
BEAMACEP_10243	CDS	129				hypothetical protein
BEAMACEP_10244	CDS	147				hypothetical protein
BEAMACEP_10245	CDS	129				hypothetical protein
BEAMACEP_10246	CDS	132				hypothetical protein
BEAMACEP_10247	CDS	129				hypothetical protein
BEAMACEP_10248	CDS	117				hypothetical protein
BEAMACEP_10249	CDS	120				hypothetical protein
BEAMACEP_10250	CDS	216				hypothetical protein
BEAMACEP_10251	CDS	225				hypothetical protein
BEAMACEP_10252	CDS	129				hypothetical protein
BEAMACEP_10253	CDS	96				hypothetical protein
BEAMACEP_10254	CDS	120				hypothetical protein
BEAMACEP_10255	CDS	129				hypothetical protein
BEAMACEP_10256	CDS	129				hypothetical protein
BEAMACEP_10257	CDS	102				hypothetical protein
BEAMACEP_10258	CDS	105				hypothetical protein
BEAMACEP_10259	CDS	129				hypothetical protein
BEAMACEP_10260	CDS	120				hypothetical protein
BEAMACEP_10261	CDS	117				hypothetical protein
BEAMACEP_10262	CDS	234				hypothetical protein
BEAMACEP_10263	CDS	93				hypothetical protein
BEAMACEP_10264	CDS	141				hypothetical protein
BEAMACEP_10265	CDS	147				hypothetical protein
BEAMACEP_10266	CDS	138				hypothetical protein
BEAMACEP_10267	CDS	135				hypothetical protein
BEAMACEP_10268	CDS	105				hypothetical protein
BEAMACEP_10269	CDS	93				hypothetical protein
BEAMACEP_10270	CDS	138				hypothetical protein
BEAMACEP_10271	CDS	129				hypothetical protein
BEAMACEP_10272	CDS	147				hypothetical protein
BEAMACEP_10273	CDS	93				hypothetical protein
BEAMACEP_10274	CDS	93				hypothetical protein
BEAMACEP_10275	CDS	120				hypothetical protein
BEAMACEP_10276	CDS	234				hypothetical protein
BEAMACEP_10277	CDS	129				hypothetical protein
BEAMACEP_10278	CDS	117				hypothetical protein
BEAMACEP_10279	CDS	93				hypothetical protein
BEAMACEP_10280	CDS	126				hypothetical protein
BEAMACEP_10281	CDS	129				hypothetical protein
BEAMACEP_10282	CDS	117				hypothetical protein
BEAMACEP_10283	CDS	102				hypothetical protein
BEAMACEP_10284	CDS	129				hypothetical protein
BEAMACEP_10285	CDS	114				hypothetical protein
BEAMACEP_10286	CDS	147				hypothetical protein
BEAMACEP_10287	CDS	129				hypothetical protein
BEAMACEP_10288	CDS	147				hypothetical protein
BEAMACEP_10289	CDS	129				hypothetical protein
BEAMACEP_10290	CDS	126				hypothetical protein
BEAMACEP_10291	CDS	132				hypothetical protein
BEAMACEP_10292	CDS	138				hypothetical protein
BEAMACEP_10293	CDS	114				hypothetical protein
BEAMACEP_10294	CDS	93				hypothetical protein
BEAMACEP_10295	CDS	138				hypothetical protein
BEAMACEP_10296	CDS	117				hypothetical protein
BEAMACEP_10297	CDS	114				hypothetical protein
BEAMACEP_10298	CDS	216				hypothetical protein
BEAMACEP_10299	CDS	102				hypothetical protein
BEAMACEP_10300	CDS	93				hypothetical protein
BEAMACEP_10301	CDS	138				hypothetical protein
BEAMACEP_10302	CDS	249				hypothetical protein
BEAMACEP_10303	CDS	171				hypothetical protein
BEAMACEP_10304	CDS	114				hypothetical protein
BEAMACEP_10305	CDS	93				hypothetical protein
BEAMACEP_10306	CDS	129				hypothetical protein
BEAMACEP_10307	CDS	114				hypothetical protein
BEAMACEP_10308	CDS	93				hypothetical protein
BEAMACEP_10309	CDS	93				hypothetical protein
BEAMACEP_10310	CDS	141				hypothetical protein
BEAMACEP_10311	CDS	117				hypothetical protein
BEAMACEP_10312	CDS	153				hypothetical protein
BEAMACEP_10313	CDS	129				hypothetical protein
BEAMACEP_10314	CDS	99				hypothetical protein
BEAMACEP_10315	CDS	138				hypothetical protein
BEAMACEP_10316	CDS	189				hypothetical protein
BEAMACEP_10317	CDS	129				hypothetical protein
BEAMACEP_10318	CDS	138				hypothetical protein
BEAMACEP_10319	CDS	120				hypothetical protein
BEAMACEP_10320	CDS	123				hypothetical protein
BEAMACEP_10321	CDS	93				hypothetical protein
BEAMACEP_10322	CDS	117				hypothetical protein
BEAMACEP_10323	CDS	93				hypothetical protein
BEAMACEP_10324	CDS	96				hypothetical protein
BEAMACEP_10325	CDS	93				hypothetical protein
BEAMACEP_10326	CDS	129				hypothetical protein
BEAMACEP_10327	CDS	93				hypothetical protein
BEAMACEP_10328	CDS	93				hypothetical protein
BEAMACEP_10329	CDS	99				hypothetical protein
BEAMACEP_10330	CDS	105				hypothetical protein
BEAMACEP_10331	CDS	126				hypothetical protein
BEAMACEP_10332	CDS	138				hypothetical protein
BEAMACEP_10333	CDS	129				hypothetical protein
BEAMACEP_10334	CDS	93				hypothetical protein
BEAMACEP_10335	CDS	117				hypothetical protein
BEAMACEP_10336	CDS	138				hypothetical protein
BEAMACEP_10337	CDS	129				hypothetical protein
BEAMACEP_10338	CDS	132				hypothetical protein
BEAMACEP_10339	CDS	129				hypothetical protein
BEAMACEP_10340	CDS	138				hypothetical protein
BEAMACEP_10341	CDS	120				hypothetical protein
BEAMACEP_10342	CDS	129				hypothetical protein
BEAMACEP_10343	CDS	117				hypothetical protein
BEAMACEP_10344	CDS	93				hypothetical protein
BEAMACEP_10345	CDS	114				hypothetical protein
BEAMACEP_10346	CDS	135				hypothetical protein
BEAMACEP_10347	CDS	93				hypothetical protein
BEAMACEP_10348	CDS	159				hypothetical protein
BEAMACEP_10349	CDS	93				hypothetical protein
BEAMACEP_10350	CDS	93				hypothetical protein
BEAMACEP_10351	CDS	138				hypothetical protein
BEAMACEP_10352	CDS	120				hypothetical protein
BEAMACEP_10353	CDS	117				hypothetical protein
BEAMACEP_10354	CDS	93				hypothetical protein
BEAMACEP_10355	CDS	132				hypothetical protein
BEAMACEP_10356	CDS	129				hypothetical protein
BEAMACEP_10357	CDS	93				hypothetical protein
BEAMACEP_10358	CDS	117				hypothetical protein
BEAMACEP_10359	CDS	93				hypothetical protein
BEAMACEP_10360	CDS	126				hypothetical protein
BEAMACEP_10361	CDS	120				hypothetical protein
BEAMACEP_10362	CDS	117				hypothetical protein
BEAMACEP_10363	CDS	129				hypothetical protein
BEAMACEP_10364	CDS	96				hypothetical protein
BEAMACEP_10365	CDS	93				hypothetical protein
BEAMACEP_10366	CDS	147				hypothetical protein
BEAMACEP_10367	CDS	93				hypothetical protein
BEAMACEP_10368	CDS	117				hypothetical protein
BEAMACEP_10369	CDS	129				hypothetical protein
BEAMACEP_10370	CDS	147				hypothetical protein
BEAMACEP_10371	CDS	93				hypothetical protein
BEAMACEP_10372	CDS	129				hypothetical protein
BEAMACEP_10373	CDS	138				hypothetical protein
BEAMACEP_10374	CDS	117				hypothetical protein
BEAMACEP_10375	CDS	93				hypothetical protein
BEAMACEP_10376	CDS	117				hypothetical protein
BEAMACEP_10377	CDS	123				hypothetical protein
BEAMACEP_10378	CDS	93				hypothetical protein
BEAMACEP_10379	CDS	120				hypothetical protein
BEAMACEP_10380	CDS	93				hypothetical protein
BEAMACEP_10381	CDS	138				hypothetical protein
BEAMACEP_10382	CDS	147				hypothetical protein
BEAMACEP_10383	CDS	90				hypothetical protein
BEAMACEP_10384	CDS	132				hypothetical protein
BEAMACEP_10385	CDS	102				hypothetical protein
BEAMACEP_10386	CDS	147				hypothetical protein
BEAMACEP_10387	CDS	123				hypothetical protein
BEAMACEP_10388	CDS	93				hypothetical protein
BEAMACEP_10389	CDS	147				hypothetical protein
BEAMACEP_10390	CDS	129				hypothetical protein
BEAMACEP_10391	CDS	216				hypothetical protein
BEAMACEP_10392	CDS	138				hypothetical protein
BEAMACEP_10393	CDS	105				hypothetical protein
BEAMACEP_10394	CDS	93				hypothetical protein
BEAMACEP_10395	CDS	93				hypothetical protein
BEAMACEP_10396	CDS	234				hypothetical protein
BEAMACEP_10397	CDS	126				hypothetical protein
BEAMACEP_10398	CDS	120				hypothetical protein
BEAMACEP_10399	CDS	105				hypothetical protein
BEAMACEP_10400	CDS	114				hypothetical protein
BEAMACEP_10401	CDS	129				hypothetical protein
BEAMACEP_10402	CDS	93				hypothetical protein
BEAMACEP_10403	CDS	138				hypothetical protein
BEAMACEP_10404	CDS	93				hypothetical protein
BEAMACEP_10405	CDS	132				hypothetical protein
BEAMACEP_10406	CDS	96				hypothetical protein
BEAMACEP_10407	CDS	93				hypothetical protein
BEAMACEP_10408	CDS	216				hypothetical protein
BEAMACEP_10409	CDS	126				hypothetical protein
BEAMACEP_10410	CDS	126				hypothetical protein
BEAMACEP_10411	CDS	147				hypothetical protein
BEAMACEP_10412	CDS	114				hypothetical protein
BEAMACEP_10413	CDS	138				hypothetical protein
BEAMACEP_10414	CDS	171				hypothetical protein
BEAMACEP_10415	CDS	114				hypothetical protein
BEAMACEP_10416	CDS	117				hypothetical protein
BEAMACEP_10417	CDS	93				hypothetical protein
BEAMACEP_10418	CDS	105				hypothetical protein
BEAMACEP_10419	CDS	138				hypothetical protein
BEAMACEP_10420	CDS	147				hypothetical protein
BEAMACEP_10421	CDS	129				hypothetical protein
BEAMACEP_10422	CDS	159				hypothetical protein
BEAMACEP_10423	CDS	138				hypothetical protein
BEAMACEP_10424	CDS	129				hypothetical protein
BEAMACEP_10425	CDS	93				hypothetical protein
BEAMACEP_10426	CDS	138				hypothetical protein
BEAMACEP_10427	CDS	102				hypothetical protein
BEAMACEP_10428	CDS	138				hypothetical protein
BEAMACEP_10429	CDS	129				hypothetical protein
BEAMACEP_10430	CDS	225				hypothetical protein
BEAMACEP_10431	CDS	117				hypothetical protein
BEAMACEP_10432	CDS	129				hypothetical protein
BEAMACEP_10433	CDS	96				hypothetical protein
BEAMACEP_10434	CDS	135				hypothetical protein
BEAMACEP_10435	CDS	117				hypothetical protein
BEAMACEP_10436	CDS	93				hypothetical protein
BEAMACEP_10437	CDS	93				hypothetical protein
BEAMACEP_10438	CDS	129				hypothetical protein
BEAMACEP_10439	CDS	138				hypothetical protein
BEAMACEP_10440	CDS	225				hypothetical protein
BEAMACEP_10441	CDS	138				hypothetical protein
BEAMACEP_10442	CDS	93				hypothetical protein
BEAMACEP_10443	CDS	93				hypothetical protein
BEAMACEP_10444	CDS	129				hypothetical protein
BEAMACEP_10445	CDS	93				hypothetical protein
BEAMACEP_10446	CDS	249				hypothetical protein
BEAMACEP_10447	CDS	126				hypothetical protein
BEAMACEP_10448	CDS	93				hypothetical protein
BEAMACEP_10449	CDS	93				hypothetical protein
BEAMACEP_10450	CDS	129				hypothetical protein
BEAMACEP_10451	CDS	138				hypothetical protein
BEAMACEP_10452	CDS	93				hypothetical protein
BEAMACEP_10453	CDS	129				hypothetical protein
BEAMACEP_10454	CDS	114				hypothetical protein
BEAMACEP_10455	CDS	129				hypothetical protein
BEAMACEP_10456	CDS	126				hypothetical protein
BEAMACEP_10457	CDS	114				hypothetical protein
BEAMACEP_10458	CDS	138				hypothetical protein
BEAMACEP_10459	CDS	93				hypothetical protein
BEAMACEP_10460	CDS	138				hypothetical protein
BEAMACEP_10461	CDS	138				hypothetical protein
BEAMACEP_10462	CDS	147				hypothetical protein
BEAMACEP_10463	CDS	117				hypothetical protein
BEAMACEP_10464	CDS	93				hypothetical protein
BEAMACEP_10465	CDS	93				hypothetical protein
BEAMACEP_10466	CDS	102				hypothetical protein
BEAMACEP_10467	CDS	114				hypothetical protein
BEAMACEP_10468	CDS	123				hypothetical protein
BEAMACEP_10469	CDS	93				hypothetical protein
BEAMACEP_10470	CDS	93				hypothetical protein
BEAMACEP_10471	CDS	132				hypothetical protein
BEAMACEP_10472	CDS	93				hypothetical protein
BEAMACEP_10473	CDS	147				hypothetical protein
BEAMACEP_10474	CDS	138				hypothetical protein
BEAMACEP_10475	CDS	114				hypothetical protein
BEAMACEP_10476	CDS	129				hypothetical protein
BEAMACEP_10477	CDS	114				hypothetical protein
BEAMACEP_10478	CDS	147				hypothetical protein
BEAMACEP_10479	CDS	108				hypothetical protein
BEAMACEP_10480	CDS	96				hypothetical protein
BEAMACEP_10481	CDS	93				hypothetical protein
BEAMACEP_10482	CDS	117				hypothetical protein
BEAMACEP_10483	CDS	138				hypothetical protein
BEAMACEP_10484	CDS	93				hypothetical protein
BEAMACEP_10485	CDS	114				hypothetical protein
BEAMACEP_10486	CDS	93				hypothetical protein
BEAMACEP_10487	CDS	96				hypothetical protein
BEAMACEP_10488	CDS	93				hypothetical protein
BEAMACEP_10489	CDS	129				hypothetical protein
BEAMACEP_10490	CDS	150				hypothetical protein
BEAMACEP_10491	CDS	138				hypothetical protein
BEAMACEP_10492	CDS	105				hypothetical protein
BEAMACEP_10493	CDS	93				hypothetical protein
BEAMACEP_10494	CDS	93				hypothetical protein
BEAMACEP_10495	CDS	93				hypothetical protein
BEAMACEP_10496	CDS	153				hypothetical protein
BEAMACEP_10497	CDS	132				hypothetical protein
BEAMACEP_10498	CDS	120				hypothetical protein
BEAMACEP_10499	CDS	93				hypothetical protein
BEAMACEP_10500	CDS	96				hypothetical protein
BEAMACEP_10501	CDS	138				hypothetical protein
BEAMACEP_10502	CDS	93				hypothetical protein
BEAMACEP_10503	CDS	129				hypothetical protein
BEAMACEP_10504	CDS	93				hypothetical protein
BEAMACEP_10505	CDS	102				hypothetical protein
BEAMACEP_10506	CDS	93				hypothetical protein
BEAMACEP_10507	CDS	138				hypothetical protein
BEAMACEP_10508	CDS	129				hypothetical protein
BEAMACEP_10509	CDS	99				hypothetical protein
BEAMACEP_10510	CDS	108				hypothetical protein
BEAMACEP_10511	CDS	126				hypothetical protein
BEAMACEP_10512	CDS	129				hypothetical protein
BEAMACEP_10513	CDS	93				hypothetical protein
BEAMACEP_10514	CDS	129				hypothetical protein
BEAMACEP_10515	CDS	225				hypothetical protein
BEAMACEP_10516	CDS	96				hypothetical protein
BEAMACEP_10517	CDS	129				hypothetical protein
BEAMACEP_10518	CDS	225				hypothetical protein
BEAMACEP_10519	CDS	120				hypothetical protein
BEAMACEP_10520	CDS	129				hypothetical protein
BEAMACEP_10521	CDS	126				hypothetical protein
BEAMACEP_10522	CDS	96				hypothetical protein
BEAMACEP_10523	CDS	93				hypothetical protein
BEAMACEP_10524	CDS	96				hypothetical protein
BEAMACEP_10525	CDS	138				hypothetical protein
BEAMACEP_10526	CDS	105				hypothetical protein
BEAMACEP_10527	CDS	129				hypothetical protein
BEAMACEP_10528	CDS	129				hypothetical protein
BEAMACEP_10529	CDS	93				hypothetical protein
BEAMACEP_10530	CDS	93				hypothetical protein
BEAMACEP_10531	CDS	138				hypothetical protein
BEAMACEP_10532	CDS	129				hypothetical protein
BEAMACEP_10533	CDS	123				hypothetical protein
BEAMACEP_10534	CDS	129				hypothetical protein
BEAMACEP_10535	CDS	93				hypothetical protein
BEAMACEP_10536	CDS	105				hypothetical protein
BEAMACEP_10537	CDS	105				hypothetical protein
BEAMACEP_10538	CDS	129				hypothetical protein
BEAMACEP_10539	CDS	234				hypothetical protein
BEAMACEP_10540	CDS	93				hypothetical protein
BEAMACEP_10541	CDS	93				hypothetical protein
BEAMACEP_10542	CDS	93				hypothetical protein
BEAMACEP_10543	CDS	114				hypothetical protein
BEAMACEP_10544	CDS	93				hypothetical protein
BEAMACEP_10545	CDS	93				hypothetical protein
BEAMACEP_10546	CDS	117				hypothetical protein
BEAMACEP_10547	CDS	135				hypothetical protein
BEAMACEP_10548	CDS	120				hypothetical protein
BEAMACEP_10549	CDS	96				hypothetical protein
BEAMACEP_10550	CDS	201				hypothetical protein
BEAMACEP_10551	CDS	117				hypothetical protein
BEAMACEP_10552	CDS	120				hypothetical protein
BEAMACEP_10553	CDS	93				hypothetical protein
BEAMACEP_10554	CDS	129				hypothetical protein
BEAMACEP_10555	CDS	132				hypothetical protein
BEAMACEP_10556	CDS	138				hypothetical protein
BEAMACEP_10557	CDS	123				hypothetical protein
BEAMACEP_10558	CDS	120				hypothetical protein
BEAMACEP_10559	CDS	120				hypothetical protein
BEAMACEP_10560	CDS	93				hypothetical protein
BEAMACEP_10561	CDS	117				hypothetical protein
BEAMACEP_10562	CDS	96				hypothetical protein
BEAMACEP_10563	CDS	93				hypothetical protein
BEAMACEP_10564	CDS	93				hypothetical protein
BEAMACEP_10565	CDS	114				hypothetical protein
BEAMACEP_10566	CDS	129				hypothetical protein
BEAMACEP_10567	CDS	126				hypothetical protein
BEAMACEP_10568	CDS	129				hypothetical protein
BEAMACEP_10569	CDS	135				hypothetical protein
BEAMACEP_10570	CDS	216				hypothetical protein
BEAMACEP_10571	CDS	93				hypothetical protein
BEAMACEP_10572	CDS	135				hypothetical protein
BEAMACEP_10573	CDS	129				hypothetical protein
BEAMACEP_10574	CDS	93				hypothetical protein
BEAMACEP_10575	CDS	129				hypothetical protein
BEAMACEP_10576	CDS	225				hypothetical protein
BEAMACEP_10577	CDS	147				hypothetical protein
BEAMACEP_10578	CDS	93				hypothetical protein
BEAMACEP_10579	CDS	129				hypothetical protein
BEAMACEP_10580	CDS	138				hypothetical protein
BEAMACEP_10581	CDS	93				hypothetical protein
BEAMACEP_10582	CDS	93				hypothetical protein
BEAMACEP_10583	CDS	156				hypothetical protein
BEAMACEP_10584	CDS	93				hypothetical protein
BEAMACEP_10585	CDS	120				hypothetical protein
BEAMACEP_10586	CDS	129				hypothetical protein
BEAMACEP_10587	CDS	132				hypothetical protein
BEAMACEP_10588	CDS	108				hypothetical protein
BEAMACEP_10589	CDS	93				hypothetical protein
BEAMACEP_10590	CDS	93				hypothetical protein
BEAMACEP_10591	CDS	93				hypothetical protein
BEAMACEP_10592	CDS	216				hypothetical protein
BEAMACEP_10593	CDS	171				hypothetical protein
BEAMACEP_10594	CDS	216				hypothetical protein
BEAMACEP_10595	CDS	99				hypothetical protein
BEAMACEP_10596	CDS	120				hypothetical protein
BEAMACEP_10597	CDS	117				hypothetical protein
BEAMACEP_10598	CDS	102				hypothetical protein
BEAMACEP_10599	CDS	96				hypothetical protein
BEAMACEP_10600	CDS	126				hypothetical protein
BEAMACEP_10601	CDS	96				hypothetical protein
BEAMACEP_10602	CDS	138				hypothetical protein
BEAMACEP_10603	CDS	93				hypothetical protein
BEAMACEP_10604	CDS	138				hypothetical protein
BEAMACEP_10605	CDS	117				hypothetical protein
BEAMACEP_10606	CDS	93				hypothetical protein
BEAMACEP_10607	CDS	93				hypothetical protein
BEAMACEP_10608	CDS	117				hypothetical protein
BEAMACEP_10609	CDS	138				hypothetical protein
BEAMACEP_10610	CDS	99				hypothetical protein
BEAMACEP_10611	CDS	129				hypothetical protein
BEAMACEP_10612	CDS	186				hypothetical protein
BEAMACEP_10613	CDS	117				hypothetical protein
BEAMACEP_10614	CDS	93				hypothetical protein
BEAMACEP_10615	CDS	93				hypothetical protein
BEAMACEP_10616	CDS	129				hypothetical protein
BEAMACEP_10617	CDS	96				hypothetical protein
BEAMACEP_10618	CDS	102				hypothetical protein
BEAMACEP_10619	CDS	120				hypothetical protein
BEAMACEP_10620	CDS	93				hypothetical protein
BEAMACEP_10621	CDS	129				hypothetical protein
BEAMACEP_10622	CDS	126				hypothetical protein
BEAMACEP_10623	CDS	93				hypothetical protein
BEAMACEP_10624	CDS	123				hypothetical protein
BEAMACEP_10625	CDS	234				hypothetical protein
BEAMACEP_10626	CDS	93				hypothetical protein
BEAMACEP_10627	CDS	234				hypothetical protein
BEAMACEP_10628	CDS	99				hypothetical protein
BEAMACEP_10629	CDS	93				hypothetical protein
BEAMACEP_10630	CDS	114				hypothetical protein
BEAMACEP_10631	CDS	129				hypothetical protein
BEAMACEP_10632	CDS	123				hypothetical protein
BEAMACEP_10633	CDS	138				hypothetical protein
BEAMACEP_10634	CDS	99				hypothetical protein
BEAMACEP_10635	CDS	114				hypothetical protein
BEAMACEP_10636	CDS	90				hypothetical protein
BEAMACEP_10637	CDS	129				hypothetical protein
BEAMACEP_10638	CDS	171				hypothetical protein
BEAMACEP_10639	CDS	93				hypothetical protein
BEAMACEP_10640	CDS	129				hypothetical protein
BEAMACEP_10641	CDS	102				hypothetical protein
BEAMACEP_10642	CDS	96				hypothetical protein
BEAMACEP_10643	CDS	138				hypothetical protein
BEAMACEP_10644	CDS	129				hypothetical protein
BEAMACEP_10645	CDS	99				hypothetical protein
BEAMACEP_10646	CDS	108				hypothetical protein
BEAMACEP_10647	CDS	93				hypothetical protein
BEAMACEP_10648	CDS	246				hypothetical protein
BEAMACEP_10649	CDS	120				hypothetical protein
BEAMACEP_10650	CDS	120				hypothetical protein
BEAMACEP_10651	CDS	138				hypothetical protein
BEAMACEP_10652	CDS	96				hypothetical protein
BEAMACEP_10653	CDS	129				hypothetical protein
BEAMACEP_10654	CDS	93				hypothetical protein
BEAMACEP_10655	CDS	93				hypothetical protein
BEAMACEP_10656	CDS	93				hypothetical protein
BEAMACEP_10657	CDS	135				hypothetical protein
BEAMACEP_10658	CDS	105				hypothetical protein
BEAMACEP_10659	CDS	93				hypothetical protein
BEAMACEP_10660	CDS	225				hypothetical protein
BEAMACEP_10661	CDS	108				hypothetical protein
BEAMACEP_10662	CDS	93				hypothetical protein
BEAMACEP_10663	CDS	129				hypothetical protein
BEAMACEP_10664	CDS	129				hypothetical protein
BEAMACEP_10665	CDS	102				hypothetical protein
BEAMACEP_10666	CDS	105				hypothetical protein
BEAMACEP_10667	CDS	138				hypothetical protein
BEAMACEP_10668	CDS	96				hypothetical protein
BEAMACEP_10669	CDS	129				hypothetical protein
BEAMACEP_10670	CDS	105				hypothetical protein
BEAMACEP_10671	CDS	93				hypothetical protein
BEAMACEP_10672	CDS	117				hypothetical protein
BEAMACEP_10673	CDS	96				hypothetical protein
BEAMACEP_10674	CDS	93				hypothetical protein
BEAMACEP_10675	CDS	93				hypothetical protein
BEAMACEP_10676	CDS	129				hypothetical protein
BEAMACEP_10677	CDS	138				hypothetical protein
BEAMACEP_10678	CDS	117				hypothetical protein
BEAMACEP_10679	CDS	147				hypothetical protein
BEAMACEP_10680	CDS	117				hypothetical protein
BEAMACEP_10681	CDS	99				hypothetical protein
BEAMACEP_10682	CDS	129				hypothetical protein
BEAMACEP_10683	CDS	93				hypothetical protein
BEAMACEP_10684	CDS	93				hypothetical protein
BEAMACEP_10685	CDS	105				hypothetical protein
BEAMACEP_10686	CDS	129				hypothetical protein
BEAMACEP_10687	CDS	129				hypothetical protein
BEAMACEP_10688	CDS	201				hypothetical protein
BEAMACEP_10689	CDS	120				hypothetical protein
BEAMACEP_10690	CDS	93				hypothetical protein
BEAMACEP_10691	CDS	129				hypothetical protein
BEAMACEP_10692	CDS	96				hypothetical protein
BEAMACEP_10693	CDS	99				hypothetical protein
BEAMACEP_10694	CDS	123				hypothetical protein
BEAMACEP_10695	CDS	93				hypothetical protein
BEAMACEP_10696	CDS	138				hypothetical protein
BEAMACEP_10697	CDS	93				hypothetical protein
BEAMACEP_10698	CDS	90				hypothetical protein
BEAMACEP_10699	CDS	93				hypothetical protein
BEAMACEP_10700	CDS	120				hypothetical protein
BEAMACEP_10701	CDS	138				hypothetical protein
BEAMACEP_10702	CDS	138				hypothetical protein
BEAMACEP_10703	CDS	96				hypothetical protein
BEAMACEP_10704	CDS	126				hypothetical protein
BEAMACEP_10705	CDS	117				hypothetical protein
BEAMACEP_10706	CDS	138				hypothetical protein
BEAMACEP_10707	CDS	261				hypothetical protein
BEAMACEP_10708	CDS	129				hypothetical protein
BEAMACEP_10709	CDS	120				hypothetical protein
BEAMACEP_10710	CDS	138				hypothetical protein
BEAMACEP_10711	CDS	117				hypothetical protein
BEAMACEP_10712	CDS	126				hypothetical protein
BEAMACEP_10713	CDS	132				hypothetical protein
BEAMACEP_10714	CDS	120				hypothetical protein
BEAMACEP_10715	CDS	129				hypothetical protein
BEAMACEP_10716	CDS	138				hypothetical protein
BEAMACEP_10717	CDS	114				hypothetical protein
BEAMACEP_10718	CDS	117				hypothetical protein
BEAMACEP_10719	CDS	102				hypothetical protein
BEAMACEP_10720	CDS	201				hypothetical protein
BEAMACEP_10721	CDS	138				hypothetical protein
BEAMACEP_10722	CDS	120				hypothetical protein
BEAMACEP_10723	CDS	117				hypothetical protein
BEAMACEP_10724	CDS	96				hypothetical protein
BEAMACEP_10725	CDS	135				hypothetical protein
BEAMACEP_10726	CDS	156				hypothetical protein
BEAMACEP_10727	CDS	126				hypothetical protein
BEAMACEP_10728	CDS	123				hypothetical protein
BEAMACEP_10729	CDS	138				hypothetical protein
BEAMACEP_10730	CDS	120				hypothetical protein
BEAMACEP_10731	CDS	120				hypothetical protein
BEAMACEP_10732	CDS	129				hypothetical protein
BEAMACEP_10733	CDS	129				hypothetical protein
BEAMACEP_10734	CDS	93				hypothetical protein
BEAMACEP_10735	CDS	105				hypothetical protein
BEAMACEP_10736	CDS	93				hypothetical protein
BEAMACEP_10737	CDS	117				hypothetical protein
BEAMACEP_10738	CDS	93				hypothetical protein
BEAMACEP_10739	CDS	129				hypothetical protein
BEAMACEP_10740	CDS	147				hypothetical protein
BEAMACEP_10741	CDS	117				hypothetical protein
BEAMACEP_10742	CDS	114				hypothetical protein
BEAMACEP_10743	CDS	90				hypothetical protein
BEAMACEP_10744	CDS	93				hypothetical protein
BEAMACEP_10745	CDS	120				hypothetical protein
BEAMACEP_10746	CDS	102				hypothetical protein
BEAMACEP_10747	CDS	93				hypothetical protein
BEAMACEP_10748	CDS	129				hypothetical protein
BEAMACEP_10749	CDS	147				hypothetical protein
BEAMACEP_10750	CDS	132				hypothetical protein
BEAMACEP_10751	CDS	138				hypothetical protein
BEAMACEP_10752	CDS	117				hypothetical protein
BEAMACEP_10753	CDS	132				hypothetical protein
BEAMACEP_10754	CDS	117				hypothetical protein
BEAMACEP_10755	CDS	90				hypothetical protein
BEAMACEP_10756	CDS	96				hypothetical protein
BEAMACEP_10757	CDS	120				hypothetical protein
BEAMACEP_10758	CDS	96				hypothetical protein
BEAMACEP_10759	CDS	126				hypothetical protein
BEAMACEP_10760	CDS	147				hypothetical protein
BEAMACEP_10761	CDS	129				hypothetical protein
BEAMACEP_10762	CDS	93				hypothetical protein
BEAMACEP_10763	CDS	120				hypothetical protein
BEAMACEP_10764	CDS	102				hypothetical protein
BEAMACEP_10765	CDS	93				hypothetical protein
BEAMACEP_10766	CDS	147				hypothetical protein
BEAMACEP_10767	CDS	108				hypothetical protein
BEAMACEP_10768	CDS	96				hypothetical protein
BEAMACEP_10769	CDS	93				hypothetical protein
BEAMACEP_10770	CDS	129				hypothetical protein
BEAMACEP_10771	CDS	93				hypothetical protein
BEAMACEP_10772	CDS	93				hypothetical protein
BEAMACEP_10773	CDS	129				hypothetical protein
BEAMACEP_10774	CDS	120				hypothetical protein
BEAMACEP_10775	CDS	93				hypothetical protein
BEAMACEP_10776	CDS	138				hypothetical protein
BEAMACEP_10777	CDS	93				hypothetical protein
BEAMACEP_10778	CDS	129				hypothetical protein
BEAMACEP_10779	CDS	129				hypothetical protein
BEAMACEP_10780	CDS	93				hypothetical protein
BEAMACEP_10781	CDS	237				hypothetical protein
BEAMACEP_10782	CDS	132				hypothetical protein
BEAMACEP_10783	CDS	93				hypothetical protein
BEAMACEP_10784	CDS	102				hypothetical protein
BEAMACEP_10785	CDS	120				hypothetical protein
BEAMACEP_10786	CDS	138				hypothetical protein
BEAMACEP_10787	CDS	117				hypothetical protein
BEAMACEP_10788	CDS	102				hypothetical protein
BEAMACEP_10789	CDS	129				hypothetical protein
BEAMACEP_10790	CDS	132				hypothetical protein
BEAMACEP_10791	CDS	114				hypothetical protein
BEAMACEP_10792	CDS	117				hypothetical protein
BEAMACEP_10793	CDS	93				hypothetical protein
BEAMACEP_10794	CDS	129				hypothetical protein
BEAMACEP_10795	CDS	129				hypothetical protein
BEAMACEP_10796	CDS	234				hypothetical protein
BEAMACEP_10797	CDS	126				hypothetical protein
BEAMACEP_10798	CDS	93				hypothetical protein
BEAMACEP_10799	CDS	99				hypothetical protein
BEAMACEP_10800	CDS	132				hypothetical protein
BEAMACEP_10801	CDS	132				hypothetical protein
BEAMACEP_10802	CDS	120				hypothetical protein
BEAMACEP_10803	CDS	93				hypothetical protein
BEAMACEP_10804	CDS	129				hypothetical protein
BEAMACEP_10805	CDS	135				hypothetical protein
BEAMACEP_10806	CDS	216				hypothetical protein
BEAMACEP_10807	CDS	132				hypothetical protein
BEAMACEP_10808	CDS	123				hypothetical protein
BEAMACEP_10809	CDS	93				hypothetical protein
BEAMACEP_10810	CDS	93				hypothetical protein
BEAMACEP_10811	CDS	210				hypothetical protein
BEAMACEP_10812	CDS	135				hypothetical protein
BEAMACEP_10813	CDS	132				hypothetical protein
BEAMACEP_10814	CDS	114				hypothetical protein
BEAMACEP_10815	CDS	111				hypothetical protein
BEAMACEP_10816	CDS	93				hypothetical protein
BEAMACEP_10817	CDS	93				hypothetical protein
BEAMACEP_10818	CDS	138				hypothetical protein
BEAMACEP_10819	CDS	123				hypothetical protein
BEAMACEP_10820	CDS	147				hypothetical protein
BEAMACEP_10821	CDS	99				hypothetical protein
BEAMACEP_10822	CDS	93				hypothetical protein
BEAMACEP_10823	CDS	123				hypothetical protein
BEAMACEP_10824	CDS	93				hypothetical protein
BEAMACEP_10825	CDS	129				hypothetical protein
BEAMACEP_10826	CDS	99				hypothetical protein
BEAMACEP_10827	CDS	93				hypothetical protein
BEAMACEP_10828	CDS	93				hypothetical protein
BEAMACEP_10829	CDS	105				hypothetical protein
BEAMACEP_10830	CDS	93				hypothetical protein
BEAMACEP_10831	CDS	93				hypothetical protein
BEAMACEP_10832	CDS	147				hypothetical protein
BEAMACEP_10833	CDS	93				hypothetical protein
BEAMACEP_10834	CDS	138				hypothetical protein
BEAMACEP_10835	CDS	93				hypothetical protein
BEAMACEP_10836	CDS	114				hypothetical protein
BEAMACEP_10837	CDS	150				hypothetical protein
BEAMACEP_10838	CDS	102				hypothetical protein
BEAMACEP_10839	CDS	132				hypothetical protein
BEAMACEP_10840	CDS	96				hypothetical protein
BEAMACEP_10841	CDS	162				hypothetical protein
BEAMACEP_10842	CDS	204				hypothetical protein
BEAMACEP_10843	CDS	138				hypothetical protein
BEAMACEP_10844	CDS	93				hypothetical protein
BEAMACEP_10845	CDS	93				hypothetical protein
BEAMACEP_10846	CDS	108				hypothetical protein
BEAMACEP_10847	CDS	93				hypothetical protein
BEAMACEP_10848	CDS	93				hypothetical protein
BEAMACEP_10849	CDS	138				hypothetical protein
BEAMACEP_10850	CDS	123				hypothetical protein
BEAMACEP_10851	CDS	117				hypothetical protein
BEAMACEP_10852	CDS	105				hypothetical protein
BEAMACEP_10853	CDS	123				hypothetical protein
BEAMACEP_10854	CDS	93				hypothetical protein
BEAMACEP_10855	CDS	135				hypothetical protein
BEAMACEP_10856	CDS	147				hypothetical protein
BEAMACEP_10857	CDS	135				hypothetical protein
BEAMACEP_10858	CDS	138				hypothetical protein
BEAMACEP_10859	CDS	96				hypothetical protein
BEAMACEP_10860	CDS	180				hypothetical protein
BEAMACEP_10861	CDS	93				hypothetical protein
BEAMACEP_10862	CDS	96				hypothetical protein
BEAMACEP_10863	CDS	90				hypothetical protein
BEAMACEP_10864	CDS	93				hypothetical protein
BEAMACEP_10865	CDS	105				hypothetical protein
BEAMACEP_10866	CDS	105				hypothetical protein
BEAMACEP_10867	CDS	129				hypothetical protein
BEAMACEP_10868	CDS	93				hypothetical protein
BEAMACEP_10869	CDS	135				hypothetical protein
BEAMACEP_10870	CDS	132				hypothetical protein
BEAMACEP_10871	CDS	147				hypothetical protein
BEAMACEP_10872	CDS	147				hypothetical protein
BEAMACEP_10873	CDS	138				hypothetical protein
BEAMACEP_10874	CDS	96				hypothetical protein
BEAMACEP_10875	CDS	93				hypothetical protein
BEAMACEP_10876	CDS	93				hypothetical protein
BEAMACEP_10877	CDS	129				hypothetical protein
BEAMACEP_10878	CDS	129				hypothetical protein
BEAMACEP_10879	CDS	96				hypothetical protein
BEAMACEP_10880	CDS	96				hypothetical protein
BEAMACEP_10881	CDS	93				hypothetical protein
BEAMACEP_10882	CDS	93				hypothetical protein
BEAMACEP_10883	CDS	123				hypothetical protein
BEAMACEP_10884	CDS	105				hypothetical protein
BEAMACEP_10885	CDS	138				hypothetical protein
BEAMACEP_10886	CDS	93				hypothetical protein
BEAMACEP_10887	CDS	96				hypothetical protein
BEAMACEP_10888	CDS	93				hypothetical protein
BEAMACEP_10889	CDS	99				hypothetical protein
BEAMACEP_10890	CDS	93				hypothetical protein
BEAMACEP_10891	CDS	114				hypothetical protein
BEAMACEP_10892	CDS	93				hypothetical protein
BEAMACEP_10893	CDS	93				hypothetical protein
BEAMACEP_10894	CDS	117				hypothetical protein
BEAMACEP_10895	CDS	93				hypothetical protein
BEAMACEP_10896	CDS	93				hypothetical protein
BEAMACEP_10897	CDS	105				hypothetical protein
BEAMACEP_10898	CDS	96				hypothetical protein
BEAMACEP_10899	CDS	93				hypothetical protein
BEAMACEP_10900	CDS	99				hypothetical protein
BEAMACEP_10901	CDS	93				hypothetical protein
BEAMACEP_10902	CDS	93				hypothetical protein
BEAMACEP_10903	CDS	159				hypothetical protein
BEAMACEP_10904	CDS	138				hypothetical protein
BEAMACEP_10905	CDS	201				hypothetical protein
BEAMACEP_10906	CDS	93				hypothetical protein
BEAMACEP_10907	CDS	129				hypothetical protein
BEAMACEP_10908	CDS	129				hypothetical protein
BEAMACEP_10909	CDS	99				hypothetical protein
BEAMACEP_10910	CDS	93				hypothetical protein
BEAMACEP_10911	CDS	138				hypothetical protein
BEAMACEP_10912	CDS	135				hypothetical protein
BEAMACEP_10913	CDS	93				hypothetical protein
BEAMACEP_10914	CDS	129				hypothetical protein
BEAMACEP_10915	CDS	93				hypothetical protein
BEAMACEP_10916	CDS	93				hypothetical protein
BEAMACEP_10917	CDS	225				hypothetical protein
BEAMACEP_10918	CDS	93				hypothetical protein
BEAMACEP_10919	CDS	96				hypothetical protein
BEAMACEP_10920	CDS	135				hypothetical protein
BEAMACEP_10921	CDS	93				hypothetical protein
BEAMACEP_10922	CDS	93				hypothetical protein
BEAMACEP_10923	CDS	138				hypothetical protein
BEAMACEP_10924	CDS	96				hypothetical protein
BEAMACEP_10925	CDS	96				hypothetical protein
BEAMACEP_10926	CDS	132				hypothetical protein
BEAMACEP_10927	CDS	93				hypothetical protein
BEAMACEP_10928	CDS	120				hypothetical protein
BEAMACEP_10929	CDS	138				hypothetical protein
BEAMACEP_10930	CDS	105				hypothetical protein
BEAMACEP_10931	CDS	186				hypothetical protein
BEAMACEP_10932	CDS	114				hypothetical protein
BEAMACEP_10933	CDS	129				hypothetical protein
BEAMACEP_10934	CDS	93				hypothetical protein
BEAMACEP_10935	CDS	96				hypothetical protein
BEAMACEP_10936	CDS	93				hypothetical protein
BEAMACEP_10937	CDS	93				hypothetical protein
BEAMACEP_10938	CDS	96				hypothetical protein
BEAMACEP_10939	CDS	102				hypothetical protein
BEAMACEP_10940	CDS	93				hypothetical protein
BEAMACEP_10941	CDS	96				hypothetical protein
BEAMACEP_10942	CDS	117				hypothetical protein
BEAMACEP_10943	CDS	102				hypothetical protein
BEAMACEP_10944	CDS	120				hypothetical protein
BEAMACEP_10945	CDS	96				hypothetical protein
BEAMACEP_10946	CDS	111				hypothetical protein
BEAMACEP_10947	CDS	132				hypothetical protein
BEAMACEP_10948	CDS	144				hypothetical protein
BEAMACEP_10949	CDS	93				hypothetical protein
BEAMACEP_10950	CDS	93				hypothetical protein
BEAMACEP_10951	CDS	147				hypothetical protein
BEAMACEP_10952	CDS	99				hypothetical protein
BEAMACEP_10953	CDS	138				hypothetical protein
BEAMACEP_10954	CDS	93				hypothetical protein
BEAMACEP_10955	CDS	138				hypothetical protein
BEAMACEP_10956	CDS	93				hypothetical protein
BEAMACEP_10957	CDS	93				hypothetical protein
BEAMACEP_10958	CDS	126				hypothetical protein
BEAMACEP_10959	CDS	132				hypothetical protein
BEAMACEP_10960	CDS	132				hypothetical protein
BEAMACEP_10961	CDS	138				hypothetical protein
BEAMACEP_10962	CDS	96				hypothetical protein
BEAMACEP_10963	CDS	93				hypothetical protein
BEAMACEP_10964	CDS	99				hypothetical protein
BEAMACEP_10965	CDS	93				hypothetical protein
BEAMACEP_10966	CDS	93				hypothetical protein
BEAMACEP_10967	CDS	93				hypothetical protein
BEAMACEP_10968	CDS	138				hypothetical protein
BEAMACEP_10969	CDS	93				hypothetical protein
BEAMACEP_10970	CDS	147				hypothetical protein
BEAMACEP_10971	CDS	126				hypothetical protein
BEAMACEP_10972	CDS	93				hypothetical protein
BEAMACEP_10973	CDS	108				hypothetical protein
BEAMACEP_10974	CDS	93				hypothetical protein
BEAMACEP_10975	CDS	138				hypothetical protein
BEAMACEP_10976	CDS	117				hypothetical protein
BEAMACEP_10977	CDS	93				hypothetical protein
BEAMACEP_10978	CDS	147				hypothetical protein
BEAMACEP_10979	CDS	93				hypothetical protein
BEAMACEP_10980	CDS	138				hypothetical protein
BEAMACEP_10981	CDS	93				hypothetical protein
BEAMACEP_10982	CDS	102				hypothetical protein
BEAMACEP_10983	CDS	129				hypothetical protein
BEAMACEP_10984	CDS	147				hypothetical protein
BEAMACEP_10985	CDS	93				hypothetical protein
BEAMACEP_10986	CDS	117				hypothetical protein
BEAMACEP_10987	CDS	93				hypothetical protein
BEAMACEP_10988	CDS	108				hypothetical protein
BEAMACEP_10989	CDS	102				hypothetical protein
BEAMACEP_10990	CDS	93				hypothetical protein
BEAMACEP_10991	CDS	93				hypothetical protein
BEAMACEP_10992	CDS	93				hypothetical protein
BEAMACEP_10993	CDS	96				hypothetical protein
BEAMACEP_10994	CDS	93				hypothetical protein
BEAMACEP_10995	CDS	135				hypothetical protein
BEAMACEP_10996	CDS	102				hypothetical protein
BEAMACEP_10997	CDS	120				hypothetical protein
BEAMACEP_10998	CDS	117				hypothetical protein
BEAMACEP_10999	CDS	147				hypothetical protein
BEAMACEP_11000	CDS	147				hypothetical protein
BEAMACEP_11001	CDS	108				hypothetical protein
BEAMACEP_11002	CDS	93				hypothetical protein
BEAMACEP_11003	CDS	138				hypothetical protein
BEAMACEP_11004	CDS	138				hypothetical protein
BEAMACEP_11005	CDS	93				hypothetical protein
BEAMACEP_11006	CDS	96				hypothetical protein
BEAMACEP_11007	CDS	105				hypothetical protein
BEAMACEP_11008	CDS	99				hypothetical protein
BEAMACEP_11009	CDS	129				hypothetical protein
BEAMACEP_11010	CDS	126				hypothetical protein
BEAMACEP_11011	CDS	126				hypothetical protein
BEAMACEP_11012	CDS	138				hypothetical protein
BEAMACEP_11013	CDS	132				hypothetical protein
BEAMACEP_11014	CDS	123				hypothetical protein
BEAMACEP_11015	CDS	132				hypothetical protein
BEAMACEP_11016	CDS	138				hypothetical protein
BEAMACEP_11017	CDS	93				hypothetical protein
BEAMACEP_11018	CDS	102				hypothetical protein
BEAMACEP_11019	CDS	129				hypothetical protein
BEAMACEP_11020	CDS	105				hypothetical protein
BEAMACEP_11021	CDS	93				hypothetical protein
BEAMACEP_11022	CDS	129				hypothetical protein
BEAMACEP_11023	CDS	90				hypothetical protein
BEAMACEP_11024	CDS	132				hypothetical protein
BEAMACEP_11025	CDS	102				hypothetical protein
BEAMACEP_11026	CDS	117				hypothetical protein
BEAMACEP_11027	CDS	138				hypothetical protein
BEAMACEP_11028	CDS	93				hypothetical protein
BEAMACEP_11029	CDS	93				hypothetical protein
BEAMACEP_11030	CDS	126				hypothetical protein
BEAMACEP_11031	CDS	138				hypothetical protein
BEAMACEP_11032	CDS	132				hypothetical protein
BEAMACEP_11033	CDS	171				hypothetical protein
BEAMACEP_11034	CDS	138				hypothetical protein
BEAMACEP_11035	CDS	93				hypothetical protein
BEAMACEP_11036	CDS	93				hypothetical protein
BEAMACEP_11037	CDS	123				hypothetical protein
BEAMACEP_11038	CDS	129				hypothetical protein
BEAMACEP_11039	CDS	129				hypothetical protein
BEAMACEP_11040	CDS	219				hypothetical protein
BEAMACEP_11041	CDS	93				hypothetical protein
BEAMACEP_11042	CDS	111				hypothetical protein
BEAMACEP_11043	CDS	93				hypothetical protein
BEAMACEP_11044	CDS	126				hypothetical protein
BEAMACEP_11045	CDS	135				hypothetical protein
BEAMACEP_11046	CDS	93				hypothetical protein
BEAMACEP_11047	CDS	117				hypothetical protein
BEAMACEP_11048	CDS	114				hypothetical protein
BEAMACEP_11049	CDS	129				hypothetical protein
BEAMACEP_11050	CDS	135				hypothetical protein
BEAMACEP_11051	CDS	159				hypothetical protein
BEAMACEP_11052	CDS	114				hypothetical protein
BEAMACEP_11053	CDS	93				hypothetical protein
BEAMACEP_11054	CDS	168				hypothetical protein
BEAMACEP_11055	CDS	93				hypothetical protein
BEAMACEP_11056	CDS	123				hypothetical protein
BEAMACEP_11057	CDS	108				hypothetical protein
BEAMACEP_11058	CDS	93				hypothetical protein
BEAMACEP_11059	CDS	120				hypothetical protein
BEAMACEP_11060	CDS	93				hypothetical protein
BEAMACEP_11061	CDS	93				hypothetical protein
BEAMACEP_11062	CDS	138				hypothetical protein
BEAMACEP_11063	CDS	129				hypothetical protein
BEAMACEP_11064	CDS	138				hypothetical protein
BEAMACEP_11065	CDS	132				hypothetical protein
BEAMACEP_11066	CDS	93				hypothetical protein
BEAMACEP_11067	CDS	93				hypothetical protein
BEAMACEP_11068	CDS	93				hypothetical protein
BEAMACEP_11069	CDS	90				hypothetical protein
BEAMACEP_11070	CDS	117				hypothetical protein
BEAMACEP_11071	CDS	138				hypothetical protein
BEAMACEP_11072	CDS	93				hypothetical protein
BEAMACEP_11073	CDS	135				hypothetical protein
BEAMACEP_11074	CDS	96				hypothetical protein
BEAMACEP_11075	CDS	129				hypothetical protein
BEAMACEP_11076	CDS	93				hypothetical protein
BEAMACEP_11077	CDS	138				hypothetical protein
BEAMACEP_11078	CDS	99				hypothetical protein
BEAMACEP_11079	CDS	129				hypothetical protein
BEAMACEP_11080	CDS	99				hypothetical protein
BEAMACEP_11081	CDS	93				hypothetical protein
BEAMACEP_11082	CDS	96				hypothetical protein
BEAMACEP_11083	CDS	120				hypothetical protein
BEAMACEP_11084	CDS	120				hypothetical protein
BEAMACEP_11085	CDS	93				hypothetical protein
BEAMACEP_11086	CDS	93				hypothetical protein
BEAMACEP_11087	CDS	138				hypothetical protein
BEAMACEP_11088	CDS	126				hypothetical protein
BEAMACEP_11089	CDS	138				hypothetical protein
BEAMACEP_11090	CDS	129				hypothetical protein
BEAMACEP_11091	CDS	129				hypothetical protein
BEAMACEP_11092	CDS	93				hypothetical protein
BEAMACEP_11093	CDS	93				hypothetical protein
BEAMACEP_11094	CDS	111				hypothetical protein
BEAMACEP_11095	CDS	129				hypothetical protein
BEAMACEP_11096	CDS	138				hypothetical protein
BEAMACEP_11097	CDS	138				hypothetical protein
BEAMACEP_11098	CDS	93				hypothetical protein
BEAMACEP_11099	CDS	138				hypothetical protein
BEAMACEP_11100	CDS	129				hypothetical protein
BEAMACEP_11101	CDS	93				hypothetical protein
BEAMACEP_11102	CDS	93				hypothetical protein
BEAMACEP_11103	CDS	93				hypothetical protein
BEAMACEP_11104	CDS	93				hypothetical protein
BEAMACEP_11105	CDS	93				hypothetical protein
BEAMACEP_11106	CDS	93				hypothetical protein
BEAMACEP_11107	CDS	114				hypothetical protein
BEAMACEP_11108	CDS	138				hypothetical protein
BEAMACEP_11109	CDS	135				hypothetical protein
BEAMACEP_11110	CDS	96				hypothetical protein
BEAMACEP_11111	CDS	93				hypothetical protein
BEAMACEP_11112	CDS	93				hypothetical protein
BEAMACEP_11113	CDS	117				hypothetical protein
BEAMACEP_11114	CDS	138				hypothetical protein
BEAMACEP_11115	CDS	93				hypothetical protein
BEAMACEP_11116	CDS	120				hypothetical protein
BEAMACEP_11117	CDS	93				hypothetical protein
BEAMACEP_11118	CDS	129				hypothetical protein
BEAMACEP_11119	CDS	102				hypothetical protein
BEAMACEP_11120	CDS	132				hypothetical protein
BEAMACEP_11121	CDS	117				hypothetical protein
BEAMACEP_11122	CDS	96				hypothetical protein
BEAMACEP_11123	CDS	90				hypothetical protein
BEAMACEP_11124	CDS	114				hypothetical protein
BEAMACEP_11125	CDS	117				hypothetical protein
BEAMACEP_11126	CDS	159				hypothetical protein
BEAMACEP_11127	CDS	99				hypothetical protein
BEAMACEP_11128	CDS	96				hypothetical protein
BEAMACEP_11129	CDS	147				hypothetical protein
BEAMACEP_11130	CDS	93				hypothetical protein
BEAMACEP_11131	CDS	93				hypothetical protein
BEAMACEP_11132	CDS	93				hypothetical protein
BEAMACEP_11133	CDS	93				hypothetical protein
BEAMACEP_11134	CDS	102				hypothetical protein
BEAMACEP_11135	CDS	138				hypothetical protein
BEAMACEP_11136	CDS	93				hypothetical protein
BEAMACEP_11137	CDS	120				hypothetical protein
BEAMACEP_11138	CDS	135				hypothetical protein
BEAMACEP_11139	CDS	147				hypothetical protein
BEAMACEP_11140	CDS	132				hypothetical protein
BEAMACEP_11141	CDS	108				hypothetical protein
BEAMACEP_11142	CDS	234				hypothetical protein
BEAMACEP_11143	CDS	96				hypothetical protein
BEAMACEP_11144	CDS	138				hypothetical protein
BEAMACEP_11145	CDS	120				hypothetical protein
BEAMACEP_11146	CDS	96				hypothetical protein
BEAMACEP_11147	CDS	93				hypothetical protein
BEAMACEP_11148	CDS	93				hypothetical protein
BEAMACEP_11149	CDS	93				hypothetical protein
BEAMACEP_11150	CDS	93				hypothetical protein
BEAMACEP_11151	CDS	93				hypothetical protein
BEAMACEP_11152	CDS	93				hypothetical protein
BEAMACEP_11153	CDS	93				hypothetical protein
BEAMACEP_11154	CDS	234				hypothetical protein
BEAMACEP_11155	CDS	105				hypothetical protein
BEAMACEP_11156	CDS	123				hypothetical protein
BEAMACEP_11157	CDS	93				hypothetical protein
BEAMACEP_11158	CDS	120				hypothetical protein
BEAMACEP_11159	CDS	138				hypothetical protein
BEAMACEP_11160	CDS	138				hypothetical protein
BEAMACEP_11161	CDS	90				hypothetical protein
BEAMACEP_11162	CDS	93				hypothetical protein
BEAMACEP_11163	CDS	114				hypothetical protein
BEAMACEP_11164	CDS	99				hypothetical protein
BEAMACEP_11165	CDS	93				hypothetical protein
BEAMACEP_11166	CDS	174				hypothetical protein
BEAMACEP_11167	CDS	138				hypothetical protein
BEAMACEP_11168	CDS	93				hypothetical protein
BEAMACEP_11169	CDS	93				hypothetical protein
BEAMACEP_11170	CDS	138				hypothetical protein
BEAMACEP_11171	CDS	114				hypothetical protein
BEAMACEP_11172	CDS	93				hypothetical protein
BEAMACEP_11173	CDS	144				hypothetical protein
BEAMACEP_11174	CDS	96				hypothetical protein
BEAMACEP_11175	CDS	126				hypothetical protein
BEAMACEP_11176	CDS	120				hypothetical protein
BEAMACEP_11177	CDS	117				hypothetical protein
BEAMACEP_11178	CDS	126				hypothetical protein
BEAMACEP_11179	CDS	111				hypothetical protein
BEAMACEP_11180	CDS	96				hypothetical protein
BEAMACEP_11181	CDS	108				hypothetical protein
BEAMACEP_11182	CDS	129				hypothetical protein
BEAMACEP_11183	CDS	93				hypothetical protein
BEAMACEP_11184	CDS	120				hypothetical protein
BEAMACEP_11185	CDS	180				hypothetical protein
BEAMACEP_11186	CDS	201				hypothetical protein
BEAMACEP_11187	CDS	93				hypothetical protein
BEAMACEP_11188	CDS	129				hypothetical protein
BEAMACEP_11189	CDS	93				hypothetical protein
BEAMACEP_11190	CDS	147				hypothetical protein
BEAMACEP_11191	CDS	93				hypothetical protein
BEAMACEP_11192	CDS	96				hypothetical protein
BEAMACEP_11193	CDS	93				hypothetical protein
BEAMACEP_11194	CDS	93				hypothetical protein
BEAMACEP_11195	CDS	93				hypothetical protein
BEAMACEP_11196	CDS	117				hypothetical protein
BEAMACEP_11197	CDS	105				hypothetical protein
BEAMACEP_11198	CDS	93				hypothetical protein
BEAMACEP_11199	CDS	114				hypothetical protein
BEAMACEP_11200	CDS	93				hypothetical protein
BEAMACEP_11201	CDS	180				hypothetical protein
BEAMACEP_11202	CDS	93				hypothetical protein
BEAMACEP_11203	CDS	90				hypothetical protein
BEAMACEP_11204	CDS	120				hypothetical protein
BEAMACEP_11205	CDS	171				hypothetical protein
BEAMACEP_11206	CDS	93				hypothetical protein
BEAMACEP_11207	CDS	132				hypothetical protein
BEAMACEP_11208	CDS	138				hypothetical protein
BEAMACEP_11209	CDS	96				hypothetical protein
BEAMACEP_11210	CDS	99				hypothetical protein
BEAMACEP_11211	CDS	105				hypothetical protein
BEAMACEP_11212	CDS	138				hypothetical protein
BEAMACEP_11213	CDS	114				hypothetical protein
BEAMACEP_11214	CDS	93				hypothetical protein
BEAMACEP_11215	CDS	138				hypothetical protein
BEAMACEP_11216	CDS	159				hypothetical protein
BEAMACEP_11217	CDS	138				hypothetical protein
BEAMACEP_11218	CDS	105				hypothetical protein
BEAMACEP_11219	CDS	93				hypothetical protein
BEAMACEP_11220	CDS	132				hypothetical protein
BEAMACEP_11221	CDS	120				hypothetical protein
BEAMACEP_11222	CDS	147				hypothetical protein
BEAMACEP_11223	CDS	129				hypothetical protein
BEAMACEP_11224	CDS	138				hypothetical protein
BEAMACEP_11225	CDS	186				hypothetical protein
BEAMACEP_11226	CDS	99				hypothetical protein
BEAMACEP_11227	CDS	93				hypothetical protein
BEAMACEP_11228	CDS	108				hypothetical protein
BEAMACEP_11229	CDS	93				hypothetical protein
BEAMACEP_11230	CDS	117				hypothetical protein
BEAMACEP_11231	CDS	96				hypothetical protein
BEAMACEP_11232	CDS	102				hypothetical protein
BEAMACEP_11233	CDS	120				hypothetical protein
BEAMACEP_11234	CDS	117				hypothetical protein
BEAMACEP_11235	CDS	93				hypothetical protein
BEAMACEP_11236	CDS	135				hypothetical protein
BEAMACEP_11237	CDS	93				hypothetical protein
BEAMACEP_11238	CDS	138				hypothetical protein
BEAMACEP_11239	CDS	102				hypothetical protein
BEAMACEP_11240	CDS	126				hypothetical protein
BEAMACEP_11241	CDS	102				hypothetical protein
BEAMACEP_11242	CDS	138				hypothetical protein
BEAMACEP_11243	CDS	93				hypothetical protein
BEAMACEP_11244	CDS	126				hypothetical protein
BEAMACEP_11245	CDS	93				hypothetical protein
BEAMACEP_11246	CDS	138				hypothetical protein
BEAMACEP_11247	CDS	111				hypothetical protein
BEAMACEP_11248	CDS	108				hypothetical protein
BEAMACEP_11249	CDS	102				hypothetical protein
BEAMACEP_11250	CDS	93				hypothetical protein
BEAMACEP_11251	CDS	123				hypothetical protein
BEAMACEP_11252	CDS	147				hypothetical protein
BEAMACEP_11253	CDS	93				hypothetical protein
BEAMACEP_11254	CDS	93				hypothetical protein
BEAMACEP_11255	CDS	126				hypothetical protein
BEAMACEP_11256	CDS	93				hypothetical protein
BEAMACEP_11257	CDS	102				hypothetical protein
BEAMACEP_11258	CDS	129				hypothetical protein
BEAMACEP_11259	CDS	96				hypothetical protein
BEAMACEP_11260	CDS	93				hypothetical protein
BEAMACEP_11261	CDS	174				hypothetical protein
BEAMACEP_11262	CDS	93				hypothetical protein
BEAMACEP_11263	CDS	96				hypothetical protein
BEAMACEP_11264	CDS	93				hypothetical protein
BEAMACEP_11265	CDS	93				hypothetical protein
BEAMACEP_11266	CDS	93				hypothetical protein
BEAMACEP_11267	CDS	96				hypothetical protein
BEAMACEP_11268	CDS	99				hypothetical protein
BEAMACEP_11269	CDS	123				hypothetical protein
BEAMACEP_11270	CDS	93				hypothetical protein
BEAMACEP_11271	CDS	96				hypothetical protein
BEAMACEP_11272	CDS	135				hypothetical protein
BEAMACEP_11273	CDS	93				hypothetical protein
BEAMACEP_11274	CDS	120				hypothetical protein
BEAMACEP_11275	CDS	93				hypothetical protein
BEAMACEP_11276	CDS	90				hypothetical protein
BEAMACEP_11277	CDS	96				hypothetical protein
BEAMACEP_11278	CDS	138				hypothetical protein
BEAMACEP_11279	CDS	129				hypothetical protein
BEAMACEP_11280	CDS	129				hypothetical protein
BEAMACEP_11281	CDS	117				hypothetical protein
BEAMACEP_11282	CDS	114				hypothetical protein
BEAMACEP_11283	CDS	147				hypothetical protein
BEAMACEP_11284	CDS	93				hypothetical protein
BEAMACEP_11285	CDS	120				hypothetical protein
BEAMACEP_11286	CDS	147				hypothetical protein
BEAMACEP_11287	CDS	210				hypothetical protein
BEAMACEP_11288	CDS	138				hypothetical protein
BEAMACEP_11289	CDS	198				hypothetical protein
BEAMACEP_11290	CDS	126				hypothetical protein
BEAMACEP_11291	CDS	138				hypothetical protein
BEAMACEP_11292	CDS	93				hypothetical protein
BEAMACEP_11293	CDS	93				hypothetical protein
BEAMACEP_11294	CDS	93				hypothetical protein
BEAMACEP_11295	CDS	132				hypothetical protein
BEAMACEP_11296	CDS	120				hypothetical protein
BEAMACEP_11297	CDS	93				hypothetical protein
BEAMACEP_11298	CDS	96				hypothetical protein
BEAMACEP_11299	CDS	129				hypothetical protein
BEAMACEP_11300	CDS	93				hypothetical protein
BEAMACEP_11301	CDS	93				hypothetical protein
BEAMACEP_11302	CDS	114				hypothetical protein
BEAMACEP_11303	CDS	93				hypothetical protein
BEAMACEP_11304	CDS	93				hypothetical protein
BEAMACEP_11305	CDS	201				hypothetical protein
BEAMACEP_11306	CDS	138				hypothetical protein
BEAMACEP_11307	CDS	147				hypothetical protein
BEAMACEP_11308	CDS	93				hypothetical protein
BEAMACEP_11309	CDS	93				hypothetical protein
BEAMACEP_11310	CDS	117				hypothetical protein
BEAMACEP_11311	CDS	129				hypothetical protein
BEAMACEP_11312	CDS	150				hypothetical protein
BEAMACEP_11313	CDS	90				hypothetical protein
BEAMACEP_11314	CDS	120				hypothetical protein
BEAMACEP_11315	CDS	207				hypothetical protein
BEAMACEP_11316	CDS	126				hypothetical protein
BEAMACEP_11317	CDS	93				hypothetical protein
BEAMACEP_11318	CDS	138				hypothetical protein
BEAMACEP_11319	CDS	99				hypothetical protein
BEAMACEP_11320	CDS	147				hypothetical protein
BEAMACEP_11321	CDS	147				hypothetical protein
BEAMACEP_11322	CDS	96				hypothetical protein
BEAMACEP_11323	CDS	93				hypothetical protein
BEAMACEP_11324	CDS	99				hypothetical protein
BEAMACEP_11325	CDS	201				hypothetical protein
BEAMACEP_11326	CDS	93				hypothetical protein
BEAMACEP_11327	CDS	207				hypothetical protein
BEAMACEP_11328	CDS	93				hypothetical protein
BEAMACEP_11329	CDS	102				hypothetical protein
BEAMACEP_11330	CDS	96				hypothetical protein
BEAMACEP_11331	CDS	102				hypothetical protein
BEAMACEP_11332	CDS	96				hypothetical protein
BEAMACEP_11333	CDS	117				hypothetical protein
BEAMACEP_11334	CDS	114				hypothetical protein
BEAMACEP_11335	CDS	114				hypothetical protein
BEAMACEP_11336	CDS	96				hypothetical protein
BEAMACEP_11337	CDS	126				hypothetical protein
BEAMACEP_11338	CDS	93				hypothetical protein
BEAMACEP_11339	CDS	114				hypothetical protein
BEAMACEP_11340	CDS	132				hypothetical protein
BEAMACEP_11341	CDS	129				hypothetical protein
BEAMACEP_11342	CDS	96				hypothetical protein
BEAMACEP_11343	CDS	138				hypothetical protein
BEAMACEP_11344	CDS	234				hypothetical protein
BEAMACEP_11345	CDS	93				hypothetical protein
BEAMACEP_11346	CDS	147				hypothetical protein
BEAMACEP_11347	CDS	147				hypothetical protein
BEAMACEP_11348	CDS	120				hypothetical protein
BEAMACEP_11349	CDS	117				hypothetical protein
BEAMACEP_11350	CDS	93				hypothetical protein
BEAMACEP_11351	CDS	126				hypothetical protein
BEAMACEP_11352	CDS	117				hypothetical protein
BEAMACEP_11353	CDS	93				hypothetical protein
BEAMACEP_11354	CDS	117				hypothetical protein
BEAMACEP_11355	CDS	108				hypothetical protein
BEAMACEP_11356	CDS	96				hypothetical protein
BEAMACEP_11357	CDS	93				hypothetical protein
BEAMACEP_11358	CDS	96				hypothetical protein
BEAMACEP_11359	CDS	96				hypothetical protein
BEAMACEP_11360	CDS	111				hypothetical protein
BEAMACEP_11361	CDS	105				hypothetical protein
BEAMACEP_11362	CDS	204				hypothetical protein
BEAMACEP_11363	CDS	93				hypothetical protein
BEAMACEP_11364	CDS	93				hypothetical protein
BEAMACEP_11365	CDS	102				hypothetical protein
BEAMACEP_11366	CDS	93				hypothetical protein
BEAMACEP_11367	CDS	105				hypothetical protein
BEAMACEP_11368	CDS	126				hypothetical protein
BEAMACEP_11369	CDS	120				hypothetical protein
BEAMACEP_11370	CDS	93				hypothetical protein
BEAMACEP_11371	CDS	135				hypothetical protein
BEAMACEP_11372	CDS	138				hypothetical protein
BEAMACEP_11373	CDS	93				hypothetical protein
BEAMACEP_11374	CDS	135				hypothetical protein
BEAMACEP_11375	CDS	108				hypothetical protein
BEAMACEP_11376	CDS	135				hypothetical protein
BEAMACEP_11377	CDS	129				hypothetical protein
BEAMACEP_11378	CDS	93				hypothetical protein
BEAMACEP_11379	CDS	93				hypothetical protein
BEAMACEP_11380	CDS	93				hypothetical protein
BEAMACEP_11381	CDS	93				hypothetical protein
BEAMACEP_11382	CDS	117				hypothetical protein
BEAMACEP_11383	CDS	126				hypothetical protein
BEAMACEP_11384	CDS	93				hypothetical protein
BEAMACEP_11385	CDS	93				hypothetical protein
BEAMACEP_11386	CDS	96				hypothetical protein
BEAMACEP_11387	CDS	93				hypothetical protein
BEAMACEP_11388	CDS	147				hypothetical protein
BEAMACEP_11389	CDS	135				hypothetical protein
BEAMACEP_11390	CDS	96				hypothetical protein
BEAMACEP_11391	CDS	93				hypothetical protein
BEAMACEP_11392	CDS	129				hypothetical protein
BEAMACEP_11393	CDS	138				hypothetical protein
BEAMACEP_11394	CDS	138				hypothetical protein
BEAMACEP_11395	CDS	93				hypothetical protein
BEAMACEP_11396	CDS	99				hypothetical protein
BEAMACEP_11397	CDS	93				hypothetical protein
BEAMACEP_11398	CDS	147				hypothetical protein
BEAMACEP_11399	CDS	93				hypothetical protein
BEAMACEP_11400	CDS	93				hypothetical protein
BEAMACEP_11401	CDS	105				hypothetical protein
BEAMACEP_11402	CDS	117				hypothetical protein
BEAMACEP_11403	CDS	96				hypothetical protein
BEAMACEP_11404	CDS	96				hypothetical protein
BEAMACEP_11405	CDS	138				hypothetical protein
BEAMACEP_11406	CDS	138				hypothetical protein
BEAMACEP_11407	CDS	117				hypothetical protein
BEAMACEP_11408	CDS	120				hypothetical protein
BEAMACEP_11409	CDS	102				hypothetical protein
BEAMACEP_11410	CDS	93				hypothetical protein
BEAMACEP_11411	CDS	102				hypothetical protein
BEAMACEP_11412	CDS	144				hypothetical protein
BEAMACEP_11413	CDS	93				hypothetical protein
BEAMACEP_11414	CDS	93				hypothetical protein
BEAMACEP_11415	CDS	138				hypothetical protein
BEAMACEP_11416	CDS	102				hypothetical protein
BEAMACEP_11417	CDS	114				hypothetical protein
BEAMACEP_11418	CDS	96				hypothetical protein
BEAMACEP_11419	CDS	120				hypothetical protein
BEAMACEP_11420	CDS	105				hypothetical protein
BEAMACEP_11421	CDS	93				hypothetical protein
BEAMACEP_11422	CDS	147				hypothetical protein
BEAMACEP_11423	CDS	129				hypothetical protein
BEAMACEP_11424	CDS	129				hypothetical protein
BEAMACEP_11425	CDS	123				hypothetical protein
BEAMACEP_11426	CDS	93				hypothetical protein
BEAMACEP_11427	CDS	93				hypothetical protein
BEAMACEP_11428	CDS	135				hypothetical protein
BEAMACEP_11429	CDS	93				hypothetical protein
BEAMACEP_11430	CDS	117				hypothetical protein
BEAMACEP_11431	CDS	135				hypothetical protein
BEAMACEP_11432	CDS	93				hypothetical protein
BEAMACEP_11433	CDS	117				hypothetical protein
BEAMACEP_11434	CDS	132				hypothetical protein
BEAMACEP_11435	CDS	138				hypothetical protein
BEAMACEP_11436	CDS	117				hypothetical protein
BEAMACEP_11437	CDS	96				hypothetical protein
BEAMACEP_11438	CDS	129				hypothetical protein
BEAMACEP_11439	CDS	93				hypothetical protein
BEAMACEP_11440	CDS	138				hypothetical protein
BEAMACEP_11441	CDS	93				hypothetical protein
BEAMACEP_11442	CDS	138				hypothetical protein
BEAMACEP_11443	CDS	171				hypothetical protein
BEAMACEP_11444	CDS	108				hypothetical protein
BEAMACEP_11445	CDS	147				hypothetical protein
BEAMACEP_11446	CDS	135				hypothetical protein
BEAMACEP_11447	CDS	144				hypothetical protein
BEAMACEP_11448	CDS	126				hypothetical protein
BEAMACEP_11449	CDS	138				hypothetical protein
BEAMACEP_11450	CDS	93				hypothetical protein
BEAMACEP_11451	CDS	93				hypothetical protein
BEAMACEP_11452	CDS	93				hypothetical protein
BEAMACEP_11453	CDS	93				hypothetical protein
BEAMACEP_11454	CDS	93				hypothetical protein
BEAMACEP_11455	CDS	93				hypothetical protein
BEAMACEP_11456	CDS	144				hypothetical protein
BEAMACEP_11457	CDS	138				hypothetical protein
BEAMACEP_11458	CDS	147				hypothetical protein
BEAMACEP_11459	CDS	117				hypothetical protein
BEAMACEP_11460	CDS	93				hypothetical protein
BEAMACEP_11461	CDS	171				hypothetical protein
BEAMACEP_11462	CDS	117				hypothetical protein
BEAMACEP_11463	CDS	108				hypothetical protein
BEAMACEP_11464	CDS	93				hypothetical protein
BEAMACEP_11465	CDS	135				hypothetical protein
BEAMACEP_11466	CDS	135				hypothetical protein
BEAMACEP_11467	CDS	123				hypothetical protein
BEAMACEP_11468	CDS	138				hypothetical protein
BEAMACEP_11469	CDS	159				hypothetical protein
BEAMACEP_11470	CDS	201				hypothetical protein
BEAMACEP_11471	CDS	138				hypothetical protein
BEAMACEP_11472	CDS	129				hypothetical protein
BEAMACEP_11473	CDS	96				hypothetical protein
BEAMACEP_11474	CDS	138				hypothetical protein
BEAMACEP_11475	CDS	138				hypothetical protein
BEAMACEP_11476	CDS	96				hypothetical protein
BEAMACEP_11477	CDS	126				hypothetical protein
BEAMACEP_11478	CDS	138				hypothetical protein
BEAMACEP_11479	CDS	102				hypothetical protein
BEAMACEP_11480	CDS	93				hypothetical protein
BEAMACEP_11481	CDS	93				hypothetical protein
BEAMACEP_11482	CDS	93				hypothetical protein
BEAMACEP_11483	CDS	120				hypothetical protein
BEAMACEP_11484	CDS	96				hypothetical protein
BEAMACEP_11485	CDS	93				hypothetical protein
BEAMACEP_11486	CDS	93				hypothetical protein
BEAMACEP_11487	CDS	93				hypothetical protein
BEAMACEP_11488	CDS	138				hypothetical protein
BEAMACEP_11489	CDS	108				hypothetical protein
BEAMACEP_11490	CDS	111				hypothetical protein
BEAMACEP_11491	CDS	93				hypothetical protein
BEAMACEP_11492	CDS	156				hypothetical protein
BEAMACEP_11493	CDS	93				hypothetical protein
BEAMACEP_11494	CDS	117				hypothetical protein
BEAMACEP_11495	CDS	93				hypothetical protein
BEAMACEP_11496	CDS	108				hypothetical protein
BEAMACEP_11497	CDS	129				hypothetical protein
BEAMACEP_11498	CDS	120				hypothetical protein
BEAMACEP_11499	CDS	132				hypothetical protein
BEAMACEP_11500	CDS	96				hypothetical protein
BEAMACEP_11501	CDS	138				hypothetical protein
BEAMACEP_11502	CDS	90				hypothetical protein
BEAMACEP_11503	CDS	120				hypothetical protein
BEAMACEP_11504	CDS	210				hypothetical protein
BEAMACEP_11505	CDS	129				hypothetical protein
BEAMACEP_11506	CDS	102				hypothetical protein
BEAMACEP_11507	CDS	102				hypothetical protein
BEAMACEP_11508	CDS	102				hypothetical protein
BEAMACEP_11509	CDS	93				hypothetical protein
BEAMACEP_11510	CDS	228				hypothetical protein
BEAMACEP_11511	CDS	102				hypothetical protein
BEAMACEP_11512	CDS	93				hypothetical protein
BEAMACEP_11513	CDS	93				hypothetical protein
BEAMACEP_11514	CDS	138				hypothetical protein
BEAMACEP_11515	CDS	99				hypothetical protein
BEAMACEP_11516	CDS	90				hypothetical protein
BEAMACEP_11517	CDS	192				hypothetical protein
BEAMACEP_11518	CDS	93				hypothetical protein
BEAMACEP_11519	CDS	147				hypothetical protein
BEAMACEP_11520	CDS	93				hypothetical protein
BEAMACEP_11521	CDS	138				hypothetical protein
BEAMACEP_11522	CDS	93				hypothetical protein
BEAMACEP_11523	CDS	120				hypothetical protein
BEAMACEP_11524	CDS	129				hypothetical protein
BEAMACEP_11525	CDS	132				hypothetical protein
BEAMACEP_11526	CDS	93				hypothetical protein
BEAMACEP_11527	CDS	144				hypothetical protein
BEAMACEP_11528	CDS	93				hypothetical protein
BEAMACEP_11529	CDS	126				hypothetical protein
BEAMACEP_11530	CDS	90				hypothetical protein
BEAMACEP_11531	CDS	93				hypothetical protein
BEAMACEP_11532	CDS	93				hypothetical protein
BEAMACEP_11533	CDS	120				hypothetical protein
BEAMACEP_11534	CDS	102				hypothetical protein
BEAMACEP_11535	CDS	114				hypothetical protein
BEAMACEP_11536	CDS	93				hypothetical protein
BEAMACEP_11537	CDS	114				hypothetical protein
BEAMACEP_11538	CDS	138				hypothetical protein
BEAMACEP_11539	CDS	135				hypothetical protein
BEAMACEP_11540	CDS	117				hypothetical protein
BEAMACEP_11541	CDS	132				hypothetical protein
BEAMACEP_11542	CDS	117				hypothetical protein
BEAMACEP_11543	CDS	147				hypothetical protein
BEAMACEP_11544	CDS	117				hypothetical protein
BEAMACEP_11545	CDS	93				hypothetical protein
BEAMACEP_11546	CDS	129				hypothetical protein
BEAMACEP_11547	CDS	93				hypothetical protein
BEAMACEP_11548	CDS	135				hypothetical protein
BEAMACEP_11549	CDS	120				hypothetical protein
BEAMACEP_11550	CDS	129				hypothetical protein
BEAMACEP_11551	CDS	117				hypothetical protein
BEAMACEP_11552	CDS	96				hypothetical protein
BEAMACEP_11553	CDS	93				hypothetical protein
BEAMACEP_11554	CDS	138				hypothetical protein
BEAMACEP_11555	CDS	126				hypothetical protein
BEAMACEP_11556	CDS	105				hypothetical protein
BEAMACEP_11557	CDS	120				hypothetical protein
BEAMACEP_11558	CDS	114				hypothetical protein
BEAMACEP_11559	CDS	234				hypothetical protein
BEAMACEP_11560	CDS	93				hypothetical protein
BEAMACEP_11561	CDS	93				hypothetical protein
BEAMACEP_11562	CDS	117				hypothetical protein
BEAMACEP_11563	CDS	147				hypothetical protein
BEAMACEP_11564	CDS	102				hypothetical protein
BEAMACEP_11565	CDS	132				hypothetical protein
BEAMACEP_11566	CDS	141				hypothetical protein
BEAMACEP_11567	CDS	93				hypothetical protein
BEAMACEP_11568	CDS	114				hypothetical protein
BEAMACEP_11569	CDS	93				hypothetical protein
BEAMACEP_11570	CDS	93				hypothetical protein
BEAMACEP_11571	CDS	147				hypothetical protein
BEAMACEP_11572	CDS	96				hypothetical protein
BEAMACEP_11573	CDS	93				hypothetical protein
BEAMACEP_11574	CDS	132				hypothetical protein
BEAMACEP_11575	CDS	96				hypothetical protein
BEAMACEP_11576	CDS	90				hypothetical protein
BEAMACEP_11577	CDS	93				hypothetical protein
BEAMACEP_11578	CDS	96				hypothetical protein
BEAMACEP_11579	CDS	147				hypothetical protein
BEAMACEP_11580	CDS	120				hypothetical protein
BEAMACEP_11581	CDS	111				hypothetical protein
BEAMACEP_11582	CDS	117				hypothetical protein
BEAMACEP_11583	CDS	147				hypothetical protein
BEAMACEP_11584	CDS	93				hypothetical protein
BEAMACEP_11585	CDS	147				hypothetical protein
BEAMACEP_11586	CDS	117				hypothetical protein
BEAMACEP_11587	CDS	93				hypothetical protein
BEAMACEP_11588	CDS	159				hypothetical protein
BEAMACEP_11589	CDS	129				hypothetical protein
BEAMACEP_11590	CDS	132				hypothetical protein
BEAMACEP_11591	CDS	132				hypothetical protein
BEAMACEP_11592	CDS	90				hypothetical protein
BEAMACEP_11593	CDS	93				hypothetical protein
BEAMACEP_11594	CDS	93				hypothetical protein
BEAMACEP_11595	CDS	138				hypothetical protein
BEAMACEP_11596	CDS	120				hypothetical protein
BEAMACEP_11597	CDS	102				hypothetical protein
BEAMACEP_11598	CDS	129				hypothetical protein
BEAMACEP_11599	CDS	102				hypothetical protein
BEAMACEP_11600	CDS	93				hypothetical protein
BEAMACEP_11601	CDS	108				hypothetical protein
BEAMACEP_11602	CDS	111				hypothetical protein
BEAMACEP_11603	CDS	129				hypothetical protein
BEAMACEP_11604	CDS	132				hypothetical protein
BEAMACEP_11605	CDS	93				hypothetical protein
BEAMACEP_11606	CDS	120				hypothetical protein
BEAMACEP_11607	CDS	96				hypothetical protein
BEAMACEP_11608	CDS	117				hypothetical protein
BEAMACEP_11609	CDS	114				hypothetical protein
BEAMACEP_11610	CDS	129				hypothetical protein
BEAMACEP_11611	CDS	117				hypothetical protein
BEAMACEP_11612	CDS	102				hypothetical protein
BEAMACEP_11613	CDS	93				hypothetical protein
BEAMACEP_11614	CDS	108				hypothetical protein
BEAMACEP_11615	CDS	120				hypothetical protein
BEAMACEP_11616	CDS	93				hypothetical protein
BEAMACEP_11617	CDS	138				hypothetical protein
BEAMACEP_11618	CDS	147				hypothetical protein
BEAMACEP_11619	CDS	93				hypothetical protein
BEAMACEP_11620	CDS	135				hypothetical protein
BEAMACEP_11621	CDS	144				hypothetical protein
BEAMACEP_11622	CDS	204				hypothetical protein
BEAMACEP_11623	CDS	117				hypothetical protein
BEAMACEP_11624	CDS	117				hypothetical protein
BEAMACEP_11625	CDS	114				hypothetical protein
BEAMACEP_11626	CDS	99				hypothetical protein
BEAMACEP_11627	CDS	117				hypothetical protein
BEAMACEP_11628	CDS	135				hypothetical protein
BEAMACEP_11629	CDS	135				hypothetical protein
BEAMACEP_11630	CDS	138				hypothetical protein
BEAMACEP_11631	CDS	138				hypothetical protein
BEAMACEP_11632	CDS	93				hypothetical protein
BEAMACEP_11633	CDS	120				hypothetical protein
BEAMACEP_11634	CDS	93				hypothetical protein
BEAMACEP_11635	CDS	93				hypothetical protein
BEAMACEP_11636	CDS	96				hypothetical protein
BEAMACEP_11637	CDS	138				hypothetical protein
BEAMACEP_11638	CDS	120				hypothetical protein
BEAMACEP_11639	CDS	93				hypothetical protein
BEAMACEP_11640	CDS	102				hypothetical protein
BEAMACEP_11641	CDS	105				hypothetical protein
BEAMACEP_11642	CDS	129				hypothetical protein
BEAMACEP_11643	CDS	117				hypothetical protein
BEAMACEP_11644	CDS	117				hypothetical protein
BEAMACEP_11645	CDS	117				hypothetical protein
BEAMACEP_11646	CDS	93				hypothetical protein
BEAMACEP_11647	CDS	96				hypothetical protein
BEAMACEP_11648	CDS	96				hypothetical protein
BEAMACEP_11649	CDS	114				hypothetical protein
BEAMACEP_11650	CDS	93				hypothetical protein
BEAMACEP_11651	CDS	126				hypothetical protein
BEAMACEP_11652	CDS	120				hypothetical protein
BEAMACEP_11653	CDS	114				hypothetical protein
BEAMACEP_11654	CDS	117				hypothetical protein
BEAMACEP_11655	CDS	96				hypothetical protein
BEAMACEP_11656	CDS	129				hypothetical protein
BEAMACEP_11657	CDS	138				hypothetical protein
BEAMACEP_11658	CDS	132				hypothetical protein
BEAMACEP_11659	CDS	138				hypothetical protein
BEAMACEP_11660	CDS	117				hypothetical protein
BEAMACEP_11661	CDS	105				hypothetical protein
BEAMACEP_11662	CDS	117				hypothetical protein
BEAMACEP_11663	CDS	111				hypothetical protein
BEAMACEP_11664	CDS	93				hypothetical protein
BEAMACEP_11665	CDS	123				hypothetical protein
BEAMACEP_11666	CDS	96				hypothetical protein
BEAMACEP_11667	CDS	132				hypothetical protein
BEAMACEP_11668	CDS	159				hypothetical protein
BEAMACEP_11669	CDS	93				hypothetical protein
BEAMACEP_11670	CDS	102				hypothetical protein
BEAMACEP_11671	CDS	93				hypothetical protein
BEAMACEP_11672	CDS	108				hypothetical protein
BEAMACEP_11673	CDS	93				hypothetical protein
BEAMACEP_11674	CDS	96				hypothetical protein
BEAMACEP_11675	CDS	93				hypothetical protein
BEAMACEP_11676	CDS	96				hypothetical protein
BEAMACEP_11677	CDS	93				hypothetical protein
BEAMACEP_11678	CDS	96				hypothetical protein
BEAMACEP_11679	CDS	93				hypothetical protein
BEAMACEP_11680	CDS	111				hypothetical protein
BEAMACEP_11681	CDS	93				hypothetical protein
BEAMACEP_11682	CDS	93				hypothetical protein
BEAMACEP_11683	CDS	117				hypothetical protein
BEAMACEP_11684	CDS	129				hypothetical protein
BEAMACEP_11685	CDS	96				hypothetical protein
BEAMACEP_11686	CDS	138				hypothetical protein
BEAMACEP_11687	CDS	96				hypothetical protein
BEAMACEP_11688	CDS	126				hypothetical protein
BEAMACEP_11689	CDS	138				hypothetical protein
BEAMACEP_11690	CDS	138				hypothetical protein
BEAMACEP_11691	CDS	102				hypothetical protein
BEAMACEP_11692	CDS	93				hypothetical protein
BEAMACEP_11693	CDS	138				hypothetical protein
BEAMACEP_11694	CDS	147				hypothetical protein
BEAMACEP_11695	CDS	93				hypothetical protein
BEAMACEP_11696	CDS	93				hypothetical protein
BEAMACEP_11697	CDS	132				hypothetical protein
BEAMACEP_11698	CDS	93				hypothetical protein
BEAMACEP_11699	CDS	207				hypothetical protein
BEAMACEP_11700	CDS	120				hypothetical protein
BEAMACEP_11701	CDS	93				hypothetical protein
BEAMACEP_11702	CDS	138				hypothetical protein
BEAMACEP_11703	CDS	126				hypothetical protein
BEAMACEP_11704	CDS	90				hypothetical protein
BEAMACEP_11705	CDS	150				hypothetical protein
BEAMACEP_11706	CDS	120				hypothetical protein
BEAMACEP_11707	CDS	120				hypothetical protein
BEAMACEP_11708	CDS	213				hypothetical protein
BEAMACEP_11709	CDS	96				hypothetical protein
BEAMACEP_11710	CDS	93				hypothetical protein
BEAMACEP_11711	CDS	93				hypothetical protein
BEAMACEP_11712	CDS	93				hypothetical protein
BEAMACEP_11713	CDS	96				hypothetical protein
BEAMACEP_11714	CDS	102				hypothetical protein
BEAMACEP_11715	CDS	93				hypothetical protein
BEAMACEP_11716	CDS	93				hypothetical protein
BEAMACEP_11717	CDS	135				hypothetical protein
BEAMACEP_11718	CDS	96				hypothetical protein
BEAMACEP_11719	CDS	138				hypothetical protein
BEAMACEP_11720	CDS	138				hypothetical protein
BEAMACEP_11721	CDS	105				hypothetical protein
BEAMACEP_11722	CDS	120				hypothetical protein
BEAMACEP_11723	CDS	99				hypothetical protein
BEAMACEP_11724	CDS	105				hypothetical protein
BEAMACEP_11725	CDS	93				hypothetical protein
BEAMACEP_11726	CDS	120				hypothetical protein
BEAMACEP_11727	CDS	96				hypothetical protein
BEAMACEP_11728	CDS	138				hypothetical protein
BEAMACEP_11729	CDS	138				hypothetical protein
BEAMACEP_11730	CDS	93				hypothetical protein
BEAMACEP_11731	CDS	120				hypothetical protein
BEAMACEP_11732	CDS	138				hypothetical protein
BEAMACEP_11733	CDS	120				hypothetical protein
BEAMACEP_11734	CDS	126				hypothetical protein
BEAMACEP_11735	CDS	111				hypothetical protein
BEAMACEP_11736	CDS	117				hypothetical protein
BEAMACEP_11737	CDS	96				hypothetical protein
BEAMACEP_11738	CDS	93				hypothetical protein
BEAMACEP_11739	CDS	93				hypothetical protein
BEAMACEP_11740	CDS	93				hypothetical protein
BEAMACEP_11741	CDS	147				hypothetical protein
BEAMACEP_11742	CDS	102				hypothetical protein
BEAMACEP_11743	CDS	93				hypothetical protein
BEAMACEP_11744	CDS	93				hypothetical protein
BEAMACEP_11745	CDS	117				hypothetical protein
BEAMACEP_11746	CDS	96				hypothetical protein
BEAMACEP_11747	CDS	147				hypothetical protein
BEAMACEP_11748	CDS	117				hypothetical protein
BEAMACEP_11749	CDS	93				hypothetical protein
BEAMACEP_11750	CDS	132				hypothetical protein
BEAMACEP_11751	CDS	96				hypothetical protein
BEAMACEP_11752	CDS	93				hypothetical protein
BEAMACEP_11753	CDS	93				hypothetical protein
BEAMACEP_11754	CDS	102				hypothetical protein
BEAMACEP_11755	CDS	135				hypothetical protein
BEAMACEP_11756	CDS	90				hypothetical protein
BEAMACEP_11757	CDS	138				hypothetical protein
BEAMACEP_11758	CDS	138				hypothetical protein
BEAMACEP_11759	CDS	117				hypothetical protein
BEAMACEP_11760	CDS	126				hypothetical protein
BEAMACEP_11761	CDS	93				hypothetical protein
BEAMACEP_11762	CDS	93				hypothetical protein
BEAMACEP_11763	CDS	96				hypothetical protein
BEAMACEP_11764	CDS	93				hypothetical protein
BEAMACEP_11765	CDS	129				hypothetical protein
BEAMACEP_11766	CDS	132				hypothetical protein
BEAMACEP_11767	CDS	129				hypothetical protein
BEAMACEP_11768	CDS	117				hypothetical protein
BEAMACEP_11769	CDS	147				hypothetical protein
BEAMACEP_11770	CDS	138				hypothetical protein
BEAMACEP_11771	CDS	93				hypothetical protein
BEAMACEP_11772	CDS	96				hypothetical protein
BEAMACEP_11773	CDS	114				hypothetical protein
BEAMACEP_11774	CDS	93				hypothetical protein
BEAMACEP_11775	CDS	93				hypothetical protein
BEAMACEP_11776	CDS	117				hypothetical protein
BEAMACEP_11777	CDS	108				hypothetical protein
BEAMACEP_11778	CDS	117				hypothetical protein
BEAMACEP_11779	CDS	93				hypothetical protein
BEAMACEP_11780	CDS	93				hypothetical protein
BEAMACEP_11781	CDS	135				hypothetical protein
BEAMACEP_11782	CDS	93				hypothetical protein
BEAMACEP_11783	CDS	93				hypothetical protein
BEAMACEP_11784	CDS	129				hypothetical protein
BEAMACEP_11785	CDS	225				hypothetical protein
BEAMACEP_11786	CDS	147				hypothetical protein
BEAMACEP_11787	CDS	96				hypothetical protein
BEAMACEP_11788	CDS	138				hypothetical protein
BEAMACEP_11789	CDS	129				hypothetical protein
BEAMACEP_11790	CDS	138				hypothetical protein
BEAMACEP_11791	CDS	189				hypothetical protein
BEAMACEP_11792	CDS	93				hypothetical protein
BEAMACEP_11793	CDS	129				hypothetical protein
BEAMACEP_11794	CDS	117				hypothetical protein
BEAMACEP_11795	CDS	93				hypothetical protein
BEAMACEP_11796	CDS	117				hypothetical protein
BEAMACEP_11797	CDS	159				hypothetical protein
BEAMACEP_11798	CDS	120				hypothetical protein
BEAMACEP_11799	CDS	93				hypothetical protein
BEAMACEP_11800	CDS	114				hypothetical protein
BEAMACEP_11801	CDS	135				hypothetical protein
BEAMACEP_11802	CDS	117				hypothetical protein
BEAMACEP_11803	CDS	117				hypothetical protein
BEAMACEP_11804	CDS	126				hypothetical protein
BEAMACEP_11805	CDS	93				hypothetical protein
BEAMACEP_11806	CDS	126				hypothetical protein
BEAMACEP_11807	CDS	93				hypothetical protein
BEAMACEP_11808	CDS	93				hypothetical protein
BEAMACEP_11809	CDS	120				hypothetical protein
BEAMACEP_11810	CDS	138				hypothetical protein
BEAMACEP_11811	CDS	126				hypothetical protein
BEAMACEP_11812	CDS	138				hypothetical protein
BEAMACEP_11813	CDS	108				hypothetical protein
BEAMACEP_11814	CDS	108				hypothetical protein
BEAMACEP_11815	CDS	93				hypothetical protein
BEAMACEP_11816	CDS	135				hypothetical protein
BEAMACEP_11817	CDS	147				hypothetical protein
BEAMACEP_11818	CDS	93				hypothetical protein
BEAMACEP_11819	CDS	93				hypothetical protein
BEAMACEP_11820	CDS	207				hypothetical protein
BEAMACEP_11821	CDS	93				hypothetical protein
BEAMACEP_11822	CDS	93				hypothetical protein
BEAMACEP_11823	CDS	117				hypothetical protein
BEAMACEP_11824	CDS	117				hypothetical protein
BEAMACEP_11825	CDS	126				hypothetical protein
BEAMACEP_11826	CDS	90				hypothetical protein
BEAMACEP_11827	CDS	93				hypothetical protein
BEAMACEP_11828	CDS	138				hypothetical protein
BEAMACEP_11829	CDS	129				hypothetical protein
BEAMACEP_11830	CDS	138				hypothetical protein
BEAMACEP_11831	CDS	93				hypothetical protein
BEAMACEP_11832	CDS	138				hypothetical protein
BEAMACEP_11833	CDS	105				hypothetical protein
BEAMACEP_11834	CDS	138				hypothetical protein
BEAMACEP_11835	CDS	114				hypothetical protein
BEAMACEP_11836	CDS	93				hypothetical protein
BEAMACEP_11837	CDS	114				hypothetical protein
BEAMACEP_11838	CDS	138				hypothetical protein
BEAMACEP_11839	CDS	117				hypothetical protein
BEAMACEP_11840	CDS	99				hypothetical protein
BEAMACEP_11841	CDS	93				hypothetical protein
BEAMACEP_11842	CDS	132				hypothetical protein
BEAMACEP_11843	CDS	93				hypothetical protein
BEAMACEP_11844	CDS	108				hypothetical protein
BEAMACEP_11845	CDS	120				hypothetical protein
BEAMACEP_11846	CDS	117				hypothetical protein
BEAMACEP_11847	CDS	93				hypothetical protein
BEAMACEP_11848	CDS	93				hypothetical protein
BEAMACEP_11849	CDS	126				hypothetical protein
BEAMACEP_11850	CDS	96				hypothetical protein
BEAMACEP_11851	CDS	123				hypothetical protein
BEAMACEP_11852	CDS	93				hypothetical protein
BEAMACEP_11853	CDS	105				hypothetical protein
BEAMACEP_11854	CDS	129				hypothetical protein
BEAMACEP_11855	CDS	93				hypothetical protein
BEAMACEP_11856	CDS	96				hypothetical protein
BEAMACEP_11857	CDS	114				hypothetical protein
BEAMACEP_11858	CDS	129				hypothetical protein
BEAMACEP_11859	CDS	162				hypothetical protein
BEAMACEP_11860	CDS	138				hypothetical protein
BEAMACEP_11861	CDS	132				hypothetical protein
BEAMACEP_11862	CDS	93				hypothetical protein
BEAMACEP_11863	CDS	120				hypothetical protein
BEAMACEP_11864	CDS	96				hypothetical protein
BEAMACEP_11865	CDS	93				hypothetical protein
BEAMACEP_11866	CDS	126				hypothetical protein
BEAMACEP_11867	CDS	216				hypothetical protein
BEAMACEP_11868	CDS	114				hypothetical protein
BEAMACEP_11869	CDS	150				hypothetical protein
BEAMACEP_11870	CDS	93				hypothetical protein
BEAMACEP_11871	CDS	114				hypothetical protein
BEAMACEP_11872	CDS	93				hypothetical protein
BEAMACEP_11873	CDS	114				hypothetical protein
BEAMACEP_11874	CDS	138				hypothetical protein
BEAMACEP_11875	CDS	120				hypothetical protein
BEAMACEP_11876	CDS	105				hypothetical protein
BEAMACEP_11877	CDS	117				hypothetical protein
BEAMACEP_11878	CDS	120				hypothetical protein
BEAMACEP_11879	CDS	114				hypothetical protein
BEAMACEP_11880	CDS	93				hypothetical protein
BEAMACEP_11881	CDS	93				hypothetical protein
BEAMACEP_11882	CDS	120				hypothetical protein
BEAMACEP_11883	CDS	138				hypothetical protein
BEAMACEP_11884	CDS	162				hypothetical protein
BEAMACEP_11885	CDS	93				hypothetical protein
BEAMACEP_11886	CDS	93				hypothetical protein
BEAMACEP_11887	CDS	93				hypothetical protein
BEAMACEP_11888	CDS	180				hypothetical protein
BEAMACEP_11889	CDS	93				hypothetical protein
BEAMACEP_11890	CDS	138				hypothetical protein
BEAMACEP_11891	CDS	102				hypothetical protein
BEAMACEP_11892	CDS	120				hypothetical protein
BEAMACEP_11893	CDS	132				hypothetical protein
BEAMACEP_11894	CDS	114				hypothetical protein
BEAMACEP_11895	CDS	96				hypothetical protein
BEAMACEP_11896	CDS	132				hypothetical protein
BEAMACEP_11897	CDS	213				hypothetical protein
BEAMACEP_11898	CDS	129				hypothetical protein
BEAMACEP_11899	CDS	147				hypothetical protein
BEAMACEP_11900	CDS	129				hypothetical protein
BEAMACEP_11901	CDS	138				hypothetical protein
BEAMACEP_11902	CDS	120				hypothetical protein
BEAMACEP_11903	CDS	129				hypothetical protein
BEAMACEP_11904	CDS	93				hypothetical protein
BEAMACEP_11905	CDS	168				hypothetical protein
BEAMACEP_11906	CDS	105				hypothetical protein
BEAMACEP_11907	CDS	129				hypothetical protein
BEAMACEP_11908	CDS	96				hypothetical protein
BEAMACEP_11909	CDS	138				hypothetical protein
BEAMACEP_11910	CDS	93				hypothetical protein
BEAMACEP_11911	CDS	93				hypothetical protein
BEAMACEP_11912	CDS	93				hypothetical protein
BEAMACEP_11913	CDS	93				hypothetical protein
BEAMACEP_11914	CDS	117				hypothetical protein
BEAMACEP_11915	CDS	120				hypothetical protein
BEAMACEP_11916	CDS	99				hypothetical protein
BEAMACEP_11917	CDS	138				hypothetical protein
BEAMACEP_11918	CDS	93				hypothetical protein
BEAMACEP_11919	CDS	93				hypothetical protein
BEAMACEP_11920	CDS	117				hypothetical protein
BEAMACEP_11921	CDS	120				hypothetical protein
BEAMACEP_11922	CDS	93				hypothetical protein
BEAMACEP_11923	CDS	132				hypothetical protein
BEAMACEP_11924	CDS	135				hypothetical protein
BEAMACEP_11925	CDS	99				hypothetical protein
BEAMACEP_11926	CDS	90				hypothetical protein
BEAMACEP_11927	CDS	93				hypothetical protein
BEAMACEP_11928	CDS	138				hypothetical protein
BEAMACEP_11929	CDS	93				hypothetical protein
BEAMACEP_11930	CDS	93				hypothetical protein
BEAMACEP_11931	CDS	96				hypothetical protein
BEAMACEP_11932	CDS	93				hypothetical protein
BEAMACEP_11933	CDS	93				hypothetical protein
BEAMACEP_11934	CDS	93				hypothetical protein
BEAMACEP_11935	CDS	120				hypothetical protein
BEAMACEP_11936	CDS	114				hypothetical protein
BEAMACEP_11937	CDS	93				hypothetical protein
BEAMACEP_11938	CDS	93				hypothetical protein
BEAMACEP_11939	CDS	129				hypothetical protein
BEAMACEP_11940	CDS	129				hypothetical protein
BEAMACEP_11941	CDS	129				hypothetical protein
BEAMACEP_11942	CDS	93				hypothetical protein
BEAMACEP_11943	CDS	93				hypothetical protein
BEAMACEP_11944	CDS	159				hypothetical protein
BEAMACEP_11945	CDS	93				hypothetical protein
BEAMACEP_11946	CDS	120				hypothetical protein
BEAMACEP_11947	CDS	126				hypothetical protein
BEAMACEP_11948	CDS	93				hypothetical protein
BEAMACEP_11949	CDS	96				hypothetical protein
BEAMACEP_11950	CDS	210				hypothetical protein
BEAMACEP_11951	CDS	138				hypothetical protein
BEAMACEP_11952	CDS	138				hypothetical protein
BEAMACEP_11953	CDS	93				hypothetical protein
BEAMACEP_11954	CDS	120				hypothetical protein
BEAMACEP_11955	CDS	99				hypothetical protein
BEAMACEP_11956	CDS	141				hypothetical protein
BEAMACEP_11957	CDS	129				hypothetical protein
BEAMACEP_11958	CDS	96				hypothetical protein
BEAMACEP_11959	CDS	93				hypothetical protein
BEAMACEP_11960	CDS	93				hypothetical protein
BEAMACEP_11961	CDS	93				hypothetical protein
BEAMACEP_11962	CDS	93				hypothetical protein
BEAMACEP_11963	CDS	138				hypothetical protein
BEAMACEP_11964	CDS	117				hypothetical protein
BEAMACEP_11965	CDS	96				hypothetical protein
BEAMACEP_11966	CDS	129				hypothetical protein
BEAMACEP_11967	CDS	102				hypothetical protein
BEAMACEP_11968	CDS	93				hypothetical protein
BEAMACEP_11969	CDS	93				hypothetical protein
BEAMACEP_11970	CDS	93				hypothetical protein
BEAMACEP_11971	CDS	93				hypothetical protein
BEAMACEP_11972	CDS	126				hypothetical protein
BEAMACEP_11973	CDS	93				hypothetical protein
BEAMACEP_11974	CDS	120				hypothetical protein
BEAMACEP_11975	CDS	93				hypothetical protein
BEAMACEP_11976	CDS	117				hypothetical protein
BEAMACEP_11977	CDS	102				hypothetical protein
BEAMACEP_11978	CDS	93				hypothetical protein
BEAMACEP_11979	CDS	93				hypothetical protein
BEAMACEP_11980	CDS	111				hypothetical protein
BEAMACEP_11981	CDS	132				hypothetical protein
BEAMACEP_11982	CDS	93				hypothetical protein
BEAMACEP_11983	CDS	132				hypothetical protein
BEAMACEP_11984	CDS	105				hypothetical protein
BEAMACEP_11985	CDS	126				hypothetical protein
BEAMACEP_11986	CDS	93				hypothetical protein
BEAMACEP_11987	CDS	93				hypothetical protein
BEAMACEP_11988	CDS	93				hypothetical protein
BEAMACEP_11989	CDS	93				hypothetical protein
BEAMACEP_11990	CDS	90				hypothetical protein
BEAMACEP_11991	CDS	93				hypothetical protein
BEAMACEP_11992	CDS	93				hypothetical protein
BEAMACEP_11993	CDS	93				hypothetical protein
BEAMACEP_11994	CDS	135				hypothetical protein
BEAMACEP_11995	CDS	120				hypothetical protein
BEAMACEP_11996	CDS	138				hypothetical protein
BEAMACEP_11997	CDS	93				hypothetical protein
BEAMACEP_11998	CDS	99				hypothetical protein
BEAMACEP_11999	CDS	117				hypothetical protein
BEAMACEP_12000	CDS	129				hypothetical protein
BEAMACEP_12001	CDS	129				hypothetical protein
BEAMACEP_12002	CDS	93				hypothetical protein
BEAMACEP_12003	CDS	105				hypothetical protein
BEAMACEP_12004	CDS	93				hypothetical protein
BEAMACEP_12005	CDS	129				hypothetical protein
BEAMACEP_12006	CDS	96				hypothetical protein
BEAMACEP_12007	CDS	93				hypothetical protein
BEAMACEP_12008	CDS	93				hypothetical protein
BEAMACEP_12009	CDS	117				hypothetical protein
BEAMACEP_12010	CDS	93				hypothetical protein
BEAMACEP_12011	CDS	126				hypothetical protein
BEAMACEP_12012	CDS	132				hypothetical protein
BEAMACEP_12013	CDS	93				hypothetical protein
BEAMACEP_12014	CDS	93				hypothetical protein
BEAMACEP_12015	CDS	114				hypothetical protein
BEAMACEP_12016	CDS	93				hypothetical protein
BEAMACEP_12017	CDS	105				hypothetical protein
BEAMACEP_12018	CDS	114				hypothetical protein
BEAMACEP_12019	CDS	93				hypothetical protein
BEAMACEP_12020	CDS	144				hypothetical protein
BEAMACEP_12021	CDS	117				hypothetical protein
BEAMACEP_12022	CDS	117				hypothetical protein
BEAMACEP_12023	CDS	132				hypothetical protein
BEAMACEP_12024	CDS	147				hypothetical protein
BEAMACEP_12025	CDS	117				hypothetical protein
BEAMACEP_12026	CDS	129				hypothetical protein
BEAMACEP_12027	CDS	93				hypothetical protein
BEAMACEP_12028	CDS	129				hypothetical protein
BEAMACEP_12029	CDS	96				hypothetical protein
BEAMACEP_12030	CDS	135				hypothetical protein
BEAMACEP_12031	CDS	117				hypothetical protein
BEAMACEP_12032	CDS	138				hypothetical protein
BEAMACEP_12033	CDS	138				hypothetical protein
BEAMACEP_12034	CDS	99				hypothetical protein
BEAMACEP_12035	CDS	138				hypothetical protein
BEAMACEP_12036	CDS	93				hypothetical protein
BEAMACEP_12037	CDS	132				hypothetical protein
BEAMACEP_12038	CDS	117				hypothetical protein
BEAMACEP_12039	CDS	93				hypothetical protein
BEAMACEP_12040	CDS	93				hypothetical protein
BEAMACEP_12041	CDS	138				hypothetical protein
BEAMACEP_12042	CDS	93				hypothetical protein
BEAMACEP_12043	CDS	147				hypothetical protein
BEAMACEP_12044	CDS	132				hypothetical protein
BEAMACEP_12045	CDS	138				hypothetical protein
BEAMACEP_12046	CDS	138				hypothetical protein
BEAMACEP_12047	CDS	96				hypothetical protein
BEAMACEP_12048	CDS	93				hypothetical protein
BEAMACEP_12049	CDS	96				hypothetical protein
BEAMACEP_12050	CDS	120				hypothetical protein
BEAMACEP_12051	CDS	93				hypothetical protein
BEAMACEP_12052	CDS	120				hypothetical protein
BEAMACEP_12053	CDS	138				hypothetical protein
BEAMACEP_12054	CDS	117				hypothetical protein
BEAMACEP_12055	CDS	93				hypothetical protein
BEAMACEP_12056	CDS	96				hypothetical protein
BEAMACEP_12057	CDS	96				hypothetical protein
BEAMACEP_12058	CDS	147				hypothetical protein
BEAMACEP_12059	CDS	93				hypothetical protein
BEAMACEP_12060	CDS	126				hypothetical protein
BEAMACEP_12061	CDS	111				hypothetical protein
BEAMACEP_12062	CDS	132				hypothetical protein
BEAMACEP_12063	CDS	93				hypothetical protein
BEAMACEP_12064	CDS	99				hypothetical protein
BEAMACEP_12065	CDS	93				hypothetical protein
BEAMACEP_12066	CDS	93				hypothetical protein
BEAMACEP_12067	CDS	96				hypothetical protein
BEAMACEP_12068	CDS	93				hypothetical protein
BEAMACEP_12069	CDS	126				hypothetical protein
BEAMACEP_12070	CDS	129				hypothetical protein
BEAMACEP_12071	CDS	99				hypothetical protein
BEAMACEP_12072	CDS	120				hypothetical protein
BEAMACEP_12073	CDS	99				hypothetical protein
BEAMACEP_12074	CDS	129				hypothetical protein
BEAMACEP_12075	CDS	117				hypothetical protein
BEAMACEP_12076	CDS	126				hypothetical protein
BEAMACEP_12077	CDS	93				hypothetical protein
BEAMACEP_12078	CDS	138				hypothetical protein
BEAMACEP_12079	CDS	93				hypothetical protein
BEAMACEP_12080	CDS	138				hypothetical protein
BEAMACEP_12081	CDS	96				hypothetical protein
BEAMACEP_12082	CDS	120				hypothetical protein
BEAMACEP_12083	CDS	93				hypothetical protein
BEAMACEP_12084	CDS	93				hypothetical protein
BEAMACEP_12085	CDS	129				hypothetical protein
BEAMACEP_12086	CDS	114				hypothetical protein
BEAMACEP_12087	CDS	144				hypothetical protein
BEAMACEP_12088	CDS	138				hypothetical protein
BEAMACEP_12089	CDS	99				hypothetical protein
BEAMACEP_12090	CDS	114				hypothetical protein
BEAMACEP_12091	CDS	93				hypothetical protein
BEAMACEP_12092	CDS	93				hypothetical protein
BEAMACEP_12093	CDS	129				hypothetical protein
BEAMACEP_12094	CDS	117				hypothetical protein
BEAMACEP_12095	CDS	105				hypothetical protein
BEAMACEP_12096	CDS	96				hypothetical protein
BEAMACEP_12097	CDS	147				hypothetical protein
BEAMACEP_12098	CDS	126				hypothetical protein
BEAMACEP_12099	CDS	138				hypothetical protein
BEAMACEP_12100	CDS	117				hypothetical protein
BEAMACEP_12101	CDS	96				hypothetical protein
BEAMACEP_12102	CDS	120				hypothetical protein
BEAMACEP_12103	CDS	120				hypothetical protein
BEAMACEP_12104	CDS	120				hypothetical protein
BEAMACEP_12105	CDS	93				hypothetical protein
BEAMACEP_12106	CDS	93				hypothetical protein
BEAMACEP_12107	CDS	132				hypothetical protein
BEAMACEP_12108	CDS	96				hypothetical protein
BEAMACEP_12109	CDS	93				hypothetical protein
BEAMACEP_12110	CDS	129				hypothetical protein
BEAMACEP_12111	CDS	93				hypothetical protein
BEAMACEP_12112	CDS	93				hypothetical protein
BEAMACEP_12113	CDS	156				hypothetical protein
BEAMACEP_12114	CDS	147				hypothetical protein
BEAMACEP_12115	CDS	126				hypothetical protein
BEAMACEP_12116	CDS	120				hypothetical protein
BEAMACEP_12117	CDS	93				hypothetical protein
BEAMACEP_12118	CDS	138				hypothetical protein
BEAMACEP_12119	CDS	111				hypothetical protein
BEAMACEP_12120	CDS	108				hypothetical protein
BEAMACEP_12121	CDS	93				hypothetical protein
BEAMACEP_12122	CDS	138				hypothetical protein
BEAMACEP_12123	CDS	138				hypothetical protein
BEAMACEP_12124	CDS	111				hypothetical protein
BEAMACEP_12125	CDS	108				hypothetical protein
BEAMACEP_12126	CDS	93				hypothetical protein
BEAMACEP_12127	CDS	138				hypothetical protein
BEAMACEP_12128	CDS	138				hypothetical protein
BEAMACEP_12129	CDS	93				hypothetical protein
BEAMACEP_12130	CDS	123				hypothetical protein
BEAMACEP_12131	CDS	147				hypothetical protein
BEAMACEP_12132	CDS	102				hypothetical protein
BEAMACEP_12133	CDS	114				hypothetical protein
BEAMACEP_12134	CDS	120				hypothetical protein
BEAMACEP_12135	CDS	138				hypothetical protein
BEAMACEP_12136	CDS	180				hypothetical protein
BEAMACEP_12137	CDS	123				hypothetical protein
BEAMACEP_12138	CDS	126				hypothetical protein
BEAMACEP_12139	CDS	138				hypothetical protein
BEAMACEP_12140	CDS	90				hypothetical protein
BEAMACEP_12141	CDS	93				hypothetical protein
BEAMACEP_12142	CDS	138				hypothetical protein
BEAMACEP_12143	CDS	138				hypothetical protein
BEAMACEP_12144	CDS	171				hypothetical protein
BEAMACEP_12145	CDS	129				hypothetical protein
BEAMACEP_12146	CDS	138				hypothetical protein
BEAMACEP_12147	CDS	138				hypothetical protein
BEAMACEP_12148	CDS	120				hypothetical protein
BEAMACEP_12149	CDS	129				hypothetical protein
BEAMACEP_12150	CDS	117				hypothetical protein
BEAMACEP_12151	CDS	93				hypothetical protein
BEAMACEP_12152	CDS	93				hypothetical protein
BEAMACEP_12153	CDS	96				hypothetical protein
BEAMACEP_12154	CDS	93				hypothetical protein
BEAMACEP_12155	CDS	138				hypothetical protein
BEAMACEP_12156	CDS	150				hypothetical protein
BEAMACEP_12157	CDS	132				hypothetical protein
BEAMACEP_12158	CDS	129				hypothetical protein
BEAMACEP_12159	CDS	102				hypothetical protein
BEAMACEP_12160	CDS	129				hypothetical protein
BEAMACEP_12161	CDS	96				hypothetical protein
BEAMACEP_12162	CDS	129				hypothetical protein
BEAMACEP_12163	CDS	120				hypothetical protein
BEAMACEP_12164	CDS	201				hypothetical protein
BEAMACEP_12165	CDS	117				hypothetical protein
BEAMACEP_12166	CDS	120				hypothetical protein
BEAMACEP_12167	CDS	93				hypothetical protein
BEAMACEP_12168	CDS	117				hypothetical protein
BEAMACEP_12169	CDS	93				hypothetical protein
BEAMACEP_12170	CDS	204				hypothetical protein
BEAMACEP_12171	CDS	93				hypothetical protein
BEAMACEP_12172	CDS	138				hypothetical protein
BEAMACEP_12173	CDS	138				hypothetical protein
BEAMACEP_12174	CDS	120				hypothetical protein
BEAMACEP_12175	CDS	114				hypothetical protein
BEAMACEP_12176	CDS	105				hypothetical protein
BEAMACEP_12177	CDS	93				hypothetical protein
BEAMACEP_12178	CDS	138				hypothetical protein
BEAMACEP_12179	CDS	147				hypothetical protein
BEAMACEP_12180	CDS	93				hypothetical protein
BEAMACEP_12181	CDS	129				hypothetical protein
BEAMACEP_12182	CDS	135				hypothetical protein
BEAMACEP_12183	CDS	120				hypothetical protein
BEAMACEP_12184	CDS	129				hypothetical protein
BEAMACEP_12185	CDS	93				hypothetical protein
BEAMACEP_12186	CDS	138				hypothetical protein
BEAMACEP_12187	CDS	93				hypothetical protein
BEAMACEP_12188	CDS	96				hypothetical protein
BEAMACEP_12189	CDS	159				hypothetical protein
BEAMACEP_12190	CDS	111				hypothetical protein
BEAMACEP_12191	CDS	93				hypothetical protein
BEAMACEP_12192	CDS	93				hypothetical protein
BEAMACEP_12193	CDS	102				hypothetical protein
BEAMACEP_12194	CDS	93				hypothetical protein
BEAMACEP_12195	CDS	93				hypothetical protein
BEAMACEP_12196	CDS	219				hypothetical protein
BEAMACEP_12197	CDS	120				hypothetical protein
BEAMACEP_12198	CDS	108				hypothetical protein
BEAMACEP_12199	CDS	117				hypothetical protein
BEAMACEP_12200	CDS	108				hypothetical protein
BEAMACEP_12201	CDS	138				hypothetical protein
BEAMACEP_12202	CDS	93				hypothetical protein
BEAMACEP_12203	CDS	117				hypothetical protein
BEAMACEP_12204	CDS	138				hypothetical protein
BEAMACEP_12205	CDS	129				hypothetical protein
BEAMACEP_12206	CDS	129				hypothetical protein
BEAMACEP_12207	CDS	138				hypothetical protein
BEAMACEP_12208	CDS	144				hypothetical protein
BEAMACEP_12209	CDS	204				hypothetical protein
BEAMACEP_12210	CDS	96				hypothetical protein
BEAMACEP_12211	CDS	120				hypothetical protein
BEAMACEP_12212	CDS	93				hypothetical protein
BEAMACEP_12213	CDS	135				hypothetical protein
BEAMACEP_12214	CDS	102				hypothetical protein
BEAMACEP_12215	CDS	117				hypothetical protein
BEAMACEP_12216	CDS	201				hypothetical protein
BEAMACEP_12217	CDS	147				hypothetical protein
BEAMACEP_12218	CDS	117				hypothetical protein
BEAMACEP_12219	CDS	96				hypothetical protein
BEAMACEP_12220	CDS	93				hypothetical protein
BEAMACEP_12221	CDS	93				hypothetical protein
BEAMACEP_12222	CDS	204				hypothetical protein
BEAMACEP_12223	CDS	117				hypothetical protein
BEAMACEP_12224	CDS	93				hypothetical protein
BEAMACEP_12225	CDS	93				hypothetical protein
BEAMACEP_12226	CDS	93				hypothetical protein
BEAMACEP_12227	CDS	93				hypothetical protein
BEAMACEP_12228	CDS	96				hypothetical protein
BEAMACEP_12229	CDS	204				hypothetical protein
BEAMACEP_12230	CDS	93				hypothetical protein
BEAMACEP_12231	CDS	123				hypothetical protein
BEAMACEP_12232	CDS	96				hypothetical protein
BEAMACEP_12233	CDS	96				hypothetical protein
BEAMACEP_12234	CDS	93				hypothetical protein
BEAMACEP_12235	CDS	93				hypothetical protein
BEAMACEP_12236	CDS	93				hypothetical protein
BEAMACEP_12237	CDS	96				hypothetical protein
BEAMACEP_12238	CDS	93				hypothetical protein
BEAMACEP_12239	CDS	108				hypothetical protein
BEAMACEP_12240	CDS	114				hypothetical protein
BEAMACEP_12241	CDS	135				hypothetical protein
BEAMACEP_12242	CDS	96				hypothetical protein
BEAMACEP_12243	CDS	90				hypothetical protein
BEAMACEP_12244	CDS	120				hypothetical protein
BEAMACEP_12245	CDS	147				hypothetical protein
BEAMACEP_12246	CDS	93				hypothetical protein
BEAMACEP_12247	CDS	117				hypothetical protein
BEAMACEP_12248	CDS	117				hypothetical protein
BEAMACEP_12249	CDS	138				hypothetical protein
BEAMACEP_12250	CDS	159				hypothetical protein
BEAMACEP_12251	CDS	129				hypothetical protein
BEAMACEP_12252	CDS	117				hypothetical protein
BEAMACEP_12253	CDS	126				hypothetical protein
BEAMACEP_12254	CDS	93				hypothetical protein
BEAMACEP_12255	CDS	120				hypothetical protein
BEAMACEP_12256	CDS	138				hypothetical protein
BEAMACEP_12257	CDS	138				hypothetical protein
BEAMACEP_12258	CDS	132				hypothetical protein
BEAMACEP_12259	CDS	96				hypothetical protein
BEAMACEP_12260	CDS	171				hypothetical protein
BEAMACEP_12261	CDS	114				hypothetical protein
BEAMACEP_12262	CDS	93				hypothetical protein
BEAMACEP_12263	CDS	120				hypothetical protein
BEAMACEP_12264	CDS	93				hypothetical protein
BEAMACEP_12265	CDS	93				hypothetical protein
BEAMACEP_12266	CDS	105				hypothetical protein
BEAMACEP_12267	CDS	93				hypothetical protein
BEAMACEP_12268	CDS	156				hypothetical protein
BEAMACEP_12269	CDS	135				hypothetical protein
BEAMACEP_12270	CDS	135				hypothetical protein
BEAMACEP_12271	CDS	96				hypothetical protein
BEAMACEP_12272	CDS	147				hypothetical protein
BEAMACEP_12273	CDS	129				hypothetical protein
BEAMACEP_12274	CDS	105				hypothetical protein
BEAMACEP_12275	CDS	96				hypothetical protein
BEAMACEP_12276	CDS	120				hypothetical protein
BEAMACEP_12277	CDS	132				hypothetical protein
BEAMACEP_12278	CDS	117				hypothetical protein
BEAMACEP_12279	CDS	93				hypothetical protein
BEAMACEP_12280	CDS	132				hypothetical protein
BEAMACEP_12281	CDS	114				hypothetical protein
BEAMACEP_12282	CDS	96				hypothetical protein
BEAMACEP_12283	CDS	96				hypothetical protein
BEAMACEP_12284	CDS	153				hypothetical protein
BEAMACEP_12285	CDS	174				hypothetical protein
BEAMACEP_12286	CDS	93				hypothetical protein
BEAMACEP_12287	CDS	96				hypothetical protein
BEAMACEP_12288	CDS	105				hypothetical protein
BEAMACEP_12289	CDS	93				hypothetical protein
BEAMACEP_12290	CDS	138				hypothetical protein
BEAMACEP_12291	CDS	114				hypothetical protein
BEAMACEP_12292	CDS	105				hypothetical protein
BEAMACEP_12293	CDS	117				hypothetical protein
BEAMACEP_12294	CDS	93				hypothetical protein
BEAMACEP_12295	CDS	129				hypothetical protein
BEAMACEP_12296	CDS	96				hypothetical protein
BEAMACEP_12297	CDS	234				hypothetical protein
BEAMACEP_12298	CDS	132				hypothetical protein
BEAMACEP_12299	CDS	117				hypothetical protein
BEAMACEP_12300	CDS	138				hypothetical protein
BEAMACEP_12301	CDS	120				hypothetical protein
BEAMACEP_12302	CDS	93				hypothetical protein
BEAMACEP_12303	CDS	114				hypothetical protein
BEAMACEP_12304	CDS	129				hypothetical protein
BEAMACEP_12305	CDS	93				hypothetical protein
BEAMACEP_12306	CDS	138				hypothetical protein
BEAMACEP_12307	CDS	147				hypothetical protein
BEAMACEP_12308	CDS	147				hypothetical protein
BEAMACEP_12309	CDS	93				hypothetical protein
BEAMACEP_12310	CDS	114				hypothetical protein
BEAMACEP_12311	CDS	135				hypothetical protein
BEAMACEP_12312	CDS	117				hypothetical protein
BEAMACEP_12313	CDS	120				hypothetical protein
BEAMACEP_12314	CDS	93				hypothetical protein
BEAMACEP_12315	CDS	96				hypothetical protein
BEAMACEP_12316	CDS	120				hypothetical protein
BEAMACEP_12317	CDS	105				hypothetical protein
BEAMACEP_12318	CDS	93				hypothetical protein
BEAMACEP_12319	CDS	93				hypothetical protein
BEAMACEP_12320	CDS	114				hypothetical protein
BEAMACEP_12321	CDS	93				hypothetical protein
BEAMACEP_12322	CDS	117				hypothetical protein
BEAMACEP_12323	CDS	123				hypothetical protein
BEAMACEP_12324	CDS	129				hypothetical protein
BEAMACEP_12325	CDS	120				hypothetical protein
BEAMACEP_12326	CDS	93				hypothetical protein
BEAMACEP_12327	CDS	93				hypothetical protein
BEAMACEP_12328	CDS	123				hypothetical protein
BEAMACEP_12329	CDS	138				hypothetical protein
BEAMACEP_12330	CDS	126				hypothetical protein
BEAMACEP_12331	CDS	138				hypothetical protein
BEAMACEP_12332	CDS	138				hypothetical protein
BEAMACEP_12333	CDS	117				hypothetical protein
BEAMACEP_12334	CDS	93				hypothetical protein
BEAMACEP_12335	CDS	120				hypothetical protein
BEAMACEP_12336	CDS	147				hypothetical protein
BEAMACEP_12337	CDS	129				hypothetical protein
BEAMACEP_12338	CDS	93				hypothetical protein
BEAMACEP_12339	CDS	90				hypothetical protein
BEAMACEP_12340	CDS	102				hypothetical protein
BEAMACEP_12341	CDS	114				hypothetical protein
BEAMACEP_12342	CDS	102				hypothetical protein
BEAMACEP_12343	CDS	147				hypothetical protein
BEAMACEP_12344	CDS	93				hypothetical protein
BEAMACEP_12345	CDS	93				hypothetical protein
BEAMACEP_12346	CDS	138				hypothetical protein
BEAMACEP_12347	CDS	138				hypothetical protein
BEAMACEP_12348	CDS	105				hypothetical protein
BEAMACEP_12349	CDS	93				hypothetical protein
BEAMACEP_12350	CDS	93				hypothetical protein
BEAMACEP_12351	CDS	147				hypothetical protein
BEAMACEP_12352	CDS	138				hypothetical protein
BEAMACEP_12353	CDS	96				hypothetical protein
BEAMACEP_12354	CDS	117				hypothetical protein
BEAMACEP_12355	CDS	93				hypothetical protein
BEAMACEP_12356	CDS	93				hypothetical protein
BEAMACEP_12357	CDS	105				hypothetical protein
BEAMACEP_12358	CDS	129				hypothetical protein
BEAMACEP_12359	CDS	114				hypothetical protein
BEAMACEP_12360	CDS	93				hypothetical protein
BEAMACEP_12361	CDS	93				hypothetical protein
BEAMACEP_12362	CDS	93				hypothetical protein
BEAMACEP_12363	CDS	93				hypothetical protein
BEAMACEP_12364	CDS	93				hypothetical protein
BEAMACEP_12365	CDS	96				hypothetical protein
BEAMACEP_12366	CDS	129				hypothetical protein
BEAMACEP_12367	CDS	114				hypothetical protein
BEAMACEP_12368	CDS	132				hypothetical protein
BEAMACEP_12369	CDS	138				hypothetical protein
BEAMACEP_12370	CDS	93				hypothetical protein
BEAMACEP_12371	CDS	126				hypothetical protein
BEAMACEP_12372	CDS	105				hypothetical protein
BEAMACEP_12373	CDS	129				hypothetical protein
BEAMACEP_12374	CDS	93				hypothetical protein
BEAMACEP_12375	CDS	93				hypothetical protein
BEAMACEP_12376	CDS	93				hypothetical protein
BEAMACEP_12377	CDS	147				hypothetical protein
BEAMACEP_12378	CDS	93				hypothetical protein
BEAMACEP_12379	CDS	93				hypothetical protein
BEAMACEP_12380	CDS	93				hypothetical protein
BEAMACEP_12381	CDS	93				hypothetical protein
BEAMACEP_12382	CDS	93				hypothetical protein
BEAMACEP_12383	CDS	138				hypothetical protein
BEAMACEP_12384	CDS	138				hypothetical protein
BEAMACEP_12385	CDS	93				hypothetical protein
BEAMACEP_12386	CDS	114				hypothetical protein
BEAMACEP_12387	CDS	96				hypothetical protein
BEAMACEP_12388	CDS	138				hypothetical protein
BEAMACEP_12389	CDS	132				hypothetical protein
BEAMACEP_12390	CDS	93				hypothetical protein
BEAMACEP_12391	CDS	132				hypothetical protein
BEAMACEP_12392	CDS	93				hypothetical protein
BEAMACEP_12393	CDS	93				hypothetical protein
BEAMACEP_12394	CDS	96				hypothetical protein
BEAMACEP_12395	CDS	114				hypothetical protein
BEAMACEP_12396	CDS	105				hypothetical protein
BEAMACEP_12397	CDS	93				hypothetical protein
BEAMACEP_12398	CDS	93				hypothetical protein
BEAMACEP_12399	CDS	93				hypothetical protein
BEAMACEP_12400	CDS	117				hypothetical protein
BEAMACEP_12401	CDS	108				hypothetical protein
BEAMACEP_12402	CDS	93				hypothetical protein
BEAMACEP_12403	CDS	93				hypothetical protein
BEAMACEP_12404	CDS	147				hypothetical protein
BEAMACEP_12405	CDS	102				hypothetical protein
BEAMACEP_12406	CDS	135				hypothetical protein
BEAMACEP_12407	CDS	135				hypothetical protein
BEAMACEP_12408	CDS	93				hypothetical protein
BEAMACEP_12409	CDS	132				hypothetical protein
BEAMACEP_12410	CDS	93				hypothetical protein
BEAMACEP_12411	CDS	93				hypothetical protein
BEAMACEP_12412	CDS	132				hypothetical protein
BEAMACEP_12413	CDS	102				hypothetical protein
BEAMACEP_12414	CDS	93				hypothetical protein
BEAMACEP_12415	CDS	132				hypothetical protein
BEAMACEP_12416	CDS	117				hypothetical protein
BEAMACEP_12417	CDS	132				hypothetical protein
BEAMACEP_12418	CDS	93				hypothetical protein
BEAMACEP_12419	CDS	90				hypothetical protein
BEAMACEP_12420	CDS	93				hypothetical protein
BEAMACEP_12421	CDS	102				hypothetical protein
BEAMACEP_12422	CDS	117				hypothetical protein
BEAMACEP_12423	CDS	93				hypothetical protein
BEAMACEP_12424	CDS	138				hypothetical protein
BEAMACEP_12425	CDS	93				hypothetical protein
BEAMACEP_12426	CDS	102				hypothetical protein
BEAMACEP_12427	CDS	120				hypothetical protein
BEAMACEP_12428	CDS	96				hypothetical protein
BEAMACEP_12429	CDS	147				hypothetical protein
BEAMACEP_12430	CDS	150				hypothetical protein
BEAMACEP_12431	CDS	117				hypothetical protein
BEAMACEP_12432	CDS	117				hypothetical protein
BEAMACEP_12433	CDS	129				hypothetical protein
BEAMACEP_12434	CDS	93				hypothetical protein
BEAMACEP_12435	CDS	123				hypothetical protein
BEAMACEP_12436	CDS	93				hypothetical protein
BEAMACEP_12437	CDS	114				hypothetical protein
BEAMACEP_12438	CDS	93				hypothetical protein
BEAMACEP_12439	CDS	93				hypothetical protein
BEAMACEP_12440	CDS	129				hypothetical protein
BEAMACEP_12441	CDS	132				hypothetical protein
BEAMACEP_12442	CDS	129				hypothetical protein
BEAMACEP_12443	CDS	93				hypothetical protein
BEAMACEP_12444	CDS	138				hypothetical protein
BEAMACEP_12445	CDS	126				hypothetical protein
BEAMACEP_12446	CDS	117				hypothetical protein
BEAMACEP_12447	CDS	93				hypothetical protein
BEAMACEP_12448	CDS	120				hypothetical protein
BEAMACEP_12449	CDS	93				hypothetical protein
BEAMACEP_12450	CDS	96				hypothetical protein
BEAMACEP_12451	CDS	117				hypothetical protein
BEAMACEP_12452	CDS	93				hypothetical protein
BEAMACEP_12453	CDS	114				hypothetical protein
BEAMACEP_12454	CDS	132				hypothetical protein
BEAMACEP_12455	CDS	93				hypothetical protein
BEAMACEP_12456	CDS	117				hypothetical protein
BEAMACEP_12457	CDS	120				hypothetical protein
BEAMACEP_12458	CDS	93				hypothetical protein
BEAMACEP_12459	CDS	126				hypothetical protein
BEAMACEP_12460	CDS	93				hypothetical protein
BEAMACEP_12461	CDS	93				hypothetical protein
BEAMACEP_12462	CDS	93				hypothetical protein
BEAMACEP_12463	CDS	138				hypothetical protein
BEAMACEP_12464	CDS	96				hypothetical protein
BEAMACEP_12465	CDS	99				hypothetical protein
BEAMACEP_12466	CDS	93				hypothetical protein
BEAMACEP_12467	CDS	93				hypothetical protein
BEAMACEP_12468	CDS	93				hypothetical protein
BEAMACEP_12469	CDS	105				hypothetical protein
BEAMACEP_12470	CDS	225				hypothetical protein
BEAMACEP_12471	CDS	117				hypothetical protein
BEAMACEP_12472	CDS	93				hypothetical protein
BEAMACEP_12473	CDS	93				hypothetical protein
BEAMACEP_12474	CDS	93				hypothetical protein
BEAMACEP_12475	CDS	135				hypothetical protein
BEAMACEP_12476	CDS	96				hypothetical protein
BEAMACEP_12477	CDS	117				hypothetical protein
BEAMACEP_12478	CDS	135				hypothetical protein
BEAMACEP_12479	CDS	108				hypothetical protein
BEAMACEP_12480	CDS	93				hypothetical protein
BEAMACEP_12481	CDS	93				hypothetical protein
BEAMACEP_12482	CDS	138				hypothetical protein
BEAMACEP_12483	CDS	210				hypothetical protein
BEAMACEP_12484	CDS	114				hypothetical protein
BEAMACEP_12485	CDS	93				hypothetical protein
BEAMACEP_12486	CDS	93				hypothetical protein
BEAMACEP_12487	CDS	234				hypothetical protein
BEAMACEP_12488	CDS	93				hypothetical protein
BEAMACEP_12489	CDS	93				hypothetical protein
BEAMACEP_12490	CDS	138				hypothetical protein
BEAMACEP_12491	CDS	147				hypothetical protein
BEAMACEP_12492	CDS	159				hypothetical protein
BEAMACEP_12493	CDS	93				hypothetical protein
BEAMACEP_12494	CDS	120				hypothetical protein
BEAMACEP_12495	CDS	93				hypothetical protein
BEAMACEP_12496	CDS	120				hypothetical protein
BEAMACEP_12497	CDS	102				hypothetical protein
BEAMACEP_12498	CDS	93				hypothetical protein
BEAMACEP_12499	CDS	132				hypothetical protein
BEAMACEP_12500	CDS	138				hypothetical protein
BEAMACEP_12501	CDS	93				hypothetical protein
BEAMACEP_12502	CDS	126				hypothetical protein
BEAMACEP_12503	CDS	93				hypothetical protein
BEAMACEP_12504	CDS	120				hypothetical protein
BEAMACEP_12505	CDS	93				hypothetical protein
BEAMACEP_12506	CDS	135				hypothetical protein
BEAMACEP_12507	CDS	120				hypothetical protein
BEAMACEP_12508	CDS	93				hypothetical protein
BEAMACEP_12509	CDS	96				hypothetical protein
BEAMACEP_12510	CDS	93				hypothetical protein
BEAMACEP_12511	CDS	93				hypothetical protein
BEAMACEP_12512	CDS	204				hypothetical protein
BEAMACEP_12513	CDS	132				hypothetical protein
BEAMACEP_12514	CDS	135				hypothetical protein
BEAMACEP_12515	CDS	96				hypothetical protein
BEAMACEP_12516	CDS	234				hypothetical protein
BEAMACEP_12517	CDS	132				hypothetical protein
BEAMACEP_12518	CDS	138				hypothetical protein
BEAMACEP_12519	CDS	138				hypothetical protein
BEAMACEP_12520	CDS	117				hypothetical protein
BEAMACEP_12521	CDS	120				hypothetical protein
BEAMACEP_12522	CDS	117				hypothetical protein
BEAMACEP_12523	CDS	99				hypothetical protein
BEAMACEP_12524	CDS	126				hypothetical protein
BEAMACEP_12525	CDS	159				hypothetical protein
BEAMACEP_12526	CDS	102				hypothetical protein
BEAMACEP_12527	CDS	132				hypothetical protein
BEAMACEP_12528	CDS	117				hypothetical protein
BEAMACEP_12529	CDS	138				hypothetical protein
BEAMACEP_12530	CDS	201				hypothetical protein
BEAMACEP_12531	CDS	129				hypothetical protein
BEAMACEP_12532	CDS	93				hypothetical protein
BEAMACEP_12533	CDS	138				hypothetical protein
BEAMACEP_12534	CDS	117				hypothetical protein
BEAMACEP_12535	CDS	138				hypothetical protein
BEAMACEP_12536	CDS	138				hypothetical protein
BEAMACEP_12537	CDS	129				hypothetical protein
BEAMACEP_12538	CDS	117				hypothetical protein
BEAMACEP_12539	CDS	93				hypothetical protein
BEAMACEP_12540	CDS	117				hypothetical protein
BEAMACEP_12541	CDS	117				hypothetical protein
BEAMACEP_12542	CDS	93				hypothetical protein
BEAMACEP_12543	CDS	93				hypothetical protein
BEAMACEP_12544	CDS	93				hypothetical protein
BEAMACEP_12545	CDS	138				hypothetical protein
BEAMACEP_12546	CDS	93				hypothetical protein
BEAMACEP_12547	CDS	129				hypothetical protein
BEAMACEP_12548	CDS	117				hypothetical protein
BEAMACEP_12549	CDS	138				hypothetical protein
BEAMACEP_12550	CDS	120				hypothetical protein
BEAMACEP_12551	CDS	147				hypothetical protein
BEAMACEP_12552	CDS	93				hypothetical protein
BEAMACEP_12553	CDS	138				hypothetical protein
BEAMACEP_12554	CDS	138				hypothetical protein
BEAMACEP_12555	CDS	93				hypothetical protein
BEAMACEP_12556	CDS	96				hypothetical protein
BEAMACEP_12557	CDS	120				hypothetical protein
BEAMACEP_12558	CDS	108				hypothetical protein
BEAMACEP_12559	CDS	93				hypothetical protein
BEAMACEP_12560	CDS	147				hypothetical protein
BEAMACEP_12561	CDS	93				hypothetical protein
BEAMACEP_12562	CDS	216				hypothetical protein
BEAMACEP_12563	CDS	93				hypothetical protein
BEAMACEP_12564	CDS	138				hypothetical protein
BEAMACEP_12565	CDS	102				hypothetical protein
BEAMACEP_12566	CDS	93				hypothetical protein
BEAMACEP_12567	CDS	108				hypothetical protein
BEAMACEP_12568	CDS	123				hypothetical protein
BEAMACEP_12569	CDS	114				hypothetical protein
BEAMACEP_12570	CDS	93				hypothetical protein
BEAMACEP_12571	CDS	129				hypothetical protein
BEAMACEP_12572	CDS	102				hypothetical protein
BEAMACEP_12573	CDS	129				hypothetical protein
BEAMACEP_12574	CDS	93				hypothetical protein
BEAMACEP_12575	CDS	135				hypothetical protein
BEAMACEP_12576	CDS	111				hypothetical protein
BEAMACEP_12577	CDS	102				hypothetical protein
BEAMACEP_12578	CDS	114				hypothetical protein
BEAMACEP_12579	CDS	138				hypothetical protein
BEAMACEP_12580	CDS	93				hypothetical protein
BEAMACEP_12581	CDS	138				hypothetical protein
BEAMACEP_12582	CDS	102				hypothetical protein
BEAMACEP_12583	CDS	138				hypothetical protein
BEAMACEP_12584	CDS	126				hypothetical protein
BEAMACEP_12585	CDS	141				hypothetical protein
BEAMACEP_12586	CDS	129				hypothetical protein
BEAMACEP_12587	CDS	117				hypothetical protein
BEAMACEP_12588	CDS	123				hypothetical protein
BEAMACEP_12589	CDS	96				hypothetical protein
BEAMACEP_12590	CDS	108				hypothetical protein
BEAMACEP_12591	CDS	120				hypothetical protein
BEAMACEP_12592	CDS	93				hypothetical protein
BEAMACEP_12593	CDS	96				hypothetical protein
BEAMACEP_12594	CDS	150				hypothetical protein
BEAMACEP_12595	CDS	93				hypothetical protein
BEAMACEP_12596	CDS	102				hypothetical protein
BEAMACEP_12597	CDS	108				hypothetical protein
BEAMACEP_12598	CDS	180				hypothetical protein
BEAMACEP_12599	CDS	93				hypothetical protein
BEAMACEP_12600	CDS	105				hypothetical protein
BEAMACEP_12601	CDS	135				hypothetical protein
BEAMACEP_12602	CDS	135				hypothetical protein
BEAMACEP_12603	CDS	99				hypothetical protein
BEAMACEP_12604	CDS	120				hypothetical protein
BEAMACEP_12605	CDS	159				hypothetical protein
BEAMACEP_12606	CDS	108				hypothetical protein
BEAMACEP_12607	CDS	102				hypothetical protein
BEAMACEP_12608	CDS	96				hypothetical protein
BEAMACEP_12609	CDS	93				hypothetical protein
BEAMACEP_12610	CDS	132				hypothetical protein
BEAMACEP_12611	CDS	93				hypothetical protein
BEAMACEP_12612	CDS	93				hypothetical protein
BEAMACEP_12613	CDS	117				hypothetical protein
BEAMACEP_12614	CDS	93				hypothetical protein
BEAMACEP_12615	CDS	120				hypothetical protein
BEAMACEP_12616	CDS	93				hypothetical protein
BEAMACEP_12617	CDS	135				hypothetical protein
BEAMACEP_12618	CDS	138				hypothetical protein
BEAMACEP_12619	CDS	93				hypothetical protein
BEAMACEP_12620	CDS	132				hypothetical protein
BEAMACEP_12621	CDS	117				hypothetical protein
BEAMACEP_12622	CDS	117				hypothetical protein
BEAMACEP_12623	CDS	147				hypothetical protein
BEAMACEP_12624	CDS	129				hypothetical protein
BEAMACEP_12625	CDS	138				hypothetical protein
BEAMACEP_12626	CDS	117				hypothetical protein
BEAMACEP_12627	CDS	201				hypothetical protein
BEAMACEP_12628	CDS	117				hypothetical protein
BEAMACEP_12629	CDS	132				hypothetical protein
BEAMACEP_12630	CDS	123				hypothetical protein
BEAMACEP_12631	CDS	102				hypothetical protein
BEAMACEP_12632	CDS	129				hypothetical protein
BEAMACEP_12633	CDS	129				hypothetical protein
BEAMACEP_12634	CDS	120				hypothetical protein
BEAMACEP_12635	CDS	96				hypothetical protein
BEAMACEP_12636	CDS	138				hypothetical protein
BEAMACEP_12637	CDS	132				hypothetical protein
BEAMACEP_12638	CDS	120				hypothetical protein
BEAMACEP_12639	CDS	117				hypothetical protein
BEAMACEP_12640	CDS	93				hypothetical protein
BEAMACEP_12641	CDS	93				hypothetical protein
BEAMACEP_12642	CDS	93				hypothetical protein
BEAMACEP_12643	CDS	147				hypothetical protein
BEAMACEP_12644	CDS	96				hypothetical protein
BEAMACEP_12645	CDS	96				hypothetical protein
BEAMACEP_12646	CDS	132				hypothetical protein
BEAMACEP_12647	CDS	93				hypothetical protein
BEAMACEP_12648	CDS	93				hypothetical protein
BEAMACEP_12649	CDS	138				hypothetical protein
BEAMACEP_12650	CDS	147				hypothetical protein
BEAMACEP_12651	CDS	138				hypothetical protein
BEAMACEP_12652	CDS	114				hypothetical protein
BEAMACEP_12653	CDS	93				hypothetical protein
BEAMACEP_12654	CDS	138				hypothetical protein
BEAMACEP_12655	CDS	126				hypothetical protein
BEAMACEP_12656	CDS	96				hypothetical protein
BEAMACEP_12657	CDS	120				hypothetical protein
BEAMACEP_12658	CDS	159				hypothetical protein
BEAMACEP_12659	CDS	93				hypothetical protein
BEAMACEP_12660	CDS	138				hypothetical protein
BEAMACEP_12661	CDS	96				hypothetical protein
BEAMACEP_12662	CDS	126				hypothetical protein
BEAMACEP_12663	CDS	132				hypothetical protein
BEAMACEP_12664	CDS	96				hypothetical protein
BEAMACEP_12665	CDS	90				hypothetical protein
BEAMACEP_12666	CDS	129				hypothetical protein
BEAMACEP_12667	CDS	105				hypothetical protein
BEAMACEP_12668	CDS	147				hypothetical protein
BEAMACEP_12669	CDS	147				hypothetical protein
BEAMACEP_12670	CDS	138				hypothetical protein
BEAMACEP_12671	CDS	108				hypothetical protein
BEAMACEP_12672	CDS	216				hypothetical protein
BEAMACEP_12673	CDS	96				hypothetical protein
BEAMACEP_12674	CDS	138				hypothetical protein
BEAMACEP_12675	CDS	105				hypothetical protein
BEAMACEP_12676	CDS	93				hypothetical protein
BEAMACEP_12677	CDS	93				hypothetical protein
BEAMACEP_12678	CDS	186				hypothetical protein
BEAMACEP_12679	CDS	150				hypothetical protein
BEAMACEP_12680	CDS	96				hypothetical protein
BEAMACEP_12681	CDS	117				hypothetical protein
BEAMACEP_12682	CDS	117				hypothetical protein
BEAMACEP_12683	CDS	93				hypothetical protein
BEAMACEP_12684	CDS	96				hypothetical protein
BEAMACEP_12685	CDS	93				hypothetical protein
BEAMACEP_12686	CDS	138				hypothetical protein
BEAMACEP_12687	CDS	192				hypothetical protein
BEAMACEP_12688	CDS	138				hypothetical protein
BEAMACEP_12689	CDS	93				hypothetical protein
BEAMACEP_12690	CDS	159				hypothetical protein
BEAMACEP_12691	CDS	93				hypothetical protein
BEAMACEP_12692	CDS	138				hypothetical protein
BEAMACEP_12693	CDS	138				hypothetical protein
BEAMACEP_12694	CDS	96				hypothetical protein
BEAMACEP_12695	CDS	117				hypothetical protein
BEAMACEP_12696	CDS	117				hypothetical protein
BEAMACEP_12697	CDS	93				hypothetical protein
BEAMACEP_12698	CDS	132				hypothetical protein
BEAMACEP_12699	CDS	138				hypothetical protein
BEAMACEP_12700	CDS	93				hypothetical protein
BEAMACEP_12701	CDS	129				hypothetical protein
BEAMACEP_12702	CDS	93				hypothetical protein
BEAMACEP_12703	CDS	117				hypothetical protein
BEAMACEP_12704	CDS	234				hypothetical protein
BEAMACEP_12705	CDS	105				hypothetical protein
BEAMACEP_12706	CDS	93				hypothetical protein
BEAMACEP_12707	CDS	96				hypothetical protein
BEAMACEP_12708	CDS	93				hypothetical protein
BEAMACEP_12709	CDS	93				hypothetical protein
BEAMACEP_12710	CDS	93				hypothetical protein
BEAMACEP_12711	CDS	93				hypothetical protein
BEAMACEP_12712	CDS	93				hypothetical protein
BEAMACEP_12713	CDS	204				hypothetical protein
BEAMACEP_12714	CDS	93				hypothetical protein
BEAMACEP_12715	CDS	93				hypothetical protein
BEAMACEP_12716	CDS	117				hypothetical protein
BEAMACEP_12717	CDS	123				hypothetical protein
BEAMACEP_12718	CDS	132				hypothetical protein
BEAMACEP_12719	CDS	114				hypothetical protein
BEAMACEP_12720	CDS	126				hypothetical protein
BEAMACEP_12721	CDS	93				hypothetical protein
BEAMACEP_12722	CDS	138				hypothetical protein
BEAMACEP_12723	CDS	132				hypothetical protein
BEAMACEP_12724	CDS	93				hypothetical protein
BEAMACEP_12725	CDS	93				hypothetical protein
BEAMACEP_12726	CDS	132				hypothetical protein
BEAMACEP_12727	CDS	93				hypothetical protein
BEAMACEP_12728	CDS	96				hypothetical protein
BEAMACEP_12729	CDS	138				hypothetical protein
BEAMACEP_12730	CDS	111				hypothetical protein
BEAMACEP_12731	CDS	138				hypothetical protein
BEAMACEP_12732	CDS	114				hypothetical protein
BEAMACEP_12733	CDS	93				hypothetical protein
BEAMACEP_12734	CDS	90				hypothetical protein
BEAMACEP_12735	CDS	96				hypothetical protein
BEAMACEP_12736	CDS	114				hypothetical protein
BEAMACEP_12737	CDS	117				hypothetical protein
BEAMACEP_12738	CDS	93				hypothetical protein
BEAMACEP_12739	CDS	135				hypothetical protein
BEAMACEP_12740	CDS	93				hypothetical protein
BEAMACEP_12741	CDS	123				hypothetical protein
BEAMACEP_12742	CDS	90				hypothetical protein
BEAMACEP_12743	CDS	108				hypothetical protein
BEAMACEP_12744	CDS	93				hypothetical protein
BEAMACEP_12745	CDS	93				hypothetical protein
BEAMACEP_12746	CDS	90				hypothetical protein
BEAMACEP_12747	CDS	120				hypothetical protein
BEAMACEP_12748	CDS	93				hypothetical protein
BEAMACEP_12749	CDS	93				hypothetical protein
BEAMACEP_12750	CDS	93				hypothetical protein
BEAMACEP_12751	CDS	120				hypothetical protein
BEAMACEP_12752	CDS	99				hypothetical protein
BEAMACEP_12753	CDS	114				hypothetical protein
BEAMACEP_12754	CDS	105				hypothetical protein
BEAMACEP_12755	CDS	93				hypothetical protein
BEAMACEP_12756	CDS	147				hypothetical protein
BEAMACEP_12757	CDS	93				hypothetical protein
BEAMACEP_12758	CDS	204				hypothetical protein
BEAMACEP_12759	CDS	93				hypothetical protein
BEAMACEP_12760	CDS	126				hypothetical protein
BEAMACEP_12761	CDS	132				hypothetical protein
BEAMACEP_12762	CDS	138				hypothetical protein
BEAMACEP_12763	CDS	93				hypothetical protein
BEAMACEP_12764	CDS	135				hypothetical protein
BEAMACEP_12765	CDS	192				hypothetical protein
BEAMACEP_12766	CDS	93				hypothetical protein
BEAMACEP_12767	CDS	96				hypothetical protein
BEAMACEP_12768	CDS	117				hypothetical protein
BEAMACEP_12769	CDS	138				hypothetical protein
BEAMACEP_12770	CDS	93				hypothetical protein
BEAMACEP_12771	CDS	93				hypothetical protein
BEAMACEP_12772	CDS	117				hypothetical protein
BEAMACEP_12773	CDS	138				hypothetical protein
BEAMACEP_12774	CDS	138				hypothetical protein
BEAMACEP_12775	CDS	135				hypothetical protein
BEAMACEP_12776	CDS	114				hypothetical protein
BEAMACEP_12777	CDS	117				hypothetical protein
BEAMACEP_12778	CDS	132				hypothetical protein
BEAMACEP_12779	CDS	93				hypothetical protein
BEAMACEP_12780	CDS	195				hypothetical protein
BEAMACEP_12781	CDS	93				hypothetical protein
BEAMACEP_12782	CDS	138				hypothetical protein
BEAMACEP_12783	CDS	138				hypothetical protein
BEAMACEP_12784	CDS	102				hypothetical protein
BEAMACEP_12785	CDS	216				hypothetical protein
BEAMACEP_12786	CDS	114				hypothetical protein
BEAMACEP_12787	CDS	114				hypothetical protein
BEAMACEP_12788	CDS	93				hypothetical protein
BEAMACEP_12789	CDS	93				hypothetical protein
BEAMACEP_12790	CDS	147				hypothetical protein
BEAMACEP_12791	CDS	129				hypothetical protein
BEAMACEP_12792	CDS	135				hypothetical protein
BEAMACEP_12793	CDS	117				hypothetical protein
BEAMACEP_12794	CDS	93				hypothetical protein
BEAMACEP_12795	CDS	93				hypothetical protein
BEAMACEP_12796	CDS	120				hypothetical protein
BEAMACEP_12797	CDS	93				hypothetical protein
BEAMACEP_12798	CDS	129				hypothetical protein
BEAMACEP_12799	CDS	138				hypothetical protein
BEAMACEP_12800	CDS	93				hypothetical protein
BEAMACEP_12801	CDS	129				hypothetical protein
BEAMACEP_12802	CDS	90				hypothetical protein
BEAMACEP_12803	CDS	93				hypothetical protein
BEAMACEP_12804	CDS	93				hypothetical protein
BEAMACEP_12805	CDS	117				hypothetical protein
BEAMACEP_12806	CDS	117				hypothetical protein
BEAMACEP_12807	CDS	102				hypothetical protein
BEAMACEP_12808	CDS	93				hypothetical protein
BEAMACEP_12809	CDS	96				hypothetical protein
BEAMACEP_12810	CDS	138				hypothetical protein
BEAMACEP_12811	CDS	93				hypothetical protein
BEAMACEP_12812	CDS	120				hypothetical protein
BEAMACEP_12813	CDS	147				hypothetical protein
BEAMACEP_12814	CDS	180				hypothetical protein
BEAMACEP_12815	CDS	114				hypothetical protein
BEAMACEP_12816	CDS	138				hypothetical protein
BEAMACEP_12817	CDS	117				hypothetical protein
BEAMACEP_12818	CDS	102				hypothetical protein
BEAMACEP_12819	CDS	93				hypothetical protein
BEAMACEP_12820	CDS	93				hypothetical protein
BEAMACEP_12821	CDS	129				hypothetical protein
BEAMACEP_12822	CDS	153				hypothetical protein
BEAMACEP_12823	CDS	93				hypothetical protein
BEAMACEP_12824	CDS	138				hypothetical protein
BEAMACEP_12825	CDS	129				hypothetical protein
BEAMACEP_12826	CDS	114				hypothetical protein
BEAMACEP_12827	CDS	93				hypothetical protein
BEAMACEP_12828	CDS	117				hypothetical protein
BEAMACEP_12829	CDS	93				hypothetical protein
BEAMACEP_12830	CDS	129				hypothetical protein
BEAMACEP_12831	CDS	111				hypothetical protein
BEAMACEP_12832	CDS	96				hypothetical protein
BEAMACEP_12833	CDS	96				hypothetical protein
BEAMACEP_12834	CDS	96				hypothetical protein
BEAMACEP_12835	CDS	195				hypothetical protein
BEAMACEP_12836	CDS	93				hypothetical protein
BEAMACEP_12837	CDS	126				hypothetical protein
BEAMACEP_12838	CDS	93				hypothetical protein
BEAMACEP_12839	CDS	96				hypothetical protein
BEAMACEP_12840	CDS	102				hypothetical protein
BEAMACEP_12841	CDS	129				hypothetical protein
BEAMACEP_12842	CDS	93				hypothetical protein
BEAMACEP_12843	CDS	213				hypothetical protein
BEAMACEP_12844	CDS	93				hypothetical protein
BEAMACEP_12845	CDS	138				hypothetical protein
BEAMACEP_12846	CDS	138				hypothetical protein
BEAMACEP_12847	CDS	126				hypothetical protein
BEAMACEP_12848	CDS	138				hypothetical protein
BEAMACEP_12849	CDS	138				hypothetical protein
BEAMACEP_12850	CDS	129				hypothetical protein
BEAMACEP_12851	CDS	129				hypothetical protein
BEAMACEP_12852	CDS	147				hypothetical protein
BEAMACEP_12853	CDS	120				hypothetical protein
BEAMACEP_12854	CDS	93				hypothetical protein
BEAMACEP_12855	CDS	93				hypothetical protein
BEAMACEP_12856	CDS	138				hypothetical protein
BEAMACEP_12857	CDS	93				hypothetical protein
BEAMACEP_12858	CDS	129				hypothetical protein
BEAMACEP_12859	CDS	120				hypothetical protein
BEAMACEP_12860	CDS	105				hypothetical protein
BEAMACEP_12861	CDS	99				hypothetical protein
BEAMACEP_12862	CDS	138				hypothetical protein
BEAMACEP_12863	CDS	126				hypothetical protein
BEAMACEP_12864	CDS	93				hypothetical protein
BEAMACEP_12865	CDS	138				hypothetical protein
BEAMACEP_12866	CDS	93				hypothetical protein
BEAMACEP_12867	CDS	147				hypothetical protein
BEAMACEP_12868	CDS	108				hypothetical protein
BEAMACEP_12869	CDS	171				hypothetical protein
BEAMACEP_12870	CDS	93				hypothetical protein
BEAMACEP_12871	CDS	93				hypothetical protein
BEAMACEP_12872	CDS	93				hypothetical protein
BEAMACEP_12873	CDS	120				hypothetical protein
BEAMACEP_12874	CDS	93				hypothetical protein
BEAMACEP_12875	CDS	138				hypothetical protein
BEAMACEP_12876	CDS	93				hypothetical protein
BEAMACEP_12877	CDS	117				hypothetical protein
BEAMACEP_12878	CDS	93				hypothetical protein
BEAMACEP_12879	CDS	114				hypothetical protein
BEAMACEP_12880	CDS	138				hypothetical protein
BEAMACEP_12881	CDS	129				hypothetical protein
BEAMACEP_12882	CDS	93				hypothetical protein
BEAMACEP_12883	CDS	93				hypothetical protein
BEAMACEP_12884	CDS	111				hypothetical protein
BEAMACEP_12885	CDS	93				hypothetical protein
BEAMACEP_12886	CDS	147				hypothetical protein
BEAMACEP_12887	CDS	138				hypothetical protein
BEAMACEP_12888	CDS	93				hypothetical protein
BEAMACEP_12889	CDS	138				hypothetical protein
BEAMACEP_12890	CDS	96				hypothetical protein
BEAMACEP_12891	CDS	105				hypothetical protein
BEAMACEP_12892	CDS	93				hypothetical protein
BEAMACEP_12893	CDS	132				hypothetical protein
BEAMACEP_12894	CDS	114				hypothetical protein
BEAMACEP_12895	CDS	132				hypothetical protein
BEAMACEP_12896	CDS	96				hypothetical protein
BEAMACEP_12897	CDS	180				hypothetical protein
BEAMACEP_12898	CDS	93				hypothetical protein
BEAMACEP_12899	CDS	93				hypothetical protein
BEAMACEP_12900	CDS	93				hypothetical protein
BEAMACEP_12901	CDS	234				hypothetical protein
BEAMACEP_12902	CDS	93				hypothetical protein
BEAMACEP_12903	CDS	117				hypothetical protein
BEAMACEP_12904	CDS	102				hypothetical protein
BEAMACEP_12905	CDS	90				hypothetical protein
BEAMACEP_12906	CDS	135				hypothetical protein
BEAMACEP_12907	CDS	90				hypothetical protein
BEAMACEP_12908	CDS	132				hypothetical protein
BEAMACEP_12909	CDS	114				hypothetical protein
BEAMACEP_12910	CDS	93				hypothetical protein
BEAMACEP_12911	CDS	93				hypothetical protein
BEAMACEP_12912	CDS	111				hypothetical protein
BEAMACEP_12913	CDS	93				hypothetical protein
BEAMACEP_12914	CDS	180				hypothetical protein
BEAMACEP_12915	CDS	93				hypothetical protein
BEAMACEP_12916	CDS	96				hypothetical protein
BEAMACEP_12917	CDS	105				hypothetical protein
BEAMACEP_12918	CDS	93				hypothetical protein
BEAMACEP_12919	CDS	99				hypothetical protein
BEAMACEP_12920	CDS	108				hypothetical protein
BEAMACEP_12921	CDS	93				hypothetical protein
BEAMACEP_12922	CDS	93				hypothetical protein
BEAMACEP_12923	CDS	93				hypothetical protein
BEAMACEP_12924	CDS	93				hypothetical protein
BEAMACEP_12925	CDS	138				hypothetical protein
BEAMACEP_12926	CDS	129				hypothetical protein
BEAMACEP_12927	CDS	93				hypothetical protein
BEAMACEP_12928	CDS	138				hypothetical protein
BEAMACEP_12929	CDS	123				hypothetical protein
BEAMACEP_12930	CDS	93				hypothetical protein
BEAMACEP_12931	CDS	96				hypothetical protein
BEAMACEP_12932	CDS	96				hypothetical protein
BEAMACEP_12933	CDS	93				hypothetical protein
BEAMACEP_12934	CDS	216				hypothetical protein
BEAMACEP_12935	CDS	114				hypothetical protein
BEAMACEP_12936	CDS	93				hypothetical protein
BEAMACEP_12937	CDS	93				hypothetical protein
BEAMACEP_12938	CDS	159				hypothetical protein
BEAMACEP_12939	CDS	93				hypothetical protein
BEAMACEP_12940	CDS	117				hypothetical protein
BEAMACEP_12941	CDS	126				hypothetical protein
BEAMACEP_12942	CDS	105				hypothetical protein
BEAMACEP_12943	CDS	114				hypothetical protein
BEAMACEP_12944	CDS	117				hypothetical protein
BEAMACEP_12945	CDS	138				hypothetical protein
BEAMACEP_12946	CDS	93				hypothetical protein
BEAMACEP_12947	CDS	93				hypothetical protein
BEAMACEP_12948	CDS	93				hypothetical protein
BEAMACEP_12949	CDS	96				hypothetical protein
BEAMACEP_12950	CDS	117				hypothetical protein
BEAMACEP_12951	CDS	93				hypothetical protein
BEAMACEP_12952	CDS	117				hypothetical protein
BEAMACEP_12953	CDS	135				hypothetical protein
BEAMACEP_12954	CDS	129				hypothetical protein
BEAMACEP_12955	CDS	93				hypothetical protein
BEAMACEP_12956	CDS	96				hypothetical protein
BEAMACEP_12957	CDS	144				hypothetical protein
BEAMACEP_12958	CDS	108				hypothetical protein
BEAMACEP_12959	CDS	117				hypothetical protein
BEAMACEP_12960	CDS	93				hypothetical protein
BEAMACEP_12961	CDS	132				hypothetical protein
BEAMACEP_12962	CDS	93				hypothetical protein
BEAMACEP_12963	CDS	126				hypothetical protein
BEAMACEP_12964	CDS	120				hypothetical protein
BEAMACEP_12965	CDS	93				hypothetical protein
BEAMACEP_12966	CDS	129				hypothetical protein
BEAMACEP_12967	CDS	117				hypothetical protein
BEAMACEP_12968	CDS	147				hypothetical protein
BEAMACEP_12969	CDS	93				hypothetical protein
BEAMACEP_12970	CDS	108				hypothetical protein
BEAMACEP_12971	CDS	147				hypothetical protein
BEAMACEP_12972	CDS	120				hypothetical protein
BEAMACEP_12973	CDS	129				hypothetical protein
BEAMACEP_12974	CDS	120				hypothetical protein
BEAMACEP_12975	CDS	210				hypothetical protein
BEAMACEP_12976	CDS	96				hypothetical protein
BEAMACEP_12977	CDS	138				hypothetical protein
BEAMACEP_12978	CDS	126				hypothetical protein
BEAMACEP_12979	CDS	105				hypothetical protein
BEAMACEP_12980	CDS	147				hypothetical protein
BEAMACEP_12981	CDS	114				hypothetical protein
BEAMACEP_12982	CDS	93				hypothetical protein
BEAMACEP_12983	CDS	120				hypothetical protein
BEAMACEP_12984	CDS	93				hypothetical protein
BEAMACEP_12985	CDS	114				hypothetical protein
BEAMACEP_12986	CDS	93				hypothetical protein
BEAMACEP_12987	CDS	138				hypothetical protein
BEAMACEP_12988	CDS	93				hypothetical protein
BEAMACEP_12989	CDS	138				hypothetical protein
BEAMACEP_12990	CDS	93				hypothetical protein
BEAMACEP_12991	CDS	93				hypothetical protein
BEAMACEP_12992	CDS	138				hypothetical protein
BEAMACEP_12993	CDS	138				hypothetical protein
BEAMACEP_12994	CDS	108				hypothetical protein
BEAMACEP_12995	CDS	93				hypothetical protein
BEAMACEP_12996	CDS	93				hypothetical protein
BEAMACEP_12997	CDS	102				hypothetical protein
BEAMACEP_12998	CDS	93				hypothetical protein
BEAMACEP_12999	CDS	138				hypothetical protein
BEAMACEP_13000	CDS	96				hypothetical protein
BEAMACEP_13001	CDS	93				hypothetical protein
BEAMACEP_13002	CDS	120				hypothetical protein
BEAMACEP_13003	CDS	117				hypothetical protein
BEAMACEP_13004	CDS	93				hypothetical protein
BEAMACEP_13005	CDS	147				hypothetical protein
BEAMACEP_13006	CDS	120				hypothetical protein
BEAMACEP_13007	CDS	93				hypothetical protein
BEAMACEP_13008	CDS	120				hypothetical protein
BEAMACEP_13009	CDS	138				hypothetical protein
BEAMACEP_13010	CDS	96				hypothetical protein
BEAMACEP_13011	CDS	96				hypothetical protein
BEAMACEP_13012	CDS	120				hypothetical protein
BEAMACEP_13013	CDS	93				hypothetical protein
BEAMACEP_13014	CDS	93				hypothetical protein
BEAMACEP_13015	CDS	120				hypothetical protein
BEAMACEP_13016	CDS	93				hypothetical protein
BEAMACEP_13017	CDS	93				hypothetical protein
BEAMACEP_13018	CDS	96				hypothetical protein
BEAMACEP_13019	CDS	138				hypothetical protein
BEAMACEP_13020	CDS	204				hypothetical protein
BEAMACEP_13021	CDS	93				hypothetical protein
BEAMACEP_13022	CDS	138				hypothetical protein
BEAMACEP_13023	CDS	96				hypothetical protein
BEAMACEP_13024	CDS	93				hypothetical protein
BEAMACEP_13025	CDS	138				hypothetical protein
BEAMACEP_13026	CDS	135				hypothetical protein
BEAMACEP_13027	CDS	105				hypothetical protein
BEAMACEP_13028	CDS	108				hypothetical protein
BEAMACEP_13029	CDS	138				hypothetical protein
BEAMACEP_13030	CDS	93				hypothetical protein
BEAMACEP_13031	CDS	102				hypothetical protein
BEAMACEP_13032	CDS	93				hypothetical protein
BEAMACEP_13033	CDS	96				hypothetical protein
BEAMACEP_13034	CDS	120				hypothetical protein
BEAMACEP_13035	CDS	138				hypothetical protein
BEAMACEP_13036	CDS	102				hypothetical protein
BEAMACEP_13037	CDS	138				hypothetical protein
BEAMACEP_13038	CDS	114				hypothetical protein
BEAMACEP_13039	CDS	117				hypothetical protein
BEAMACEP_13040	CDS	123				hypothetical protein
BEAMACEP_13041	CDS	96				hypothetical protein
BEAMACEP_13042	CDS	96				hypothetical protein
BEAMACEP_13043	CDS	138				hypothetical protein
BEAMACEP_13044	CDS	90				hypothetical protein
BEAMACEP_13045	CDS	114				hypothetical protein
BEAMACEP_13046	CDS	123				hypothetical protein
BEAMACEP_13047	CDS	93				hypothetical protein
BEAMACEP_13048	CDS	93				hypothetical protein
BEAMACEP_13049	CDS	93				hypothetical protein
BEAMACEP_13050	CDS	99				hypothetical protein
BEAMACEP_13051	CDS	93				hypothetical protein
BEAMACEP_13052	CDS	147				hypothetical protein
BEAMACEP_13053	CDS	102				hypothetical protein
BEAMACEP_13054	CDS	93				hypothetical protein
BEAMACEP_13055	CDS	147				hypothetical protein
BEAMACEP_13056	CDS	132				hypothetical protein
BEAMACEP_13057	CDS	129				hypothetical protein
BEAMACEP_13058	CDS	96				hypothetical protein
BEAMACEP_13059	CDS	96				hypothetical protein
BEAMACEP_13060	CDS	129				hypothetical protein
BEAMACEP_13061	CDS	117				hypothetical protein
BEAMACEP_13062	CDS	93				hypothetical protein
BEAMACEP_13063	CDS	129				hypothetical protein
BEAMACEP_13064	CDS	117				hypothetical protein
BEAMACEP_13065	CDS	99				hypothetical protein
BEAMACEP_13066	CDS	93				hypothetical protein
BEAMACEP_13067	CDS	129				hypothetical protein
BEAMACEP_13068	CDS	120				hypothetical protein
BEAMACEP_13069	CDS	132				hypothetical protein
BEAMACEP_13070	CDS	126				hypothetical protein
BEAMACEP_13071	CDS	93				hypothetical protein
BEAMACEP_13072	CDS	195				hypothetical protein
BEAMACEP_13073	CDS	135				hypothetical protein
BEAMACEP_13074	CDS	96				hypothetical protein
